; llama-cad-eda print farm batch
; printer: printer-A
; jobs: 1
;FARM_JOB:job2 ;FARM_NAME:gear ;FARM_QTY:2
; generated by llama-cad-eda slicer (Orca-style)
; printer: printer-A
; layers: 101 layer_height: 0.20 filament: 798.9 mm est_time: 475.0 s
M140 S60
M190 S60
M104 S210
M109 S210
G28 ; home all axes
T1 ; AMS/CFS slot (mapped)
;LAYER:2 ;Z:0.40
G1 Z0.40 F9000 ; move to layer
G92 E0 ; reset extruder at layer start
G0 X-10.000 Y-10.000 F9000 ; travel
G1 E+0.800 F3600 ; unretract
;perimeter
G1 X-9.600 Y-10.000 E0.8160 F3600
G1 X10.000 Y-10.000 E1.5982 F3600
G1 X10.000 Y-9.600 E1.6142 F3600
G1 X10.000 Y10.000 E2.3965 F3600
G1 X-9.600 Y10.000 E3.1788 F3600
G1 X-10.000 Y10.000 E3.1947 F3600
G1 X-10.000 Y-9.600 E3.9770 F3600
G1 E-0.800 F9000 ; retract
G0 X-9.520 Y-9.520 F9000 ; travel
G1 E+0.800 F3600 ; unretract
;perimeter
G1 X-9.600 Y-9.520 E3.9802 F3600
G1 X9.520 Y-9.520 E4.7433 F3600
G1 X9.520 Y-9.600 E4.7465 F3600
G1 X9.520 Y9.520 E5.5096 F3600
G1 X-9.600 Y9.520 E6.2728 F3600
G1 X-9.520 Y9.520 E6.2759 F3600
G1 X-9.520 Y-9.600 E7.0391 F3600
G1 E-0.800 F9000 ; retract
G0 X9.661 Y-10.000 F9000 ; travel
G1 E+0.800 F3600 ; unretract
;infill-solid
G1 X10.000 Y-9.661 E7.0582 F3600
G1 E-0.800 F9000 ; retract
G0 X8.982 Y-10.000 F9000 ; travel
G1 E+0.800 F3600 ; unretract
;infill-solid
G1 X10.000 Y-8.982 E7.1157 F3600
G1 E-0.800 F9000 ; retract
G0 X8.303 Y-10.000 F9000 ; travel
G1 E+0.800 F3600 ; unretract
;infill-solid
G1 X10.000 Y-8.303 E7.2115 F3600
G1 E-0.800 F9000 ; retract
G0 X7.624 Y-10.000 F9000 ; travel
G1 E+0.800 F3600 ; unretract
;infill-solid
G1 X10.000 Y-7.624 E7.3456 F3600
G1 E-0.800 F9000 ; retract
G0 X6.945 Y-10.000 F9000 ; travel
G1 E+0.800 F3600 ; unretract
;infill-solid
G1 X10.000 Y-6.945 E7.5180 F3600
G1 E-0.800 F9000 ; retract
G0 X6.266 Y-10.000 F9000 ; travel
G1 E+0.800 F3600 ; unretract
;infill-solid
G1 X10.000 Y-6.266 E7.7288 F3600
G1 E-0.800 F9000 ; retract
G0 X5.588 Y-10.000 F9000 ; travel
G1 E+0.800 F3600 ; unretract
;infill-solid
G1 X10.000 Y-5.588 E7.9778 F3600
G1 E-0.800 F9000 ; retract
G0 X4.909 Y-10.000 F9000 ; travel
G1 E+0.800 F3600 ; unretract
;infill-solid
G1 X10.000 Y-4.909 E8.2652 F3600
G1 E-0.800 F9000 ; retract
G0 X4.230 Y-10.000 F9000 ; travel
G1 E+0.800 F3600 ; unretract
;infill-solid
G1 X10.000 Y-4.230 E8.5909 F3600
G1 E-0.800 F9000 ; retract
G0 X3.551 Y-10.000 F9000 ; travel
G1 E+0.800 F3600 ; unretract
;infill-solid
G1 X10.000 Y-3.551 E8.9549 F3600
G1 E-0.800 F9000 ; retract
G0 X2.872 Y-10.000 F9000 ; travel
G1 E+0.800 F3600 ; unretract
;infill-solid
G1 X10.000 Y-2.872 E9.3572 F3600
G1 E-0.800 F9000 ; retract
G0 X2.194 Y-10.000 F9000 ; travel
G1 E+0.800 F3600 ; unretract
;infill-solid
G1 X10.000 Y-2.194 E9.7978 F3600
G1 E-0.800 F9000 ; retract
G0 X1.515 Y-10.000 F9000 ; travel
G1 E+0.800 F3600 ; unretract
;infill-solid
G1 X10.000 Y-1.515 E10.2767 F3600
G1 E-0.800 F9000 ; retract
G0 X0.836 Y-10.000 F9000 ; travel
G1 E+0.800 F3600 ; unretract
;infill-solid
G1 X10.000 Y-0.836 E10.7940 F3600
G1 E-0.800 F9000 ; retract
G0 X0.157 Y-10.000 F9000 ; travel
G1 E+0.800 F3600 ; unretract
;infill-solid
G1 X10.000 Y-0.157 E11.3496 F3600
G1 E-0.800 F9000 ; retract
G0 X-0.522 Y-10.000 F9000 ; travel
G1 E+0.800 F3600 ; unretract
;infill-solid
G1 X10.000 Y0.522 E11.9435 F3600
G1 E-0.800 F9000 ; retract
G0 X-1.201 Y-10.000 F9000 ; travel
G1 E+0.800 F3600 ; unretract
;infill-solid
G1 X10.000 Y1.201 E12.5757 F3600
G1 E-0.800 F9000 ; retract
G0 X-1.879 Y-10.000 F9000 ; travel
G1 E+0.800 F3600 ; unretract
;infill-solid
G1 X10.000 Y1.879 E13.2462 F3600
G1 E-0.800 F9000 ; retract
G0 X-2.558 Y-10.000 F9000 ; travel
G1 E+0.800 F3600 ; unretract
;infill-solid
G1 X10.000 Y2.558 E13.9550 F3600
G1 E-0.800 F9000 ; retract
G0 X-3.237 Y-10.000 F9000 ; travel
G1 E+0.800 F3600 ; unretract
;infill-solid
G1 X10.000 Y3.237 E14.7022 F3600
G1 E-0.800 F9000 ; retract
G0 X-3.916 Y-10.000 F9000 ; travel
G1 E+0.800 F3600 ; unretract
;infill-solid
G1 X10.000 Y3.916 E15.4877 F3600
G1 E-0.800 F9000 ; retract
G0 X-4.595 Y-10.000 F9000 ; travel
G1 E+0.800 F3600 ; unretract
;infill-solid
G1 X10.000 Y4.595 E16.3115 F3600
G1 E-0.800 F9000 ; retract
G0 X-5.273 Y-10.000 F9000 ; travel
G1 E+0.800 F3600 ; unretract
;infill-solid
G1 X10.000 Y5.273 E17.1736 F3600
G1 E-0.800 F9000 ; retract
G0 X-5.952 Y-10.000 F9000 ; travel
G1 E+0.800 F3600 ; unretract
;infill-solid
G1 X10.000 Y5.952 E18.0740 F3600
G1 E-0.800 F9000 ; retract
G0 X-6.631 Y-10.000 F9000 ; travel
G1 E+0.800 F3600 ; unretract
;infill-solid
G1 X10.000 Y6.631 E19.0127 F3600
G1 E-0.800 F9000 ; retract
G0 X-7.310 Y-10.000 F9000 ; travel
G1 E+0.800 F3600 ; unretract
;infill-solid
G1 X10.000 Y7.310 E19.9898 F3600
G1 E-0.800 F9000 ; retract
G0 X-7.989 Y-10.000 F9000 ; travel
G1 E+0.800 F3600 ; unretract
;infill-solid
G1 X10.000 Y7.989 E21.0051 F3600
G1 E-0.800 F9000 ; retract
G0 X-8.668 Y-10.000 F9000 ; travel
G1 E+0.800 F3600 ; unretract
;infill-solid
G1 X10.000 Y8.668 E22.0588 F3600
G1 E-0.800 F9000 ; retract
G0 X-9.346 Y-10.000 F9000 ; travel
G1 E+0.800 F3600 ; unretract
;infill-solid
G1 X10.000 Y9.346 E23.1508 F3600
G1 E-0.800 F9000 ; retract
G0 X-10.000 Y-9.975 F9000 ; travel
G1 E+0.800 F3600 ; unretract
;infill-solid
G1 X9.975 Y10.000 E24.2783 F3600
G1 E-0.800 F9000 ; retract
G0 X-10.000 Y-9.296 F9000 ; travel
G1 E+0.800 F3600 ; unretract
;infill-solid
G1 X9.296 Y10.000 E25.3674 F3600
G1 E-0.800 F9000 ; retract
G0 X-10.000 Y-8.617 F9000 ; travel
G1 E+0.800 F3600 ; unretract
;infill-solid
G1 X8.617 Y10.000 E26.4182 F3600
G1 E-0.800 F9000 ; retract
G0 X-10.000 Y-7.938 F9000 ; travel
G1 E+0.800 F3600 ; unretract
;infill-solid
G1 X7.938 Y10.000 E27.4308 F3600
G1 E-0.800 F9000 ; retract
G0 X-10.000 Y-7.259 F9000 ; travel
G1 E+0.800 F3600 ; unretract
;infill-solid
G1 X7.259 Y10.000 E28.4050 F3600
G1 E-0.800 F9000 ; retract
G0 X-10.000 Y-6.581 F9000 ; travel
G1 E+0.800 F3600 ; unretract
;infill-solid
G1 X6.581 Y10.000 E29.3408 F3600
G1 E-0.800 F9000 ; retract
G0 X-10.000 Y-5.902 F9000 ; travel
G1 E+0.800 F3600 ; unretract
;infill-solid
G1 X5.902 Y10.000 E30.2384 F3600
G1 E-0.800 F9000 ; retract
G0 X-10.000 Y-5.223 F9000 ; travel
G1 E+0.800 F3600 ; unretract
;infill-solid
G1 X5.223 Y10.000 E31.0977 F3600
G1 E-0.800 F9000 ; retract
G0 X-10.000 Y-4.544 F9000 ; travel
G1 E+0.800 F3600 ; unretract
;infill-solid
G1 X4.544 Y10.000 E31.9186 F3600
G1 E-0.800 F9000 ; retract
G0 X-10.000 Y-3.865 F9000 ; travel
G1 E+0.800 F3600 ; unretract
;infill-solid
G1 X3.865 Y10.000 E32.7012 F3600
G1 E-0.800 F9000 ; retract
G0 X-10.000 Y-3.187 F9000 ; travel
G1 E+0.800 F3600 ; unretract
;infill-solid
G1 X3.187 Y10.000 E33.4455 F3600
G1 E-0.800 F9000 ; retract
G0 X-10.000 Y-2.508 F9000 ; travel
G1 E+0.800 F3600 ; unretract
;infill-solid
G1 X2.508 Y10.000 E34.1515 F3600
G1 E-0.800 F9000 ; retract
G0 X-10.000 Y-1.829 F9000 ; travel
G1 E+0.800 F3600 ; unretract
;infill-solid
G1 X1.829 Y10.000 E34.8192 F3600
G1 E-0.800 F9000 ; retract
G0 X-10.000 Y-1.150 F9000 ; travel
G1 E+0.800 F3600 ; unretract
;infill-solid
G1 X1.150 Y10.000 E35.4485 F3600
G1 E-0.800 F9000 ; retract
G0 X-10.000 Y-0.471 F9000 ; travel
G1 E+0.800 F3600 ; unretract
;infill-solid
G1 X0.471 Y10.000 E36.0396 F3600
G1 E-0.800 F9000 ; retract
G0 X-10.000 Y0.208 F9000 ; travel
G1 E+0.800 F3600 ; unretract
;infill-solid
G1 X-0.208 Y10.000 E36.5923 F3600
G1 E-0.800 F9000 ; retract
G0 X-10.000 Y0.886 F9000 ; travel
G1 E+0.800 F3600 ; unretract
;infill-solid
G1 X-0.886 Y10.000 E37.1067 F3600
G1 E-0.800 F9000 ; retract
G0 X-10.000 Y1.565 F9000 ; travel
G1 E+0.800 F3600 ; unretract
;infill-solid
G1 X-1.565 Y10.000 E37.5828 F3600
G1 E-0.800 F9000 ; retract
G0 X-10.000 Y2.244 F9000 ; travel
G1 E+0.800 F3600 ; unretract
;infill-solid
G1 X-2.244 Y10.000 E38.0206 F3600
G1 E-0.800 F9000 ; retract
G0 X-10.000 Y2.923 F9000 ; travel
G1 E+0.800 F3600 ; unretract
;infill-solid
G1 X-2.923 Y10.000 E38.4200 F3600
G1 E-0.800 F9000 ; retract
G0 X-10.000 Y3.602 F9000 ; travel
G1 E+0.800 F3600 ; unretract
;infill-solid
G1 X-3.602 Y10.000 E38.7812 F3600
G1 E-0.800 F9000 ; retract
G0 X-10.000 Y4.281 F9000 ; travel
G1 E+0.800 F3600 ; unretract
;infill-solid
G1 X-4.281 Y10.000 E39.1040 F3600
G1 E-0.800 F9000 ; retract
G0 X-10.000 Y4.959 F9000 ; travel
G1 E+0.800 F3600 ; unretract
;infill-solid
G1 X-4.959 Y10.000 E39.3885 F3600
G1 E-0.800 F9000 ; retract
G0 X-10.000 Y5.638 F9000 ; travel
G1 E+0.800 F3600 ; unretract
;infill-solid
G1 X-5.638 Y10.000 E39.6347 F3600
G1 E-0.800 F9000 ; retract
G0 X-10.000 Y6.317 F9000 ; travel
G1 E+0.800 F3600 ; unretract
;infill-solid
G1 X-6.317 Y10.000 E39.8426 F3600
G1 E-0.800 F9000 ; retract
G0 X-10.000 Y6.996 F9000 ; travel
G1 E+0.800 F3600 ; unretract
;infill-solid
G1 X-6.996 Y10.000 E40.0122 F3600
G1 E-0.800 F9000 ; retract
G0 X-10.000 Y7.675 F9000 ; travel
G1 E+0.800 F3600 ; unretract
;infill-solid
G1 X-7.675 Y10.000 E40.1434 F3600
G1 E-0.800 F9000 ; retract
G0 X-10.000 Y8.353 F9000 ; travel
G1 E+0.800 F3600 ; unretract
;infill-solid
G1 X-8.353 Y10.000 E40.2364 F3600
G1 E-0.800 F9000 ; retract
G0 X-10.000 Y9.032 F9000 ; travel
G1 E+0.800 F3600 ; unretract
;infill-solid
G1 X-9.032 Y10.000 E40.2910 F3600
G1 E-0.800 F9000 ; retract
G0 X-10.000 Y9.711 F9000 ; travel
G1 E+0.800 F3600 ; unretract
;infill-solid
G1 X-9.711 Y10.000 E40.3073 F3600
;LAYER:3 ;Z:0.60
G1 Z0.60 F9000 ; move to layer
G92 E0 ; reset extruder at layer start
G1 E-0.800 F9000 ; retract
G0 X-10.000 Y-10.000 F9000 ; travel
G1 E+0.800 F3600 ; unretract
;perimeter
G1 X-9.400 Y-10.000 E40.3313 F3600
G1 X10.000 Y-10.000 E41.1056 F3600
G1 X10.000 Y-9.400 E41.1295 F3600
G1 X10.000 Y10.000 E41.9038 F3600
G1 X-9.400 Y10.000 E42.6781 F3600
G1 X-10.000 Y10.000 E42.7020 F3600
G1 X-10.000 Y-9.400 E43.4763 F3600
G1 E-0.800 F9000 ; retract
G0 X-9.520 Y-9.520 F9000 ; travel
G1 E+0.800 F3600 ; unretract
;perimeter
G1 X-9.400 Y-9.520 E43.4811 F3600
G1 X9.520 Y-9.520 E44.2363 F3600
G1 X9.520 Y-9.400 E44.2411 F3600
G1 X9.520 Y9.520 E44.9962 F3600
G1 X-9.400 Y9.520 E45.7513 F3600
G1 X-9.520 Y9.520 E45.7561 F3600
G1 X-9.520 Y-9.400 E46.5113 F3600
G1 E-0.800 F9000 ; retract
G0 X7.737 Y-10.000 F9000 ; travel
G1 E+0.800 F3600 ; unretract
;infill
G1 X10.000 Y-7.737 E46.6390 F3600
G1 E-0.800 F9000 ; retract
G0 X3.212 Y-10.000 F9000 ; travel
G1 E+0.800 F3600 ; unretract
;infill
G1 X10.000 Y-3.212 E47.0221 F3600
G1 E-0.800 F9000 ; retract
G0 X-1.314 Y-10.000 F9000 ; travel
G1 E+0.800 F3600 ; unretract
;infill
G1 X10.000 Y1.314 E47.6607 F3600
G1 E-0.800 F9000 ; retract
G0 X-5.839 Y-10.000 F9000 ; travel
G1 E+0.800 F3600 ; unretract
;infill
G1 X10.000 Y5.839 E48.5548 F3600
G1 E-0.800 F9000 ; retract
G0 X-10.000 Y-9.635 F9000 ; travel
G1 E+0.800 F3600 ; unretract
;infill
G1 X9.635 Y10.000 E49.6631 F3600
G1 E-0.800 F9000 ; retract
G0 X-10.000 Y-5.110 F9000 ; travel
G1 E+0.800 F3600 ; unretract
;infill
G1 X5.110 Y10.000 E50.5159 F3600
G1 E-0.800 F9000 ; retract
G0 X-10.000 Y-0.584 F9000 ; travel
G1 E+0.800 F3600 ; unretract
;infill
G1 X0.584 Y10.000 E51.1134 F3600
G1 E-0.800 F9000 ; retract
G0 X-10.000 Y3.941 F9000 ; travel
G1 E+0.800 F3600 ; unretract
;infill
G1 X-3.941 Y10.000 E51.4553 F3600
G1 E-0.800 F9000 ; retract
G0 X-10.000 Y8.467 F9000 ; travel
G1 E+0.800 F3600 ; unretract
;infill
G1 X-8.467 Y10.000 E51.5419 F3600
;LAYER:5 ;Z:1.00
G1 Z1.00 F9000 ; move to layer
G92 E0 ; reset extruder at layer start
G1 E-0.800 F9000 ; retract
G0 X-10.000 Y-10.000 F9000 ; travel
G1 E+0.800 F3600 ; unretract
;perimeter
G1 X-9.000 Y-10.000 E51.5818 F3600
G1 X10.000 Y-10.000 E52.3401 F3600
G1 X10.000 Y-9.000 E52.3801 F3600
G1 X10.000 Y10.000 E53.1384 F3600
G1 X-9.000 Y10.000 E53.8967 F3600
G1 X-10.000 Y10.000 E53.9366 F3600
G1 X-10.000 Y-9.000 E54.6950 F3600
G1 E-0.800 F9000 ; retract
G0 X-9.520 Y-9.520 F9000 ; travel
G1 E+0.800 F3600 ; unretract
;perimeter
G1 X-9.000 Y-9.520 E54.7157 F3600
G1 X9.520 Y-9.520 E55.4549 F3600
G1 X9.520 Y-9.000 E55.4756 F3600
G1 X9.520 Y9.520 E56.2148 F3600
G1 X-9.000 Y9.520 E56.9540 F3600
G1 X-9.520 Y9.520 E56.9747 F3600
G1 X-9.520 Y-9.000 E57.7139 F3600
G1 E-0.800 F9000 ; retract
G0 X7.737 Y-10.000 F9000 ; travel
G1 E+0.800 F3600 ; unretract
;infill
G1 X10.000 Y-7.737 E57.8416 F3600
G1 E-0.800 F9000 ; retract
G0 X3.212 Y-10.000 F9000 ; travel
G1 E+0.800 F3600 ; unretract
;infill
G1 X10.000 Y-3.212 E58.2248 F3600
G1 E-0.800 F9000 ; retract
G0 X-1.314 Y-10.000 F9000 ; travel
G1 E+0.800 F3600 ; unretract
;infill
G1 X10.000 Y1.314 E58.8634 F3600
G1 E-0.800 F9000 ; retract
G0 X-5.839 Y-10.000 F9000 ; travel
G1 E+0.800 F3600 ; unretract
;infill
G1 X10.000 Y5.839 E59.7574 F3600
G1 E-0.800 F9000 ; retract
G0 X-10.000 Y-9.635 F9000 ; travel
G1 E+0.800 F3600 ; unretract
;infill
G1 X9.635 Y10.000 E60.8657 F3600
G1 E-0.800 F9000 ; retract
G0 X-10.000 Y-5.110 F9000 ; travel
G1 E+0.800 F3600 ; unretract
;infill
G1 X5.110 Y10.000 E61.7186 F3600
G1 E-0.800 F9000 ; retract
G0 X-10.000 Y-0.584 F9000 ; travel
G1 E+0.800 F3600 ; unretract
;infill
G1 X0.584 Y10.000 E62.3160 F3600
G1 E-0.800 F9000 ; retract
G0 X-10.000 Y3.941 F9000 ; travel
G1 E+0.800 F3600 ; unretract
;infill
G1 X-3.941 Y10.000 E62.6580 F3600
G1 E-0.800 F9000 ; retract
G0 X-10.000 Y8.467 F9000 ; travel
G1 E+0.800 F3600 ; unretract
;infill
G1 X-8.467 Y10.000 E62.7446 F3600
;LAYER:7 ;Z:1.40
G1 Z1.40 F9000 ; move to layer
G92 E0 ; reset extruder at layer start
G1 E-0.800 F9000 ; retract
G0 X-10.000 Y-10.000 F9000 ; travel
G1 E+0.800 F3600 ; unretract
;perimeter
G1 X-8.600 Y-10.000 E62.8004 F3600
G1 X10.000 Y-10.000 E63.5428 F3600
G1 X10.000 Y-8.600 E63.5987 F3600
G1 X10.000 Y10.000 E64.3410 F3600
G1 X-8.600 Y10.000 E65.0834 F3600
G1 X-10.000 Y10.000 E65.1393 F3600
G1 X-10.000 Y-8.600 E65.8816 F3600
G1 E-0.800 F9000 ; retract
G0 X-9.520 Y-9.520 F9000 ; travel
G1 E+0.800 F3600 ; unretract
;perimeter
G1 X-8.600 Y-9.520 E65.9184 F3600
G1 X9.520 Y-9.520 E66.6416 F3600
G1 X9.520 Y-8.600 E66.6783 F3600
G1 X9.520 Y9.520 E67.4015 F3600
G1 X-8.600 Y9.520 E68.1247 F3600
G1 X-9.520 Y9.520 E68.1614 F3600
G1 X-9.520 Y-8.600 E68.8846 F3600
G1 E-0.800 F9000 ; retract
G0 X7.737 Y-10.000 F9000 ; travel
G1 E+0.800 F3600 ; unretract
;infill
G1 X10.000 Y-7.737 E69.0124 F3600
G1 E-0.800 F9000 ; retract
G0 X3.212 Y-10.000 F9000 ; travel
G1 E+0.800 F3600 ; unretract
;infill
G1 X10.000 Y-3.212 E69.3955 F3600
G1 E-0.800 F9000 ; retract
G0 X-1.314 Y-10.000 F9000 ; travel
G1 E+0.800 F3600 ; unretract
;infill
G1 X10.000 Y1.314 E70.0341 F3600
G1 E-0.800 F9000 ; retract
G0 X-5.839 Y-10.000 F9000 ; travel
G1 E+0.800 F3600 ; unretract
;infill
G1 X10.000 Y5.839 E70.9281 F3600
G1 E-0.800 F9000 ; retract
G0 X-10.000 Y-9.635 F9000 ; travel
G1 E+0.800 F3600 ; unretract
;infill
G1 X9.635 Y10.000 E72.0364 F3600
G1 E-0.800 F9000 ; retract
G0 X-10.000 Y-5.110 F9000 ; travel
G1 E+0.800 F3600 ; unretract
;infill
G1 X5.110 Y10.000 E72.8893 F3600
G1 E-0.800 F9000 ; retract
G0 X-10.000 Y-0.584 F9000 ; travel
G1 E+0.800 F3600 ; unretract
;infill
G1 X0.584 Y10.000 E73.4867 F3600
G1 E-0.800 F9000 ; retract
G0 X-10.000 Y3.941 F9000 ; travel
G1 E+0.800 F3600 ; unretract
;infill
G1 X-3.941 Y10.000 E73.8287 F3600
G1 E-0.800 F9000 ; retract
G0 X-10.000 Y8.467 F9000 ; travel
G1 E+0.800 F3600 ; unretract
;infill
G1 X-8.467 Y10.000 E73.9153 F3600
;LAYER:8 ;Z:1.60
G1 Z1.60 F9000 ; move to layer
G92 E0 ; reset extruder at layer start
G1 E-0.800 F9000 ; retract
G0 X-10.000 Y-10.000 F9000 ; travel
G1 E+0.800 F3600 ; unretract
;perimeter
G1 X-8.400 Y-10.000 E73.9791 F3600
G1 X10.000 Y-10.000 E74.7135 F3600
G1 X10.000 Y-8.400 E74.7774 F3600
G1 X10.000 Y10.000 E75.5118 F3600
G1 X-8.400 Y10.000 E76.2461 F3600
G1 X-10.000 Y10.000 E76.3100 F3600
G1 X-10.000 Y-8.400 E77.0444 F3600
G1 E-0.800 F9000 ; retract
G0 X-9.520 Y-9.520 F9000 ; travel
G1 E+0.800 F3600 ; unretract
;perimeter
G1 X-8.400 Y-9.520 E77.0891 F3600
G1 X9.520 Y-9.520 E77.8043 F3600
G1 X9.520 Y-8.400 E77.8490 F3600
G1 X9.520 Y9.520 E78.5642 F3600
G1 X-8.400 Y9.520 E79.2795 F3600
G1 X-9.520 Y9.520 E79.3242 F3600
G1 X-9.520 Y-8.400 E80.0394 F3600
G1 E-0.800 F9000 ; retract
G0 X7.737 Y-10.000 F9000 ; travel
G1 E+0.800 F3600 ; unretract
;infill
G1 X10.000 Y-7.737 E80.1671 F3600
G1 E-0.800 F9000 ; retract
G0 X3.212 Y-10.000 F9000 ; travel
G1 E+0.800 F3600 ; unretract
;infill
G1 X10.000 Y-3.212 E80.5503 F3600
G1 E-0.800 F9000 ; retract
G0 X-1.314 Y-10.000 F9000 ; travel
G1 E+0.800 F3600 ; unretract
;infill
G1 X10.000 Y1.314 E81.1889 F3600
G1 E-0.800 F9000 ; retract
G0 X-5.839 Y-10.000 F9000 ; travel
G1 E+0.800 F3600 ; unretract
;infill
G1 X10.000 Y5.839 E82.0829 F3600
G1 E-0.800 F9000 ; retract
G0 X-10.000 Y-9.635 F9000 ; travel
G1 E+0.800 F3600 ; unretract
;infill
G1 X9.635 Y10.000 E83.1912 F3600
G1 E-0.800 F9000 ; retract
G0 X-10.000 Y-5.110 F9000 ; travel
G1 E+0.800 F3600 ; unretract
;infill
G1 X5.110 Y10.000 E84.0441 F3600
G1 E-0.800 F9000 ; retract
G0 X-10.000 Y-0.584 F9000 ; travel
G1 E+0.800 F3600 ; unretract
;infill
G1 X0.584 Y10.000 E84.6415 F3600
G1 E-0.800 F9000 ; retract
G0 X-10.000 Y3.941 F9000 ; travel
G1 E+0.800 F3600 ; unretract
;infill
G1 X-3.941 Y10.000 E84.9835 F3600
G1 E-0.800 F9000 ; retract
G0 X-10.000 Y8.467 F9000 ; travel
G1 E+0.800 F3600 ; unretract
;infill
G1 X-8.467 Y10.000 E85.0700 F3600
;LAYER:10 ;Z:2.00
G1 Z2.00 F9000 ; move to layer
G92 E0 ; reset extruder at layer start
G1 E-0.800 F9000 ; retract
G0 X-10.000 Y-10.000 F9000 ; travel
G1 E+0.800 F3600 ; unretract
;perimeter
G1 X-8.000 Y-10.000 E85.1499 F3600
G1 X10.000 Y-10.000 E85.8683 F3600
G1 X10.000 Y-8.000 E85.9481 F3600
G1 X10.000 Y10.000 E86.6665 F3600
G1 X-8.000 Y10.000 E87.3849 F3600
G1 X-10.000 Y10.000 E87.4648 F3600
G1 X-10.000 Y-8.000 E88.1832 F3600
G1 E-0.800 F9000 ; retract
G0 X-9.520 Y-9.520 F9000 ; travel
G1 E+0.800 F3600 ; unretract
;perimeter
G1 X-8.000 Y-9.520 E88.2439 F3600
G1 X9.520 Y-9.520 E88.9431 F3600
G1 X9.520 Y-8.000 E89.0038 F3600
G1 X9.520 Y9.520 E89.7030 F3600
G1 X-8.000 Y9.520 E90.4023 F3600
G1 X-9.520 Y9.520 E90.4630 F3600
G1 X-9.520 Y-8.000 E91.1622 F3600
G1 E-0.800 F9000 ; retract
G0 X7.737 Y-10.000 F9000 ; travel
G1 E+0.800 F3600 ; unretract
;infill
G1 X10.000 Y-7.737 E91.2899 F3600
G1 E-0.800 F9000 ; retract
G0 X3.212 Y-10.000 F9000 ; travel
G1 E+0.800 F3600 ; unretract
;infill
G1 X10.000 Y-3.212 E91.6731 F3600
G1 E-0.800 F9000 ; retract
G0 X-1.314 Y-10.000 F9000 ; travel
G1 E+0.800 F3600 ; unretract
;infill
G1 X10.000 Y1.314 E92.3117 F3600
G1 E-0.800 F9000 ; retract
G0 X-5.839 Y-10.000 F9000 ; travel
G1 E+0.800 F3600 ; unretract
;infill
G1 X10.000 Y5.839 E93.2057 F3600
G1 E-0.800 F9000 ; retract
G0 X-10.000 Y-9.635 F9000 ; travel
G1 E+0.800 F3600 ; unretract
;infill
G1 X9.635 Y10.000 E94.3140 F3600
G1 E-0.800 F9000 ; retract
G0 X-10.000 Y-5.110 F9000 ; travel
G1 E+0.800 F3600 ; unretract
;infill
G1 X5.110 Y10.000 E95.1669 F3600
G1 E-0.800 F9000 ; retract
G0 X-10.000 Y-0.584 F9000 ; travel
G1 E+0.800 F3600 ; unretract
;infill
G1 X0.584 Y10.000 E95.7643 F3600
G1 E-0.800 F9000 ; retract
G0 X-10.000 Y3.941 F9000 ; travel
G1 E+0.800 F3600 ; unretract
;infill
G1 X-3.941 Y10.000 E96.1063 F3600
G1 E-0.800 F9000 ; retract
G0 X-10.000 Y8.467 F9000 ; travel
G1 E+0.800 F3600 ; unretract
;infill
G1 X-8.467 Y10.000 E96.1929 F3600
;LAYER:13 ;Z:2.60
G1 Z2.60 F9000 ; move to layer
G92 E0 ; reset extruder at layer start
G1 E-0.800 F9000 ; retract
G0 X-10.000 Y-10.000 F9000 ; travel
G1 E+0.800 F3600 ; unretract
;perimeter
G1 X-7.400 Y-10.000 E96.2966 F3600
G1 X10.000 Y-10.000 E96.9911 F3600
G1 X10.000 Y-7.400 E97.0949 F3600
G1 X10.000 Y10.000 E97.7894 F3600
G1 X-7.400 Y10.000 E98.4838 F3600
G1 X-10.000 Y10.000 E98.5876 F3600
G1 X-10.000 Y-7.400 E99.2821 F3600
G1 E-0.800 F9000 ; retract
G0 X-9.520 Y-9.520 F9000 ; travel
G1 E+0.800 F3600 ; unretract
;perimeter
G1 X-7.400 Y-9.520 E99.3667 F3600
G1 X9.520 Y-9.520 E100.0420 F3600
G1 X9.520 Y-7.400 E100.1266 F3600
G1 X9.520 Y9.520 E100.8019 F3600
G1 X-7.400 Y9.520 E101.4772 F3600
G1 X-9.520 Y9.520 E101.5619 F3600
G1 X-9.520 Y-7.400 E102.2372 F3600
G1 E-0.800 F9000 ; retract
G0 X7.737 Y-10.000 F9000 ; travel
G1 E+0.800 F3600 ; unretract
;infill
G1 X10.000 Y-7.737 E102.3649 F3600
G1 E-0.800 F9000 ; retract
G0 X3.212 Y-10.000 F9000 ; travel
G1 E+0.800 F3600 ; unretract
;infill
G1 X10.000 Y-3.212 E102.7480 F3600
G1 E-0.800 F9000 ; retract
G0 X-1.314 Y-10.000 F9000 ; travel
G1 E+0.800 F3600 ; unretract
;infill
G1 X10.000 Y1.314 E103.3866 F3600
G1 E-0.800 F9000 ; retract
G0 X-5.839 Y-10.000 F9000 ; travel
G1 E+0.800 F3600 ; unretract
;infill
G1 X10.000 Y5.839 E104.2807 F3600
G1 E-0.800 F9000 ; retract
G0 X-10.000 Y-9.635 F9000 ; travel
G1 E+0.800 F3600 ; unretract
;infill
G1 X9.635 Y10.000 E105.3890 F3600
G1 E-0.800 F9000 ; retract
G0 X-10.000 Y-5.110 F9000 ; travel
G1 E+0.800 F3600 ; unretract
;infill
G1 X5.110 Y10.000 E106.2418 F3600
G1 E-0.800 F9000 ; retract
G0 X-10.000 Y-0.584 F9000 ; travel
G1 E+0.800 F3600 ; unretract
;infill
G1 X0.584 Y10.000 E106.8393 F3600
G1 E-0.800 F9000 ; retract
G0 X-10.000 Y3.941 F9000 ; travel
G1 E+0.800 F3600 ; unretract
;infill
G1 X-3.941 Y10.000 E107.1813 F3600
G1 E-0.800 F9000 ; retract
G0 X-10.000 Y8.467 F9000 ; travel
G1 E+0.800 F3600 ; unretract
;infill
G1 X-8.467 Y10.000 E107.2678 F3600
;LAYER:15 ;Z:3.00
G1 Z3.00 F9000 ; move to layer
G92 E0 ; reset extruder at layer start
G1 E-0.800 F9000 ; retract
G0 X-10.000 Y-10.000 F9000 ; travel
G1 E+0.800 F3600 ; unretract
;perimeter
G1 X-7.000 Y-10.000 E107.3875 F3600
G1 X10.000 Y-10.000 E108.0660 F3600
G1 X10.000 Y-7.000 E108.1858 F3600
G1 X10.000 Y10.000 E108.8643 F3600
G1 X-7.000 Y10.000 E109.5428 F3600
G1 X-10.000 Y10.000 E109.6625 F3600
G1 X-10.000 Y-7.000 E110.3410 F3600
G1 E-0.800 F9000 ; retract
G0 X-9.520 Y-9.520 F9000 ; travel
G1 E+0.800 F3600 ; unretract
;perimeter
G1 X-7.000 Y-9.520 E110.4416 F3600
G1 X9.520 Y-9.520 E111.1010 F3600
G1 X9.520 Y-7.000 E111.2015 F3600
G1 X9.520 Y9.520 E111.8609 F3600
G1 X-7.000 Y9.520 E112.5202 F3600
G1 X-9.520 Y9.520 E112.6208 F3600
G1 X-9.520 Y-7.000 E113.2802 F3600
G1 E-0.800 F9000 ; retract
G0 X7.737 Y-10.000 F9000 ; travel
G1 E+0.800 F3600 ; unretract
;infill
G1 X10.000 Y-7.737 E113.4079 F3600
G1 E-0.800 F9000 ; retract
G0 X3.212 Y-10.000 F9000 ; travel
G1 E+0.800 F3600 ; unretract
;infill
G1 X10.000 Y-3.212 E113.7910 F3600
G1 E-0.800 F9000 ; retract
G0 X-1.314 Y-10.000 F9000 ; travel
G1 E+0.800 F3600 ; unretract
;infill
G1 X10.000 Y1.314 E114.4296 F3600
G1 E-0.800 F9000 ; retract
G0 X-5.839 Y-10.000 F9000 ; travel
G1 E+0.800 F3600 ; unretract
;infill
G1 X10.000 Y5.839 E115.3237 F3600
G1 E-0.800 F9000 ; retract
G0 X-10.000 Y-9.635 F9000 ; travel
G1 E+0.800 F3600 ; unretract
;infill
G1 X9.635 Y10.000 E116.4320 F3600
G1 E-0.800 F9000 ; retract
G0 X-10.000 Y-5.110 F9000 ; travel
G1 E+0.800 F3600 ; unretract
;infill
G1 X5.110 Y10.000 E117.2848 F3600
G1 E-0.800 F9000 ; retract
G0 X-10.000 Y-0.584 F9000 ; travel
G1 E+0.800 F3600 ; unretract
;infill
G1 X0.584 Y10.000 E117.8823 F3600
G1 E-0.800 F9000 ; retract
G0 X-10.000 Y3.941 F9000 ; travel
G1 E+0.800 F3600 ; unretract
;infill
G1 X-3.941 Y10.000 E118.2243 F3600
G1 E-0.800 F9000 ; retract
G0 X-10.000 Y8.467 F9000 ; travel
G1 E+0.800 F3600 ; unretract
;infill
G1 X-8.467 Y10.000 E118.3108 F3600
;LAYER:18 ;Z:3.60
G1 Z3.60 F9000 ; move to layer
G92 E0 ; reset extruder at layer start
G1 E-0.800 F9000 ; retract
G0 X-10.000 Y-10.000 F9000 ; travel
G1 E+0.800 F3600 ; unretract
;perimeter
G1 X-6.400 Y-10.000 E118.4545 F3600
G1 X10.000 Y-10.000 E119.1091 F3600
G1 X10.000 Y-6.400 E119.2527 F3600
G1 X10.000 Y10.000 E119.9073 F3600
G1 X-6.400 Y10.000 E120.5619 F3600
G1 X-10.000 Y10.000 E120.7055 F3600
G1 X-10.000 Y-6.400 E121.3601 F3600
G1 E-0.800 F9000 ; retract
G0 X-9.520 Y-9.520 F9000 ; travel
G1 E+0.800 F3600 ; unretract
;perimeter
G1 X-6.400 Y-9.520 E121.4846 F3600
G1 X9.520 Y-9.520 E122.1200 F3600
G1 X9.520 Y-6.400 E122.2446 F3600
G1 X9.520 Y9.520 E122.8800 F3600
G1 X-6.400 Y9.520 E123.5154 F3600
G1 X-9.520 Y9.520 E123.6399 F3600
G1 X-9.520 Y-6.400 E124.2753 F3600
G1 E-0.800 F9000 ; retract
G0 X7.737 Y-10.000 F9000 ; travel
G1 E+0.800 F3600 ; unretract
;infill
G1 X10.000 Y-7.737 E124.4030 F3600
G1 E-0.800 F9000 ; retract
G0 X3.212 Y-10.000 F9000 ; travel
G1 E+0.800 F3600 ; unretract
;infill
G1 X10.000 Y-3.212 E124.7862 F3600
G1 E-0.800 F9000 ; retract
G0 X-1.314 Y-10.000 F9000 ; travel
G1 E+0.800 F3600 ; unretract
;infill
G1 X10.000 Y1.314 E125.4248 F3600
G1 E-0.800 F9000 ; retract
G0 X-5.839 Y-10.000 F9000 ; travel
G1 E+0.800 F3600 ; unretract
;infill
G1 X10.000 Y5.839 E126.3188 F3600
G1 E-0.800 F9000 ; retract
G0 X-10.000 Y-9.635 F9000 ; travel
G1 E+0.800 F3600 ; unretract
;infill
G1 X9.635 Y10.000 E127.4271 F3600
G1 E-0.800 F9000 ; retract
G0 X-10.000 Y-5.110 F9000 ; travel
G1 E+0.800 F3600 ; unretract
;infill
G1 X5.110 Y10.000 E128.2800 F3600
G1 E-0.800 F9000 ; retract
G0 X-10.000 Y-0.584 F9000 ; travel
G1 E+0.800 F3600 ; unretract
;infill
G1 X0.584 Y10.000 E128.8774 F3600
G1 E-0.800 F9000 ; retract
G0 X-10.000 Y3.941 F9000 ; travel
G1 E+0.800 F3600 ; unretract
;infill
G1 X-3.941 Y10.000 E129.2194 F3600
G1 E-0.800 F9000 ; retract
G0 X-10.000 Y8.467 F9000 ; travel
G1 E+0.800 F3600 ; unretract
;infill
G1 X-8.467 Y10.000 E129.3059 F3600
;LAYER:20 ;Z:4.00
G1 Z4.00 F9000 ; move to layer
G92 E0 ; reset extruder at layer start
G1 E-0.800 F9000 ; retract
G0 X-10.000 Y-10.000 F9000 ; travel
G1 E+0.800 F3600 ; unretract
;perimeter
G1 X-6.000 Y-10.000 E129.4656 F3600
G1 X10.000 Y-10.000 E130.1042 F3600
G1 X10.000 Y-6.000 E130.2638 F3600
G1 X10.000 Y10.000 E130.9024 F3600
G1 X-6.000 Y10.000 E131.5410 F3600
G1 X-10.000 Y10.000 E131.7007 F3600
G1 X-10.000 Y-6.000 E132.3392 F3600
G1 E-0.800 F9000 ; retract
G0 X-9.520 Y-9.520 F9000 ; travel
G1 E+0.800 F3600 ; unretract
;perimeter
G1 X-6.000 Y-9.520 E132.4797 F3600
G1 X9.520 Y-9.520 E133.0992 F3600
G1 X9.520 Y-6.000 E133.2397 F3600
G1 X9.520 Y9.520 E133.8591 F3600
G1 X-6.000 Y9.520 E134.4785 F3600
G1 X-9.520 Y9.520 E134.6190 F3600
G1 X-9.520 Y-6.000 E135.2385 F3600
G1 E-0.800 F9000 ; retract
G0 X7.737 Y-10.000 F9000 ; travel
G1 E+0.800 F3600 ; unretract
;infill
G1 X10.000 Y-7.737 E135.3662 F3600
G1 E-0.800 F9000 ; retract
G0 X3.212 Y-10.000 F9000 ; travel
G1 E+0.800 F3600 ; unretract
;infill
G1 X10.000 Y-3.212 E135.7493 F3600
G1 E-0.800 F9000 ; retract
G0 X-1.314 Y-10.000 F9000 ; travel
G1 E+0.800 F3600 ; unretract
;infill
G1 X10.000 Y1.314 E136.3879 F3600
G1 E-0.800 F9000 ; retract
G0 X-5.839 Y-10.000 F9000 ; travel
G1 E+0.800 F3600 ; unretract
;infill
G1 X10.000 Y5.839 E137.2820 F3600
G1 E-0.800 F9000 ; retract
G0 X-10.000 Y-9.635 F9000 ; travel
G1 E+0.800 F3600 ; unretract
;infill
G1 X9.635 Y10.000 E138.3903 F3600
G1 E-0.800 F9000 ; retract
G0 X-10.000 Y-5.110 F9000 ; travel
G1 E+0.800 F3600 ; unretract
;infill
G1 X5.110 Y10.000 E139.2431 F3600
G1 E-0.800 F9000 ; retract
G0 X-10.000 Y-0.584 F9000 ; travel
G1 E+0.800 F3600 ; unretract
;infill
G1 X0.584 Y10.000 E139.8406 F3600
G1 E-0.800 F9000 ; retract
G0 X-10.000 Y3.941 F9000 ; travel
G1 E+0.800 F3600 ; unretract
;infill
G1 X-3.941 Y10.000 E140.1826 F3600
G1 E-0.800 F9000 ; retract
G0 X-10.000 Y8.467 F9000 ; travel
G1 E+0.800 F3600 ; unretract
;infill
G1 X-8.467 Y10.000 E140.2691 F3600
;LAYER:24 ;Z:4.80
G1 Z4.80 F9000 ; move to layer
G92 E0 ; reset extruder at layer start
G1 E-0.800 F9000 ; retract
G0 X-10.000 Y-10.000 F9000 ; travel
G1 E+0.800 F3600 ; unretract
;perimeter
G1 X-5.200 Y-10.000 E140.4607 F3600
G1 X10.000 Y-10.000 E141.0673 F3600
G1 X10.000 Y-5.200 E141.2589 F3600
G1 X10.000 Y10.000 E141.8656 F3600
G1 X-5.200 Y10.000 E142.4723 F3600
G1 X-10.000 Y10.000 E142.6638 F3600
G1 X-10.000 Y-5.200 E143.2705 F3600
G1 E-0.800 F9000 ; retract
G0 X-9.520 Y-9.520 F9000 ; travel
G1 E+0.800 F3600 ; unretract
;perimeter
G1 X-5.200 Y-9.520 E143.4429 F3600
G1 X9.520 Y-9.520 E144.0304 F3600
G1 X9.520 Y-5.200 E144.2028 F3600
G1 X9.520 Y9.520 E144.7904 F3600
G1 X-5.200 Y9.520 E145.3779 F3600
G1 X-9.520 Y9.520 E145.5503 F3600
G1 X-9.520 Y-5.200 E146.1378 F3600
G1 E-0.800 F9000 ; retract
G0 X7.737 Y-10.000 F9000 ; travel
G1 E+0.800 F3600 ; unretract
;infill
G1 X10.000 Y-7.737 E146.2655 F3600
G1 E-0.800 F9000 ; retract
G0 X3.212 Y-10.000 F9000 ; travel
G1 E+0.800 F3600 ; unretract
;infill
G1 X10.000 Y-3.212 E146.6487 F3600
G1 E-0.800 F9000 ; retract
G0 X-1.314 Y-10.000 F9000 ; travel
G1 E+0.800 F3600 ; unretract
;infill
G1 X10.000 Y1.314 E147.2873 F3600
G1 E-0.800 F9000 ; retract
G0 X-5.839 Y-10.000 F9000 ; travel
G1 E+0.800 F3600 ; unretract
;infill
G1 X10.000 Y5.839 E148.1813 F3600
G1 E-0.800 F9000 ; retract
G0 X-10.000 Y-9.635 F9000 ; travel
G1 E+0.800 F3600 ; unretract
;infill
G1 X9.635 Y10.000 E149.2896 F3600
G1 E-0.800 F9000 ; retract
G0 X-10.000 Y-5.110 F9000 ; travel
G1 E+0.800 F3600 ; unretract
;infill
G1 X5.110 Y10.000 E150.1425 F3600
G1 E-0.800 F9000 ; retract
G0 X-10.000 Y-0.584 F9000 ; travel
G1 E+0.800 F3600 ; unretract
;infill
G1 X0.584 Y10.000 E150.7399 F3600
G1 E-0.800 F9000 ; retract
G0 X-10.000 Y3.941 F9000 ; travel
G1 E+0.800 F3600 ; unretract
;infill
G1 X-3.941 Y10.000 E151.0819 F3600
G1 E-0.800 F9000 ; retract
G0 X-10.000 Y8.467 F9000 ; travel
G1 E+0.800 F3600 ; unretract
;infill
G1 X-8.467 Y10.000 E151.1684 F3600
;LAYER:25 ;Z:5.00
G1 Z5.00 F9000 ; move to layer
G92 E0 ; reset extruder at layer start
G1 E-0.800 F9000 ; retract
G0 X-10.000 Y-10.000 F9000 ; travel
G1 E+0.800 F3600 ; unretract
;perimeter
G1 X-5.000 Y-10.000 E151.3680 F3600
G1 X10.000 Y-10.000 E151.9667 F3600
G1 X10.000 Y-5.000 E152.1662 F3600
G1 X10.000 Y10.000 E152.7649 F3600
G1 X-5.000 Y10.000 E153.3636 F3600
G1 X-10.000 Y10.000 E153.5632 F3600
G1 X-10.000 Y-5.000 E154.1618 F3600
G1 E-0.800 F9000 ; retract
G0 X-9.520 Y-9.520 F9000 ; travel
G1 E+0.800 F3600 ; unretract
;perimeter
G1 X-5.000 Y-9.520 E154.3422 F3600
G1 X9.520 Y-9.520 E154.9218 F3600
G1 X9.520 Y-5.000 E155.1022 F3600
G1 X9.520 Y9.520 E155.6817 F3600
G1 X-5.000 Y9.520 E156.2612 F3600
G1 X-9.520 Y9.520 E156.4416 F3600
G1 X-9.520 Y-5.000 E157.0211 F3600
G1 E-0.800 F9000 ; retract
G0 X7.737 Y-10.000 F9000 ; travel
G1 E+0.800 F3600 ; unretract
;infill
G1 X10.000 Y-7.737 E157.1489 F3600
G1 E-0.800 F9000 ; retract
G0 X3.212 Y-10.000 F9000 ; travel
G1 E+0.800 F3600 ; unretract
;infill
G1 X10.000 Y-3.212 E157.5320 F3600
G1 E-0.800 F9000 ; retract
G0 X-1.314 Y-10.000 F9000 ; travel
G1 E+0.800 F3600 ; unretract
;infill
G1 X10.000 Y1.314 E158.1706 F3600
G1 E-0.800 F9000 ; retract
G0 X-5.839 Y-10.000 F9000 ; travel
G1 E+0.800 F3600 ; unretract
;infill
G1 X10.000 Y5.839 E159.0646 F3600
G1 E-0.800 F9000 ; retract
G0 X-10.000 Y-9.635 F9000 ; travel
G1 E+0.800 F3600 ; unretract
;infill
G1 X9.635 Y10.000 E160.1729 F3600
G1 E-0.800 F9000 ; retract
G0 X-10.000 Y-5.110 F9000 ; travel
G1 E+0.800 F3600 ; unretract
;infill
G1 X5.110 Y10.000 E161.0258 F3600
G1 E-0.800 F9000 ; retract
G0 X-10.000 Y-0.584 F9000 ; travel
G1 E+0.800 F3600 ; unretract
;infill
G1 X0.584 Y10.000 E161.6232 F3600
G1 E-0.800 F9000 ; retract
G0 X-10.000 Y3.941 F9000 ; travel
G1 E+0.800 F3600 ; unretract
;infill
G1 X-3.941 Y10.000 E161.9652 F3600
G1 E-0.800 F9000 ; retract
G0 X-10.000 Y8.467 F9000 ; travel
G1 E+0.800 F3600 ; unretract
;infill
G1 X-8.467 Y10.000 E162.0518 F3600
;LAYER:29 ;Z:5.80
G1 Z5.80 F9000 ; move to layer
G92 E0 ; reset extruder at layer start
G1 E-0.800 F9000 ; retract
G0 X-10.000 Y-10.000 F9000 ; travel
G1 E+0.800 F3600 ; unretract
;perimeter
G1 X-4.200 Y-10.000 E162.2833 F3600
G1 X10.000 Y-10.000 E162.8500 F3600
G1 X10.000 Y-4.200 E163.0815 F3600
G1 X10.000 Y10.000 E163.6483 F3600
G1 X-4.200 Y10.000 E164.2150 F3600
G1 X-10.000 Y10.000 E164.4465 F3600
G1 X-10.000 Y-4.200 E165.0133 F3600
G1 E-0.800 F9000 ; retract
G0 X-9.520 Y-9.520 F9000 ; travel
G1 E+0.800 F3600 ; unretract
;perimeter
G1 X-4.200 Y-9.520 E165.2256 F3600
G1 X9.520 Y-9.520 E165.7732 F3600
G1 X9.520 Y-4.200 E165.9855 F3600
G1 X9.520 Y9.520 E166.5331 F3600
G1 X-4.200 Y9.520 E167.0807 F3600
G1 X-9.520 Y9.520 E167.2930 F3600
G1 X-9.520 Y-4.200 E167.8406 F3600
G1 E-0.800 F9000 ; retract
G0 X7.737 Y-10.000 F9000 ; travel
G1 E+0.800 F3600 ; unretract
;infill
G1 X10.000 Y-7.737 E167.9684 F3600
G1 E-0.800 F9000 ; retract
G0 X3.212 Y-10.000 F9000 ; travel
G1 E+0.800 F3600 ; unretract
;infill
G1 X10.000 Y-3.212 E168.3515 F3600
G1 E-0.800 F9000 ; retract
G0 X-1.314 Y-10.000 F9000 ; travel
G1 E+0.800 F3600 ; unretract
;infill
G1 X10.000 Y1.314 E168.9901 F3600
G1 E-0.800 F9000 ; retract
G0 X-5.839 Y-10.000 F9000 ; travel
G1 E+0.800 F3600 ; unretract
;infill
G1 X10.000 Y5.839 E169.8841 F3600
G1 E-0.800 F9000 ; retract
G0 X-10.000 Y-9.635 F9000 ; travel
G1 E+0.800 F3600 ; unretract
;infill
G1 X9.635 Y10.000 E170.9924 F3600
G1 E-0.800 F9000 ; retract
G0 X-10.000 Y-5.110 F9000 ; travel
G1 E+0.800 F3600 ; unretract
;infill
G1 X5.110 Y10.000 E171.8453 F3600
G1 E-0.800 F9000 ; retract
G0 X-10.000 Y-0.584 F9000 ; travel
G1 E+0.800 F3600 ; unretract
;infill
G1 X0.584 Y10.000 E172.4427 F3600
G1 E-0.800 F9000 ; retract
G0 X-10.000 Y3.941 F9000 ; travel
G1 E+0.800 F3600 ; unretract
;infill
G1 X-3.941 Y10.000 E172.7847 F3600
G1 E-0.800 F9000 ; retract
G0 X-10.000 Y8.467 F9000 ; travel
G1 E+0.800 F3600 ; unretract
;infill
G1 X-8.467 Y10.000 E172.8713 F3600
;LAYER:30 ;Z:6.00
G1 Z6.00 F9000 ; move to layer
G92 E0 ; reset extruder at layer start
G1 E-0.800 F9000 ; retract
G0 X-10.000 Y-10.000 F9000 ; travel
G1 E+0.800 F3600 ; unretract
;perimeter
G1 X-4.000 Y-10.000 E173.1108 F3600
G1 X10.000 Y-10.000 E173.6695 F3600
G1 X10.000 Y-4.000 E173.9090 F3600
G1 X10.000 Y10.000 E174.4678 F3600
G1 X-4.000 Y10.000 E175.0265 F3600
G1 X-10.000 Y10.000 E175.2660 F3600
G1 X-10.000 Y-4.000 E175.8248 F3600
G1 E-0.800 F9000 ; retract
G0 X-9.520 Y-9.520 F9000 ; travel
G1 E+0.800 F3600 ; unretract
;perimeter
G1 X-4.000 Y-9.520 E176.0451 F3600
G1 X9.520 Y-9.520 E176.5847 F3600
G1 X9.520 Y-4.000 E176.8050 F3600
G1 X9.520 Y9.520 E177.3446 F3600
G1 X-4.000 Y9.520 E177.8842 F3600
G1 X-9.520 Y9.520 E178.1046 F3600
G1 X-9.520 Y-4.000 E178.6442 F3600
G1 E-0.800 F9000 ; retract
G0 X7.737 Y-10.000 F9000 ; travel
G1 E+0.800 F3600 ; unretract
;infill
G1 X10.000 Y-7.737 E178.7719 F3600
G1 E-0.800 F9000 ; retract
G0 X3.212 Y-10.000 F9000 ; travel
G1 E+0.800 F3600 ; unretract
;infill
G1 X10.000 Y-3.212 E179.1551 F3600
G1 E-0.800 F9000 ; retract
G0 X-1.314 Y-10.000 F9000 ; travel
G1 E+0.800 F3600 ; unretract
;infill
G1 X10.000 Y1.314 E179.7936 F3600
G1 E-0.800 F9000 ; retract
G0 X-5.839 Y-10.000 F9000 ; travel
G1 E+0.800 F3600 ; unretract
;infill
G1 X10.000 Y5.839 E180.6877 F3600
G1 E-0.800 F9000 ; retract
G0 X-10.000 Y-9.635 F9000 ; travel
G1 E+0.800 F3600 ; unretract
;infill
G1 X9.635 Y10.000 E181.7960 F3600
G1 E-0.800 F9000 ; retract
G0 X-10.000 Y-5.110 F9000 ; travel
G1 E+0.800 F3600 ; unretract
;infill
G1 X5.110 Y10.000 E182.6488 F3600
G1 E-0.800 F9000 ; retract
G0 X-10.000 Y-0.584 F9000 ; travel
G1 E+0.800 F3600 ; unretract
;infill
G1 X0.584 Y10.000 E183.2463 F3600
G1 E-0.800 F9000 ; retract
G0 X-10.000 Y3.941 F9000 ; travel
G1 E+0.800 F3600 ; unretract
;infill
G1 X-3.941 Y10.000 E183.5883 F3600
G1 E-0.800 F9000 ; retract
G0 X-10.000 Y8.467 F9000 ; travel
G1 E+0.800 F3600 ; unretract
;infill
G1 X-8.467 Y10.000 E183.6748 F3600
;LAYER:32 ;Z:6.40
G1 Z6.40 F9000 ; move to layer
G92 E0 ; reset extruder at layer start
G1 E-0.800 F9000 ; retract
G0 X-10.000 Y-10.000 F9000 ; travel
G1 E+0.800 F3600 ; unretract
;perimeter
G1 X-3.600 Y-10.000 E183.9303 F3600
G1 X10.000 Y-10.000 E184.4731 F3600
G1 X10.000 Y-3.600 E184.7285 F3600
G1 X10.000 Y10.000 E185.2713 F3600
G1 X-3.600 Y10.000 E185.8141 F3600
G1 X-10.000 Y10.000 E186.0695 F3600
G1 X-10.000 Y-3.600 E186.6123 F3600
G1 E-0.800 F9000 ; retract
G0 X-9.520 Y-9.520 F9000 ; travel
G1 E+0.800 F3600 ; unretract
;perimeter
G1 X-3.600 Y-9.520 E186.8486 F3600
G1 X9.520 Y-9.520 E187.3723 F3600
G1 X9.520 Y-3.600 E187.6086 F3600
G1 X9.520 Y9.520 E188.1322 F3600
G1 X-3.600 Y9.520 E188.6559 F3600
G1 X-9.520 Y9.520 E188.8921 F3600
G1 X-9.520 Y-3.600 E189.4158 F3600
G1 E-0.800 F9000 ; retract
G0 X7.737 Y-10.000 F9000 ; travel
G1 E+0.800 F3600 ; unretract
;infill
G1 X10.000 Y-7.737 E189.5435 F3600
G1 E-0.800 F9000 ; retract
G0 X3.212 Y-10.000 F9000 ; travel
G1 E+0.800 F3600 ; unretract
;infill
G1 X10.000 Y-3.212 E189.9267 F3600
G1 E-0.800 F9000 ; retract
G0 X-1.314 Y-10.000 F9000 ; travel
G1 E+0.800 F3600 ; unretract
;infill
G1 X10.000 Y1.314 E190.5652 F3600
G1 E-0.800 F9000 ; retract
G0 X-5.839 Y-10.000 F9000 ; travel
G1 E+0.800 F3600 ; unretract
;infill
G1 X10.000 Y5.839 E191.4593 F3600
G1 E-0.800 F9000 ; retract
G0 X-10.000 Y-9.635 F9000 ; travel
G1 E+0.800 F3600 ; unretract
;infill
G1 X9.635 Y10.000 E192.5676 F3600
G1 E-0.800 F9000 ; retract
G0 X-10.000 Y-5.110 F9000 ; travel
G1 E+0.800 F3600 ; unretract
;infill
G1 X5.110 Y10.000 E193.4204 F3600
G1 E-0.800 F9000 ; retract
G0 X-10.000 Y-0.584 F9000 ; travel
G1 E+0.800 F3600 ; unretract
;infill
G1 X0.584 Y10.000 E194.0179 F3600
G1 E-0.800 F9000 ; retract
G0 X-10.000 Y3.941 F9000 ; travel
G1 E+0.800 F3600 ; unretract
;infill
G1 X-3.941 Y10.000 E194.3599 F3600
G1 E-0.800 F9000 ; retract
G0 X-10.000 Y8.467 F9000 ; travel
G1 E+0.800 F3600 ; unretract
;infill
G1 X-8.467 Y10.000 E194.4464 F3600
;LAYER:35 ;Z:7.00
G1 Z7.00 F9000 ; move to layer
G92 E0 ; reset extruder at layer start
G1 E-0.800 F9000 ; retract
G0 X-10.000 Y-10.000 F9000 ; travel
G1 E+0.800 F3600 ; unretract
;perimeter
G1 X-3.000 Y-10.000 E194.7258 F3600
G1 X10.000 Y-10.000 E195.2447 F3600
G1 X10.000 Y-3.000 E195.5240 F3600
G1 X10.000 Y10.000 E196.0429 F3600
G1 X-3.000 Y10.000 E196.5618 F3600
G1 X-10.000 Y10.000 E196.8411 F3600
G1 X-10.000 Y-3.000 E197.3600 F3600
G1 E-0.800 F9000 ; retract
G0 X-9.520 Y-9.520 F9000 ; travel
G1 E+0.800 F3600 ; unretract
;perimeter
G1 X-3.000 Y-9.520 E197.6202 F3600
G1 X9.520 Y-9.520 E198.1199 F3600
G1 X9.520 Y-3.000 E198.3802 F3600
G1 X9.520 Y9.520 E198.8799 F3600
G1 X-3.000 Y9.520 E199.3796 F3600
G1 X-9.520 Y9.520 E199.6398 F3600
G1 X-9.520 Y-3.000 E200.1395 F3600
G1 E-0.800 F9000 ; retract
G0 X7.737 Y-10.000 F9000 ; travel
G1 E+0.800 F3600 ; unretract
;infill
G1 X10.000 Y-7.737 E200.2672 F3600
G1 E-0.800 F9000 ; retract
G0 X3.212 Y-10.000 F9000 ; travel
G1 E+0.800 F3600 ; unretract
;infill
G1 X10.000 Y-3.212 E200.6504 F3600
G1 E-0.800 F9000 ; retract
G0 X-1.314 Y-10.000 F9000 ; travel
G1 E+0.800 F3600 ; unretract
;infill
G1 X10.000 Y1.314 E201.2890 F3600
G1 E-0.800 F9000 ; retract
G0 X-5.839 Y-10.000 F9000 ; travel
G1 E+0.800 F3600 ; unretract
;infill
G1 X10.000 Y5.839 E202.1830 F3600
G1 E-0.800 F9000 ; retract
G0 X-10.000 Y-9.635 F9000 ; travel
G1 E+0.800 F3600 ; unretract
;infill
G1 X9.635 Y10.000 E203.2913 F3600
G1 E-0.800 F9000 ; retract
G0 X-10.000 Y-5.110 F9000 ; travel
G1 E+0.800 F3600 ; unretract
;infill
G1 X5.110 Y10.000 E204.1442 F3600
G1 E-0.800 F9000 ; retract
G0 X-10.000 Y-0.584 F9000 ; travel
G1 E+0.800 F3600 ; unretract
;infill
G1 X0.584 Y10.000 E204.7416 F3600
G1 E-0.800 F9000 ; retract
G0 X-10.000 Y3.941 F9000 ; travel
G1 E+0.800 F3600 ; unretract
;infill
G1 X-3.941 Y10.000 E205.0836 F3600
G1 E-0.800 F9000 ; retract
G0 X-10.000 Y8.467 F9000 ; travel
G1 E+0.800 F3600 ; unretract
;infill
G1 X-8.467 Y10.000 E205.1701 F3600
;LAYER:40 ;Z:8.00
G1 Z8.00 F9000 ; move to layer
G92 E0 ; reset extruder at layer start
G1 E-0.800 F9000 ; retract
G0 X-10.000 Y-10.000 F9000 ; travel
G1 E+0.800 F3600 ; unretract
;perimeter
G1 X-2.000 Y-10.000 E205.4894 F3600
G1 X10.000 Y-10.000 E205.9684 F3600
G1 X10.000 Y-2.000 E206.2877 F3600
G1 X10.000 Y10.000 E206.7666 F3600
G1 X-2.000 Y10.000 E207.2456 F3600
G1 X-10.000 Y10.000 E207.5649 F3600
G1 X-10.000 Y-2.000 E208.0438 F3600
G1 E-0.800 F9000 ; retract
G0 X-9.520 Y-9.520 F9000 ; travel
G1 E+0.800 F3600 ; unretract
;perimeter
G1 X-2.000 Y-9.520 E208.3439 F3600
G1 X9.520 Y-9.520 E208.8037 F3600
G1 X9.520 Y-2.000 E209.1039 F3600
G1 X9.520 Y9.520 E209.5637 F3600
G1 X-2.000 Y9.520 E210.0234 F3600
G1 X-9.520 Y9.520 E210.3236 F3600
G1 X-9.520 Y-2.000 E210.7834 F3600
G1 E-0.800 F9000 ; retract
G0 X7.737 Y-10.000 F9000 ; travel
G1 E+0.800 F3600 ; unretract
;infill
G1 X10.000 Y-7.737 E210.9111 F3600
G1 E-0.800 F9000 ; retract
G0 X3.212 Y-10.000 F9000 ; travel
G1 E+0.800 F3600 ; unretract
;infill
G1 X10.000 Y-3.212 E211.2942 F3600
G1 E-0.800 F9000 ; retract
G0 X-1.314 Y-10.000 F9000 ; travel
G1 E+0.800 F3600 ; unretract
;infill
G1 X10.000 Y1.314 E211.9328 F3600
G1 E-0.800 F9000 ; retract
G0 X-5.839 Y-10.000 F9000 ; travel
G1 E+0.800 F3600 ; unretract
;infill
G1 X10.000 Y5.839 E212.8269 F3600
G1 E-0.800 F9000 ; retract
G0 X-10.000 Y-9.635 F9000 ; travel
G1 E+0.800 F3600 ; unretract
;infill
G1 X9.635 Y10.000 E213.9352 F3600
G1 E-0.800 F9000 ; retract
G0 X-10.000 Y-5.110 F9000 ; travel
G1 E+0.800 F3600 ; unretract
;infill
G1 X5.110 Y10.000 E214.7880 F3600
G1 E-0.800 F9000 ; retract
G0 X-10.000 Y-0.584 F9000 ; travel
G1 E+0.800 F3600 ; unretract
;infill
G1 X0.584 Y10.000 E215.3855 F3600
G1 E-0.800 F9000 ; retract
G0 X-10.000 Y3.941 F9000 ; travel
G1 E+0.800 F3600 ; unretract
;infill
G1 X-3.941 Y10.000 E215.7275 F3600
G1 E-0.800 F9000 ; retract
G0 X-10.000 Y8.467 F9000 ; travel
G1 E+0.800 F3600 ; unretract
;infill
G1 X-8.467 Y10.000 E215.8140 F3600
;LAYER:42 ;Z:8.40
G1 Z8.40 F9000 ; move to layer
G92 E0 ; reset extruder at layer start
G1 E-0.800 F9000 ; retract
G0 X-10.000 Y-10.000 F9000 ; travel
G1 E+0.800 F3600 ; unretract
;perimeter
G1 X-1.600 Y-10.000 E216.1493 F3600
G1 X10.000 Y-10.000 E216.6123 F3600
G1 X10.000 Y-1.600 E216.9475 F3600
G1 X10.000 Y10.000 E217.4105 F3600
G1 X-1.600 Y10.000 E217.8735 F3600
G1 X-10.000 Y10.000 E218.2087 F3600
G1 X-10.000 Y-1.600 E218.6717 F3600
G1 E-0.800 F9000 ; retract
G0 X-9.520 Y-9.520 F9000 ; travel
G1 E+0.800 F3600 ; unretract
;perimeter
G1 X-1.600 Y-9.520 E218.9878 F3600
G1 X9.520 Y-9.520 E219.4316 F3600
G1 X9.520 Y-1.600 E219.7478 F3600
G1 X9.520 Y9.520 E220.1916 F3600
G1 X-1.600 Y9.520 E220.6354 F3600
G1 X-9.520 Y9.520 E220.9515 F3600
G1 X-9.520 Y-1.600 E221.3953 F3600
G1 E-0.800 F9000 ; retract
G0 X7.737 Y-10.000 F9000 ; travel
G1 E+0.800 F3600 ; unretract
;infill
G1 X10.000 Y-7.737 E221.5230 F3600
G1 E-0.800 F9000 ; retract
G0 X3.212 Y-10.000 F9000 ; travel
G1 E+0.800 F3600 ; unretract
;infill
G1 X10.000 Y-3.212 E221.9062 F3600
G1 E-0.800 F9000 ; retract
G0 X-1.314 Y-10.000 F9000 ; travel
G1 E+0.800 F3600 ; unretract
;infill
G1 X10.000 Y1.314 E222.5448 F3600
G1 E-0.800 F9000 ; retract
G0 X-5.839 Y-10.000 F9000 ; travel
G1 E+0.800 F3600 ; unretract
;infill
G1 X10.000 Y5.839 E223.4388 F3600
G1 E-0.800 F9000 ; retract
G0 X-10.000 Y-9.635 F9000 ; travel
G1 E+0.800 F3600 ; unretract
;infill
G1 X9.635 Y10.000 E224.5471 F3600
G1 E-0.800 F9000 ; retract
G0 X-10.000 Y-5.110 F9000 ; travel
G1 E+0.800 F3600 ; unretract
;infill
G1 X5.110 Y10.000 E225.4000 F3600
G1 E-0.800 F9000 ; retract
G0 X-10.000 Y-0.584 F9000 ; travel
G1 E+0.800 F3600 ; unretract
;infill
G1 X0.584 Y10.000 E225.9974 F3600
G1 E-0.800 F9000 ; retract
G0 X-10.000 Y3.941 F9000 ; travel
G1 E+0.800 F3600 ; unretract
;infill
G1 X-3.941 Y10.000 E226.3394 F3600
G1 E-0.800 F9000 ; retract
G0 X-10.000 Y8.467 F9000 ; travel
G1 E+0.800 F3600 ; unretract
;infill
G1 X-8.467 Y10.000 E226.4260 F3600
;LAYER:43 ;Z:8.60
G1 Z8.60 F9000 ; move to layer
G92 E0 ; reset extruder at layer start
G1 E-0.800 F9000 ; retract
G0 X-10.000 Y-10.000 F9000 ; travel
G1 E+0.800 F3600 ; unretract
;perimeter
G1 X-1.400 Y-10.000 E226.7692 F3600
G1 X10.000 Y-10.000 E227.2242 F3600
G1 X10.000 Y-1.400 E227.5675 F3600
G1 X10.000 Y10.000 E228.0225 F3600
G1 X-1.400 Y10.000 E228.4774 F3600
G1 X-10.000 Y10.000 E228.8207 F3600
G1 X-10.000 Y-1.400 E229.2757 F3600
G1 E-0.800 F9000 ; retract
G0 X-9.520 Y-9.520 F9000 ; travel
G1 E+0.800 F3600 ; unretract
;perimeter
G1 X-1.400 Y-9.520 E229.5998 F3600
G1 X9.520 Y-9.520 E230.0356 F3600
G1 X9.520 Y-1.400 E230.3597 F3600
G1 X9.520 Y9.520 E230.7955 F3600
G1 X-1.400 Y9.520 E231.2314 F3600
G1 X-9.520 Y9.520 E231.5555 F3600
G1 X-9.520 Y-1.400 E231.9913 F3600
G1 E-0.800 F9000 ; retract
G0 X7.737 Y-10.000 F9000 ; travel
G1 E+0.800 F3600 ; unretract
;infill
G1 X10.000 Y-7.737 E232.1190 F3600
G1 E-0.800 F9000 ; retract
G0 X3.212 Y-10.000 F9000 ; travel
G1 E+0.800 F3600 ; unretract
;infill
G1 X10.000 Y-3.212 E232.5022 F3600
G1 E-0.800 F9000 ; retract
G0 X-1.314 Y-10.000 F9000 ; travel
G1 E+0.800 F3600 ; unretract
;infill
G1 X10.000 Y1.314 E233.1408 F3600
G1 E-0.800 F9000 ; retract
G0 X-5.839 Y-10.000 F9000 ; travel
G1 E+0.800 F3600 ; unretract
;infill
G1 X10.000 Y5.839 E234.0348 F3600
G1 E-0.800 F9000 ; retract
G0 X-10.000 Y-9.635 F9000 ; travel
G1 E+0.800 F3600 ; unretract
;infill
G1 X9.635 Y10.000 E235.1431 F3600
G1 E-0.800 F9000 ; retract
G0 X-10.000 Y-5.110 F9000 ; travel
G1 E+0.800 F3600 ; unretract
;infill
G1 X5.110 Y10.000 E235.9960 F3600
G1 E-0.800 F9000 ; retract
G0 X-10.000 Y-0.584 F9000 ; travel
G1 E+0.800 F3600 ; unretract
;infill
G1 X0.584 Y10.000 E236.5934 F3600
G1 E-0.800 F9000 ; retract
G0 X-10.000 Y3.941 F9000 ; travel
G1 E+0.800 F3600 ; unretract
;infill
G1 X-3.941 Y10.000 E236.9354 F3600
G1 E-0.800 F9000 ; retract
G0 X-10.000 Y8.467 F9000 ; travel
G1 E+0.800 F3600 ; unretract
;infill
G1 X-8.467 Y10.000 E237.0220 F3600
;LAYER:44 ;Z:8.80
G1 Z8.80 F9000 ; move to layer
G92 E0 ; reset extruder at layer start
G1 E-0.800 F9000 ; retract
G0 X-10.000 Y-10.000 F9000 ; travel
G1 E+0.800 F3600 ; unretract
;perimeter
G1 X-1.200 Y-10.000 E237.3732 F3600
G1 X10.000 Y-10.000 E237.8202 F3600
G1 X10.000 Y-1.200 E238.1714 F3600
G1 X10.000 Y10.000 E238.6184 F3600
G1 X-1.200 Y10.000 E239.0655 F3600
G1 X-10.000 Y10.000 E239.4167 F3600
G1 X-10.000 Y-1.200 E239.8637 F3600
G1 E-0.800 F9000 ; retract
G0 X-9.520 Y-9.520 F9000 ; travel
G1 E+0.800 F3600 ; unretract
;perimeter
G1 X-1.200 Y-9.520 E240.1958 F3600
G1 X9.520 Y-9.520 E240.6236 F3600
G1 X9.520 Y-1.200 E240.9557 F3600
G1 X9.520 Y9.520 E241.3836 F3600
G1 X-1.200 Y9.520 E241.8114 F3600
G1 X-9.520 Y9.520 E242.1435 F3600
G1 X-9.520 Y-1.200 E242.5713 F3600
G1 E-0.800 F9000 ; retract
G0 X7.737 Y-10.000 F9000 ; travel
G1 E+0.800 F3600 ; unretract
;infill
G1 X10.000 Y-7.737 E242.6991 F3600
G1 E-0.800 F9000 ; retract
G0 X3.212 Y-10.000 F9000 ; travel
G1 E+0.800 F3600 ; unretract
;infill
G1 X10.000 Y-3.212 E243.0822 F3600
G1 E-0.800 F9000 ; retract
G0 X-1.314 Y-10.000 F9000 ; travel
G1 E+0.800 F3600 ; unretract
;infill
G1 X10.000 Y1.314 E243.7208 F3600
G1 E-0.800 F9000 ; retract
G0 X-5.839 Y-10.000 F9000 ; travel
G1 E+0.800 F3600 ; unretract
;infill
G1 X10.000 Y5.839 E244.6148 F3600
G1 E-0.800 F9000 ; retract
G0 X-10.000 Y-9.635 F9000 ; travel
G1 E+0.800 F3600 ; unretract
;infill
G1 X9.635 Y10.000 E245.7231 F3600
G1 E-0.800 F9000 ; retract
G0 X-10.000 Y-5.110 F9000 ; travel
G1 E+0.800 F3600 ; unretract
;infill
G1 X5.110 Y10.000 E246.5760 F3600
G1 E-0.800 F9000 ; retract
G0 X-10.000 Y-0.584 F9000 ; travel
G1 E+0.800 F3600 ; unretract
;infill
G1 X0.584 Y10.000 E247.1734 F3600
G1 E-0.800 F9000 ; retract
G0 X-10.000 Y3.941 F9000 ; travel
G1 E+0.800 F3600 ; unretract
;infill
G1 X-3.941 Y10.000 E247.5154 F3600
G1 E-0.800 F9000 ; retract
G0 X-10.000 Y8.467 F9000 ; travel
G1 E+0.800 F3600 ; unretract
;infill
G1 X-8.467 Y10.000 E247.6020 F3600
;LAYER:45 ;Z:9.00
G1 Z9.00 F9000 ; move to layer
G92 E0 ; reset extruder at layer start
G1 E-0.800 F9000 ; retract
G0 X-10.000 Y-10.000 F9000 ; travel
G1 E+0.800 F3600 ; unretract
;perimeter
G1 X-1.000 Y-10.000 E247.9612 F3600
G1 X10.000 Y-10.000 E248.4002 F3600
G1 X10.000 Y-1.000 E248.7594 F3600
G1 X10.000 Y10.000 E249.1985 F3600
G1 X-1.000 Y10.000 E249.6375 F3600
G1 X-10.000 Y10.000 E249.9967 F3600
G1 X-10.000 Y-1.000 E250.4357 F3600
G1 E-0.800 F9000 ; retract
G0 X-9.520 Y-9.520 F9000 ; travel
G1 E+0.800 F3600 ; unretract
;perimeter
G1 X-1.000 Y-9.520 E250.7758 F3600
G1 X9.520 Y-9.520 E251.1957 F3600
G1 X9.520 Y-1.000 E251.5357 F3600
G1 X9.520 Y9.520 E251.9556 F3600
G1 X-1.000 Y9.520 E252.3755 F3600
G1 X-9.520 Y9.520 E252.7155 F3600
G1 X-9.520 Y-1.000 E253.1354 F3600
G1 E-0.800 F9000 ; retract
G0 X7.737 Y-10.000 F9000 ; travel
G1 E+0.800 F3600 ; unretract
;infill
G1 X10.000 Y-7.737 E253.2631 F3600
G1 E-0.800 F9000 ; retract
G0 X3.212 Y-10.000 F9000 ; travel
G1 E+0.800 F3600 ; unretract
;infill
G1 X10.000 Y-3.212 E253.6463 F3600
G1 E-0.800 F9000 ; retract
G0 X-1.314 Y-10.000 F9000 ; travel
G1 E+0.800 F3600 ; unretract
;infill
G1 X10.000 Y1.314 E254.2849 F3600
G1 E-0.800 F9000 ; retract
G0 X-5.839 Y-10.000 F9000 ; travel
G1 E+0.800 F3600 ; unretract
;infill
G1 X10.000 Y5.839 E255.1789 F3600
G1 E-0.800 F9000 ; retract
G0 X-10.000 Y-9.635 F9000 ; travel
G1 E+0.800 F3600 ; unretract
;infill
G1 X9.635 Y10.000 E256.2872 F3600
G1 E-0.800 F9000 ; retract
G0 X-10.000 Y-5.110 F9000 ; travel
G1 E+0.800 F3600 ; unretract
;infill
G1 X5.110 Y10.000 E257.1401 F3600
G1 E-0.800 F9000 ; retract
G0 X-10.000 Y-0.584 F9000 ; travel
G1 E+0.800 F3600 ; unretract
;infill
G1 X0.584 Y10.000 E257.7375 F3600
G1 E-0.800 F9000 ; retract
G0 X-10.000 Y3.941 F9000 ; travel
G1 E+0.800 F3600 ; unretract
;infill
G1 X-3.941 Y10.000 E258.0795 F3600
G1 E-0.800 F9000 ; retract
G0 X-10.000 Y8.467 F9000 ; travel
G1 E+0.800 F3600 ; unretract
;infill
G1 X-8.467 Y10.000 E258.1660 F3600
;LAYER:46 ;Z:9.20
G1 Z9.20 F9000 ; move to layer
G92 E0 ; reset extruder at layer start
G1 E-0.800 F9000 ; retract
G0 X-10.000 Y-10.000 F9000 ; travel
G1 E+0.800 F3600 ; unretract
;perimeter
G1 X-0.800 Y-10.000 E258.5332 F3600
G1 X10.000 Y-10.000 E258.9643 F3600
G1 X10.000 Y-0.800 E259.3315 F3600
G1 X10.000 Y10.000 E259.7625 F3600
G1 X-0.800 Y10.000 E260.1936 F3600
G1 X-10.000 Y10.000 E260.5608 F3600
G1 X-10.000 Y-0.800 E260.9918 F3600
G1 E-0.800 F9000 ; retract
G0 X-9.520 Y-9.520 F9000 ; travel
G1 E+0.800 F3600 ; unretract
;perimeter
G1 X-0.800 Y-9.520 E261.3399 F3600
G1 X9.520 Y-9.520 E261.7517 F3600
G1 X9.520 Y-0.800 E262.0998 F3600
G1 X9.520 Y9.520 E262.5117 F3600
G1 X-0.800 Y9.520 E262.9236 F3600
G1 X-9.520 Y9.520 E263.2716 F3600
G1 X-9.520 Y-0.800 E263.6835 F3600
G1 E-0.800 F9000 ; retract
G0 X7.737 Y-10.000 F9000 ; travel
G1 E+0.800 F3600 ; unretract
;infill
G1 X10.000 Y-7.737 E263.8112 F3600
G1 E-0.800 F9000 ; retract
G0 X3.212 Y-10.000 F9000 ; travel
G1 E+0.800 F3600 ; unretract
;infill
G1 X10.000 Y-3.212 E264.1944 F3600
G1 E-0.800 F9000 ; retract
G0 X-1.314 Y-10.000 F9000 ; travel
G1 E+0.800 F3600 ; unretract
;infill
G1 X10.000 Y1.314 E264.8330 F3600
G1 E-0.800 F9000 ; retract
G0 X-5.839 Y-10.000 F9000 ; travel
G1 E+0.800 F3600 ; unretract
;infill
G1 X10.000 Y5.839 E265.7270 F3600
G1 E-0.800 F9000 ; retract
G0 X-10.000 Y-9.635 F9000 ; travel
G1 E+0.800 F3600 ; unretract
;infill
G1 X9.635 Y10.000 E266.8353 F3600
G1 E-0.800 F9000 ; retract
G0 X-10.000 Y-5.110 F9000 ; travel
G1 E+0.800 F3600 ; unretract
;infill
G1 X5.110 Y10.000 E267.6882 F3600
G1 E-0.800 F9000 ; retract
G0 X-10.000 Y-0.584 F9000 ; travel
G1 E+0.800 F3600 ; unretract
;infill
G1 X0.584 Y10.000 E268.2856 F3600
G1 E-0.800 F9000 ; retract
G0 X-10.000 Y3.941 F9000 ; travel
G1 E+0.800 F3600 ; unretract
;infill
G1 X-3.941 Y10.000 E268.6276 F3600
G1 E-0.800 F9000 ; retract
G0 X-10.000 Y8.467 F9000 ; travel
G1 E+0.800 F3600 ; unretract
;infill
G1 X-8.467 Y10.000 E268.7141 F3600
;LAYER:47 ;Z:9.40
G1 Z9.40 F9000 ; move to layer
G92 E0 ; reset extruder at layer start
G1 E-0.800 F9000 ; retract
G0 X-10.000 Y-10.000 F9000 ; travel
G1 E+0.800 F3600 ; unretract
;perimeter
G1 X-0.600 Y-10.000 E269.0893 F3600
G1 X10.000 Y-10.000 E269.5124 F3600
G1 X10.000 Y-0.600 E269.8876 F3600
G1 X10.000 Y10.000 E270.3106 F3600
G1 X-0.600 Y10.000 E270.7337 F3600
G1 X-10.000 Y10.000 E271.1089 F3600
G1 X-10.000 Y-0.600 E271.5319 F3600
G1 E-0.800 F9000 ; retract
G0 X-9.520 Y-9.520 F9000 ; travel
G1 E+0.800 F3600 ; unretract
;perimeter
G1 X-0.600 Y-9.520 E271.8880 F3600
G1 X9.520 Y-9.520 E272.2919 F3600
G1 X9.520 Y-0.600 E272.6479 F3600
G1 X9.520 Y9.520 E273.0518 F3600
G1 X-0.600 Y9.520 E273.4557 F3600
G1 X-9.520 Y9.520 E273.8117 F3600
G1 X-9.520 Y-0.600 E274.2156 F3600
G1 E-0.800 F9000 ; retract
G0 X7.737 Y-10.000 F9000 ; travel
G1 E+0.800 F3600 ; unretract
;infill
G1 X10.000 Y-7.737 E274.3433 F3600
G1 E-0.800 F9000 ; retract
G0 X3.212 Y-10.000 F9000 ; travel
G1 E+0.800 F3600 ; unretract
;infill
G1 X10.000 Y-3.212 E274.7265 F3600
G1 E-0.800 F9000 ; retract
G0 X-1.314 Y-10.000 F9000 ; travel
G1 E+0.800 F3600 ; unretract
;infill
G1 X10.000 Y1.314 E275.3651 F3600
G1 E-0.800 F9000 ; retract
G0 X-5.839 Y-10.000 F9000 ; travel
G1 E+0.800 F3600 ; unretract
;infill
G1 X10.000 Y5.839 E276.2591 F3600
G1 E-0.800 F9000 ; retract
G0 X-10.000 Y-9.635 F9000 ; travel
G1 E+0.800 F3600 ; unretract
;infill
G1 X9.635 Y10.000 E277.3674 F3600
G1 E-0.800 F9000 ; retract
G0 X-10.000 Y-5.110 F9000 ; travel
G1 E+0.800 F3600 ; unretract
;infill
G1 X5.110 Y10.000 E278.2203 F3600
G1 E-0.800 F9000 ; retract
G0 X-10.000 Y-0.584 F9000 ; travel
G1 E+0.800 F3600 ; unretract
;infill
G1 X0.584 Y10.000 E278.8177 F3600
G1 E-0.800 F9000 ; retract
G0 X-10.000 Y3.941 F9000 ; travel
G1 E+0.800 F3600 ; unretract
;infill
G1 X-3.941 Y10.000 E279.1597 F3600
G1 E-0.800 F9000 ; retract
G0 X-10.000 Y8.467 F9000 ; travel
G1 E+0.800 F3600 ; unretract
;infill
G1 X-8.467 Y10.000 E279.2463 F3600
;LAYER:48 ;Z:9.60
G1 Z9.60 F9000 ; move to layer
G92 E0 ; reset extruder at layer start
G1 E-0.800 F9000 ; retract
G0 X-10.000 Y-10.000 F9000 ; travel
G1 E+0.800 F3600 ; unretract
;perimeter
G1 X-0.400 Y-10.000 E279.6294 F3600
G1 X10.000 Y-10.000 E280.0445 F3600
G1 X10.000 Y-0.400 E280.4277 F3600
G1 X10.000 Y10.000 E280.8428 F3600
G1 X-0.400 Y10.000 E281.2578 F3600
G1 X-10.000 Y10.000 E281.6410 F3600
G1 X-10.000 Y-0.400 E282.0561 F3600
G1 E-0.800 F9000 ; retract
G0 X-9.520 Y-9.520 F9000 ; travel
G1 E+0.800 F3600 ; unretract
;perimeter
G1 X-0.400 Y-9.520 E282.4201 F3600
G1 X9.520 Y-9.520 E282.8160 F3600
G1 X9.520 Y-0.400 E283.1800 F3600
G1 X9.520 Y9.520 E283.5759 F3600
G1 X-0.400 Y9.520 E283.9719 F3600
G1 X-9.520 Y9.520 E284.3359 F3600
G1 X-9.520 Y-0.400 E284.7318 F3600
G1 E-0.800 F9000 ; retract
G0 X7.737 Y-10.000 F9000 ; travel
G1 E+0.800 F3600 ; unretract
;infill
G1 X10.000 Y-7.737 E284.8595 F3600
G1 E-0.800 F9000 ; retract
G0 X3.212 Y-10.000 F9000 ; travel
G1 E+0.800 F3600 ; unretract
;infill
G1 X10.000 Y-3.212 E285.2427 F3600
G1 E-0.800 F9000 ; retract
G0 X-1.314 Y-10.000 F9000 ; travel
G1 E+0.800 F3600 ; unretract
;infill
G1 X10.000 Y1.314 E285.8813 F3600
G1 E-0.800 F9000 ; retract
G0 X-5.839 Y-10.000 F9000 ; travel
G1 E+0.800 F3600 ; unretract
;infill
G1 X10.000 Y5.839 E286.7753 F3600
G1 E-0.800 F9000 ; retract
G0 X-10.000 Y-9.635 F9000 ; travel
G1 E+0.800 F3600 ; unretract
;infill
G1 X9.635 Y10.000 E287.8836 F3600
G1 E-0.800 F9000 ; retract
G0 X-10.000 Y-5.110 F9000 ; travel
G1 E+0.800 F3600 ; unretract
;infill
G1 X5.110 Y10.000 E288.7365 F3600
G1 E-0.800 F9000 ; retract
G0 X-10.000 Y-0.584 F9000 ; travel
G1 E+0.800 F3600 ; unretract
;infill
G1 X0.584 Y10.000 E289.3339 F3600
G1 E-0.800 F9000 ; retract
G0 X-10.000 Y3.941 F9000 ; travel
G1 E+0.800 F3600 ; unretract
;infill
G1 X-3.941 Y10.000 E289.6759 F3600
G1 E-0.800 F9000 ; retract
G0 X-10.000 Y8.467 F9000 ; travel
G1 E+0.800 F3600 ; unretract
;infill
G1 X-8.467 Y10.000 E289.7624 F3600
;LAYER:49 ;Z:9.80
G1 Z9.80 F9000 ; move to layer
G92 E0 ; reset extruder at layer start
G1 E-0.800 F9000 ; retract
G0 X-10.000 Y-10.000 F9000 ; travel
G1 E+0.800 F3600 ; unretract
;perimeter
G1 X-0.200 Y-10.000 E290.1536 F3600
G1 X10.000 Y-10.000 E290.5607 F3600
G1 X10.000 Y-0.200 E290.9518 F3600
G1 X10.000 Y10.000 E291.3589 F3600
G1 X-0.200 Y10.000 E291.7660 F3600
G1 X-10.000 Y10.000 E292.1572 F3600
G1 X-10.000 Y-0.200 E292.5643 F3600
G1 E-0.800 F9000 ; retract
G0 X-9.520 Y-9.520 F9000 ; travel
G1 E+0.800 F3600 ; unretract
;perimeter
G1 X-0.200 Y-9.520 E292.9362 F3600
G1 X9.520 Y-9.520 E293.3242 F3600
G1 X9.520 Y-0.200 E293.6962 F3600
G1 X9.520 Y9.520 E294.0841 F3600
G1 X-0.200 Y9.520 E294.4721 F3600
G1 X-9.520 Y9.520 E294.8440 F3600
G1 X-9.520 Y-0.200 E295.2320 F3600
G1 E-0.800 F9000 ; retract
G0 X7.737 Y-10.000 F9000 ; travel
G1 E+0.800 F3600 ; unretract
;infill
G1 X10.000 Y-7.737 E295.3597 F3600
G1 E-0.800 F9000 ; retract
G0 X3.212 Y-10.000 F9000 ; travel
G1 E+0.800 F3600 ; unretract
;infill
G1 X10.000 Y-3.212 E295.7429 F3600
G1 E-0.800 F9000 ; retract
G0 X-1.314 Y-10.000 F9000 ; travel
G1 E+0.800 F3600 ; unretract
;infill
G1 X10.000 Y1.314 E296.3815 F3600
G1 E-0.800 F9000 ; retract
G0 X-5.839 Y-10.000 F9000 ; travel
G1 E+0.800 F3600 ; unretract
;infill
G1 X10.000 Y5.839 E297.2755 F3600
G1 E-0.800 F9000 ; retract
G0 X-10.000 Y-9.635 F9000 ; travel
G1 E+0.800 F3600 ; unretract
;infill
G1 X9.635 Y10.000 E298.3838 F3600
G1 E-0.800 F9000 ; retract
G0 X-10.000 Y-5.110 F9000 ; travel
G1 E+0.800 F3600 ; unretract
;infill
G1 X5.110 Y10.000 E299.2367 F3600
G1 E-0.800 F9000 ; retract
G0 X-10.000 Y-0.584 F9000 ; travel
G1 E+0.800 F3600 ; unretract
;infill
G1 X0.584 Y10.000 E299.8341 F3600
G1 E-0.800 F9000 ; retract
G0 X-10.000 Y3.941 F9000 ; travel
G1 E+0.800 F3600 ; unretract
;infill
G1 X-3.941 Y10.000 E300.1761 F3600
G1 E-0.800 F9000 ; retract
G0 X-10.000 Y8.467 F9000 ; travel
G1 E+0.800 F3600 ; unretract
;infill
G1 X-8.467 Y10.000 E300.2626 F3600
;LAYER:50 ;Z:10.00
G1 Z10.00 F9000 ; move to layer
G92 E0 ; reset extruder at layer start
G1 E-0.800 F9000 ; retract
G0 X-10.000 Y-10.000 F9000 ; travel
G1 E+0.800 F3600 ; unretract
;perimeter
G1 X0.000 Y-10.000 E300.6618 F3600
G1 X10.000 Y-10.000 E301.0609 F3600
G1 X10.000 Y0.000 E301.4600 F3600
G1 X10.000 Y10.000 E301.8591 F3600
G1 X0.000 Y10.000 E302.2582 F3600
G1 X-10.000 Y10.000 E302.6574 F3600
G1 X-10.000 Y0.000 E303.0565 F3600
G1 E-0.800 F9000 ; retract
G0 X-9.520 Y-9.520 F9000 ; travel
G1 E+0.800 F3600 ; unretract
;perimeter
G1 X0.000 Y-9.520 E303.4364 F3600
G1 X9.520 Y-9.520 E303.8164 F3600
G1 X9.520 Y0.000 E304.1964 F3600
G1 X9.520 Y9.520 E304.5763 F3600
G1 X0.000 Y9.520 E304.9563 F3600
G1 X-9.520 Y9.520 E305.3363 F3600
G1 X-9.520 Y0.000 E305.7162 F3600
G1 E-0.800 F9000 ; retract
G0 X7.737 Y-10.000 F9000 ; travel
G1 E+0.800 F3600 ; unretract
;infill
G1 X10.000 Y-7.737 E305.8439 F3600
G1 E-0.800 F9000 ; retract
G0 X3.212 Y-10.000 F9000 ; travel
G1 E+0.800 F3600 ; unretract
;infill
G1 X10.000 Y-3.212 E306.2271 F3600
G1 E-0.800 F9000 ; retract
G0 X-1.314 Y-10.000 F9000 ; travel
G1 E+0.800 F3600 ; unretract
;infill
G1 X10.000 Y1.314 E306.8657 F3600
G1 E-0.800 F9000 ; retract
G0 X-5.839 Y-10.000 F9000 ; travel
G1 E+0.800 F3600 ; unretract
;infill
G1 X10.000 Y5.839 E307.7597 F3600
G1 E-0.800 F9000 ; retract
G0 X-10.000 Y-9.635 F9000 ; travel
G1 E+0.800 F3600 ; unretract
;infill
G1 X9.635 Y10.000 E308.8680 F3600
G1 E-0.800 F9000 ; retract
G0 X-10.000 Y-5.110 F9000 ; travel
G1 E+0.800 F3600 ; unretract
;infill
G1 X5.110 Y10.000 E309.7209 F3600
G1 E-0.800 F9000 ; retract
G0 X-10.000 Y-0.584 F9000 ; travel
G1 E+0.800 F3600 ; unretract
;infill
G1 X0.584 Y10.000 E310.3183 F3600
G1 E-0.800 F9000 ; retract
G0 X-10.000 Y3.941 F9000 ; travel
G1 E+0.800 F3600 ; unretract
;infill
G1 X-3.941 Y10.000 E310.6603 F3600
G1 E-0.800 F9000 ; retract
G0 X-10.000 Y8.467 F9000 ; travel
G1 E+0.800 F3600 ; unretract
;infill
G1 X-8.467 Y10.000 E310.7469 F3600
;LAYER:51 ;Z:10.20
G1 Z10.20 F9000 ; move to layer
G92 E0 ; reset extruder at layer start
G1 E-0.800 F9000 ; retract
G0 X-10.000 Y-10.000 F9000 ; travel
G1 E+0.800 F3600 ; unretract
;perimeter
G1 X0.200 Y-10.000 E311.1540 F3600
G1 X10.000 Y-10.000 E311.5451 F3600
G1 X10.000 Y0.200 E311.9522 F3600
G1 X10.000 Y10.000 E312.3434 F3600
G1 X0.200 Y10.000 E312.7345 F3600
G1 X-10.000 Y10.000 E313.1416 F3600
G1 X-10.000 Y0.200 E313.5327 F3600
G1 E-0.800 F9000 ; retract
G0 X-9.520 Y-9.520 F9000 ; travel
G1 E+0.800 F3600 ; unretract
;perimeter
G1 X0.200 Y-9.520 E313.9207 F3600
G1 X9.520 Y-9.520 E314.2927 F3600
G1 X9.520 Y0.200 E314.6806 F3600
G1 X9.520 Y9.520 E315.0526 F3600
G1 X0.200 Y9.520 E315.4246 F3600
G1 X-9.520 Y9.520 E315.8125 F3600
G1 X-9.520 Y0.200 E316.1845 F3600
G1 E-0.800 F9000 ; retract
G0 X7.737 Y-10.000 F9000 ; travel
G1 E+0.800 F3600 ; unretract
;infill
G1 X10.000 Y-7.737 E316.3122 F3600
G1 E-0.800 F9000 ; retract
G0 X3.212 Y-10.000 F9000 ; travel
G1 E+0.800 F3600 ; unretract
;infill
G1 X10.000 Y-3.212 E316.6954 F3600
G1 E-0.800 F9000 ; retract
G0 X-1.314 Y-10.000 F9000 ; travel
G1 E+0.800 F3600 ; unretract
;infill
G1 X10.000 Y1.314 E317.3340 F3600
G1 E-0.800 F9000 ; retract
G0 X-5.839 Y-10.000 F9000 ; travel
G1 E+0.800 F3600 ; unretract
;infill
G1 X10.000 Y5.839 E318.2280 F3600
G1 E-0.800 F9000 ; retract
G0 X-10.000 Y-9.635 F9000 ; travel
G1 E+0.800 F3600 ; unretract
;infill
G1 X9.635 Y10.000 E319.3363 F3600
G1 E-0.800 F9000 ; retract
G0 X-10.000 Y-5.110 F9000 ; travel
G1 E+0.800 F3600 ; unretract
;infill
G1 X5.110 Y10.000 E320.1892 F3600
G1 E-0.800 F9000 ; retract
G0 X-10.000 Y-0.584 F9000 ; travel
G1 E+0.800 F3600 ; unretract
;infill
G1 X0.584 Y10.000 E320.7866 F3600
G1 E-0.800 F9000 ; retract
G0 X-10.000 Y3.941 F9000 ; travel
G1 E+0.800 F3600 ; unretract
;infill
G1 X-3.941 Y10.000 E321.1286 F3600
G1 E-0.800 F9000 ; retract
G0 X-10.000 Y8.467 F9000 ; travel
G1 E+0.800 F3600 ; unretract
;infill
G1 X-8.467 Y10.000 E321.2151 F3600
;LAYER:52 ;Z:10.40
G1 Z10.40 F9000 ; move to layer
G92 E0 ; reset extruder at layer start
G1 E-0.800 F9000 ; retract
G0 X-10.000 Y-10.000 F9000 ; travel
G1 E+0.800 F3600 ; unretract
;perimeter
G1 X0.400 Y-10.000 E321.6302 F3600
G1 X10.000 Y-10.000 E322.0134 F3600
G1 X10.000 Y0.400 E322.4285 F3600
G1 X10.000 Y10.000 E322.8116 F3600
G1 X0.400 Y10.000 E323.1948 F3600
G1 X-10.000 Y10.000 E323.6099 F3600
G1 X-10.000 Y0.400 E323.9930 F3600
G1 E-0.800 F9000 ; retract
G0 X-9.520 Y-9.520 F9000 ; travel
G1 E+0.800 F3600 ; unretract
;perimeter
G1 X0.400 Y-9.520 E324.3890 F3600
G1 X9.520 Y-9.520 E324.7530 F3600
G1 X9.520 Y0.400 E325.1489 F3600
G1 X9.520 Y9.520 E325.5129 F3600
G1 X0.400 Y9.520 E325.8769 F3600
G1 X-9.520 Y9.520 E326.2728 F3600
G1 X-9.520 Y0.400 E326.6368 F3600
G1 E-0.800 F9000 ; retract
G0 X7.737 Y-10.000 F9000 ; travel
G1 E+0.800 F3600 ; unretract
;infill
G1 X10.000 Y-7.737 E326.7645 F3600
G1 E-0.800 F9000 ; retract
G0 X3.212 Y-10.000 F9000 ; travel
G1 E+0.800 F3600 ; unretract
;infill
G1 X10.000 Y-3.212 E327.1477 F3600
G1 E-0.800 F9000 ; retract
G0 X-1.314 Y-10.000 F9000 ; travel
G1 E+0.800 F3600 ; unretract
;infill
G1 X10.000 Y1.314 E327.7863 F3600
G1 E-0.800 F9000 ; retract
G0 X-5.839 Y-10.000 F9000 ; travel
G1 E+0.800 F3600 ; unretract
;infill
G1 X10.000 Y5.839 E328.6803 F3600
G1 E-0.800 F9000 ; retract
G0 X-10.000 Y-9.635 F9000 ; travel
G1 E+0.800 F3600 ; unretract
;infill
G1 X9.635 Y10.000 E329.7886 F3600
G1 E-0.800 F9000 ; retract
G0 X-10.000 Y-5.110 F9000 ; travel
G1 E+0.800 F3600 ; unretract
;infill
G1 X5.110 Y10.000 E330.6415 F3600
G1 E-0.800 F9000 ; retract
G0 X-10.000 Y-0.584 F9000 ; travel
G1 E+0.800 F3600 ; unretract
;infill
G1 X0.584 Y10.000 E331.2389 F3600
G1 E-0.800 F9000 ; retract
G0 X-10.000 Y3.941 F9000 ; travel
G1 E+0.800 F3600 ; unretract
;infill
G1 X-3.941 Y10.000 E331.5809 F3600
G1 E-0.800 F9000 ; retract
G0 X-10.000 Y8.467 F9000 ; travel
G1 E+0.800 F3600 ; unretract
;infill
G1 X-8.467 Y10.000 E331.6674 F3600
;LAYER:53 ;Z:10.60
G1 Z10.60 F9000 ; move to layer
G92 E0 ; reset extruder at layer start
G1 E-0.800 F9000 ; retract
G0 X-10.000 Y-10.000 F9000 ; travel
G1 E+0.800 F3600 ; unretract
;perimeter
G1 X0.600 Y-10.000 E332.0905 F3600
G1 X10.000 Y-10.000 E332.4657 F3600
G1 X10.000 Y0.600 E332.8888 F3600
G1 X10.000 Y10.000 E333.2639 F3600
G1 X0.600 Y10.000 E333.6391 F3600
G1 X-10.000 Y10.000 E334.0622 F3600
G1 X-10.000 Y0.600 E334.4373 F3600
G1 E-0.800 F9000 ; retract
G0 X-9.520 Y-9.520 F9000 ; travel
G1 E+0.800 F3600 ; unretract
;perimeter
G1 X0.600 Y-9.520 E334.8413 F3600
G1 X9.520 Y-9.520 E335.1973 F3600
G1 X9.520 Y0.600 E335.6012 F3600
G1 X9.520 Y9.520 E335.9572 F3600
G1 X0.600 Y9.520 E336.3132 F3600
G1 X-9.520 Y9.520 E336.7171 F3600
G1 X-9.520 Y0.600 E337.0731 F3600
G1 E-0.800 F9000 ; retract
G0 X7.737 Y-10.000 F9000 ; travel
G1 E+0.800 F3600 ; unretract
;infill
G1 X10.000 Y-7.737 E337.2009 F3600
G1 E-0.800 F9000 ; retract
G0 X3.212 Y-10.000 F9000 ; travel
G1 E+0.800 F3600 ; unretract
;infill
G1 X10.000 Y-3.212 E337.5840 F3600
G1 E-0.800 F9000 ; retract
G0 X-1.314 Y-10.000 F9000 ; travel
G1 E+0.800 F3600 ; unretract
;infill
G1 X10.000 Y1.314 E338.2226 F3600
G1 E-0.800 F9000 ; retract
G0 X-5.839 Y-10.000 F9000 ; travel
G1 E+0.800 F3600 ; unretract
;infill
G1 X10.000 Y5.839 E339.1167 F3600
G1 E-0.800 F9000 ; retract
G0 X-10.000 Y-9.635 F9000 ; travel
G1 E+0.800 F3600 ; unretract
;infill
G1 X9.635 Y10.000 E340.2250 F3600
G1 E-0.800 F9000 ; retract
G0 X-10.000 Y-5.110 F9000 ; travel
G1 E+0.800 F3600 ; unretract
;infill
G1 X5.110 Y10.000 E341.0778 F3600
G1 E-0.800 F9000 ; retract
G0 X-10.000 Y-0.584 F9000 ; travel
G1 E+0.800 F3600 ; unretract
;infill
G1 X0.584 Y10.000 E341.6752 F3600
G1 E-0.800 F9000 ; retract
G0 X-10.000 Y3.941 F9000 ; travel
G1 E+0.800 F3600 ; unretract
;infill
G1 X-3.941 Y10.000 E342.0172 F3600
G1 E-0.800 F9000 ; retract
G0 X-10.000 Y8.467 F9000 ; travel
G1 E+0.800 F3600 ; unretract
;infill
G1 X-8.467 Y10.000 E342.1038 F3600
;LAYER:54 ;Z:10.80
G1 Z10.80 F9000 ; move to layer
G92 E0 ; reset extruder at layer start
G1 E-0.800 F9000 ; retract
G0 X-10.000 Y-10.000 F9000 ; travel
G1 E+0.800 F3600 ; unretract
;perimeter
G1 X0.800 Y-10.000 E342.5348 F3600
G1 X10.000 Y-10.000 E342.9020 F3600
G1 X10.000 Y0.800 E343.3331 F3600
G1 X10.000 Y10.000 E343.7003 F3600
G1 X0.800 Y10.000 E344.0675 F3600
G1 X-10.000 Y10.000 E344.4985 F3600
G1 X-10.000 Y0.800 E344.8657 F3600
G1 E-0.800 F9000 ; retract
G0 X-9.520 Y-9.520 F9000 ; travel
G1 E+0.800 F3600 ; unretract
;perimeter
G1 X0.800 Y-9.520 E345.2776 F3600
G1 X9.520 Y-9.520 E345.6256 F3600
G1 X9.520 Y0.800 E346.0375 F3600
G1 X9.520 Y9.520 E346.3856 F3600
G1 X0.800 Y9.520 E346.7336 F3600
G1 X-9.520 Y9.520 E347.1455 F3600
G1 X-9.520 Y0.800 E347.4935 F3600
G1 E-0.800 F9000 ; retract
G0 X7.737 Y-10.000 F9000 ; travel
G1 E+0.800 F3600 ; unretract
;infill
G1 X10.000 Y-7.737 E347.6212 F3600
G1 E-0.800 F9000 ; retract
G0 X3.212 Y-10.000 F9000 ; travel
G1 E+0.800 F3600 ; unretract
;infill
G1 X10.000 Y-3.212 E348.0044 F3600
G1 E-0.800 F9000 ; retract
G0 X-1.314 Y-10.000 F9000 ; travel
G1 E+0.800 F3600 ; unretract
;infill
G1 X10.000 Y1.314 E348.6430 F3600
G1 E-0.800 F9000 ; retract
G0 X-5.839 Y-10.000 F9000 ; travel
G1 E+0.800 F3600 ; unretract
;infill
G1 X10.000 Y5.839 E349.5370 F3600
G1 E-0.800 F9000 ; retract
G0 X-10.000 Y-9.635 F9000 ; travel
G1 E+0.800 F3600 ; unretract
;infill
G1 X9.635 Y10.000 E350.6453 F3600
G1 E-0.800 F9000 ; retract
G0 X-10.000 Y-5.110 F9000 ; travel
G1 E+0.800 F3600 ; unretract
;infill
G1 X5.110 Y10.000 E351.4982 F3600
G1 E-0.800 F9000 ; retract
G0 X-10.000 Y-0.584 F9000 ; travel
G1 E+0.800 F3600 ; unretract
;infill
G1 X0.584 Y10.000 E352.0956 F3600
G1 E-0.800 F9000 ; retract
G0 X-10.000 Y3.941 F9000 ; travel
G1 E+0.800 F3600 ; unretract
;infill
G1 X-3.941 Y10.000 E352.4376 F3600
G1 E-0.800 F9000 ; retract
G0 X-10.000 Y8.467 F9000 ; travel
G1 E+0.800 F3600 ; unretract
;infill
G1 X-8.467 Y10.000 E352.5242 F3600
;LAYER:55 ;Z:11.00
G1 Z11.00 F9000 ; move to layer
G92 E0 ; reset extruder at layer start
G1 E-0.800 F9000 ; retract
G0 X-10.000 Y-10.000 F9000 ; travel
G1 E+0.800 F3600 ; unretract
;perimeter
G1 X1.000 Y-10.000 E352.9632 F3600
G1 X10.000 Y-10.000 E353.3224 F3600
G1 X10.000 Y1.000 E353.7614 F3600
G1 X10.000 Y10.000 E354.1206 F3600
G1 X1.000 Y10.000 E354.4799 F3600
G1 X-10.000 Y10.000 E354.9189 F3600
G1 X-10.000 Y1.000 E355.2781 F3600
G1 E-0.800 F9000 ; retract
G0 X-9.520 Y-9.520 F9000 ; travel
G1 E+0.800 F3600 ; unretract
;perimeter
G1 X1.000 Y-9.520 E355.6980 F3600
G1 X9.520 Y-9.520 E356.0380 F3600
G1 X9.520 Y1.000 E356.4579 F3600
G1 X9.520 Y9.520 E356.7980 F3600
G1 X1.000 Y9.520 E357.1380 F3600
G1 X-9.520 Y9.520 E357.5579 F3600
G1 X-9.520 Y1.000 E357.8979 F3600
G1 E-0.800 F9000 ; retract
G0 X7.737 Y-10.000 F9000 ; travel
G1 E+0.800 F3600 ; unretract
;infill
G1 X10.000 Y-7.737 E358.0257 F3600
G1 E-0.800 F9000 ; retract
G0 X3.212 Y-10.000 F9000 ; travel
G1 E+0.800 F3600 ; unretract
;infill
G1 X10.000 Y-3.212 E358.4088 F3600
G1 E-0.800 F9000 ; retract
G0 X-1.314 Y-10.000 F9000 ; travel
G1 E+0.800 F3600 ; unretract
;infill
G1 X10.000 Y1.314 E359.0474 F3600
G1 E-0.800 F9000 ; retract
G0 X-5.839 Y-10.000 F9000 ; travel
G1 E+0.800 F3600 ; unretract
;infill
G1 X10.000 Y5.839 E359.9414 F3600
G1 E-0.800 F9000 ; retract
G0 X-10.000 Y-9.635 F9000 ; travel
G1 E+0.800 F3600 ; unretract
;infill
G1 X9.635 Y10.000 E361.0497 F3600
G1 E-0.800 F9000 ; retract
G0 X-10.000 Y-5.110 F9000 ; travel
G1 E+0.800 F3600 ; unretract
;infill
G1 X5.110 Y10.000 E361.9026 F3600
G1 E-0.800 F9000 ; retract
G0 X-10.000 Y-0.584 F9000 ; travel
G1 E+0.800 F3600 ; unretract
;infill
G1 X0.584 Y10.000 E362.5000 F3600
G1 E-0.800 F9000 ; retract
G0 X-10.000 Y3.941 F9000 ; travel
G1 E+0.800 F3600 ; unretract
;infill
G1 X-3.941 Y10.000 E362.8420 F3600
G1 E-0.800 F9000 ; retract
G0 X-10.000 Y8.467 F9000 ; travel
G1 E+0.800 F3600 ; unretract
;infill
G1 X-8.467 Y10.000 E362.9286 F3600
;LAYER:56 ;Z:11.20
G1 Z11.20 F9000 ; move to layer
G92 E0 ; reset extruder at layer start
G1 E-0.800 F9000 ; retract
G0 X-10.000 Y-10.000 F9000 ; travel
G1 E+0.800 F3600 ; unretract
;perimeter
G1 X1.200 Y-10.000 E363.3756 F3600
G1 X10.000 Y-10.000 E363.7268 F3600
G1 X10.000 Y1.200 E364.1738 F3600
G1 X10.000 Y10.000 E364.5251 F3600
G1 X1.200 Y10.000 E364.8763 F3600
G1 X-10.000 Y10.000 E365.3233 F3600
G1 X-10.000 Y1.200 E365.6745 F3600
G1 E-0.800 F9000 ; retract
G0 X-9.520 Y-9.520 F9000 ; travel
G1 E+0.800 F3600 ; unretract
;perimeter
G1 X1.200 Y-9.520 E366.1024 F3600
G1 X9.520 Y-9.520 E366.4345 F3600
G1 X9.520 Y1.200 E366.8623 F3600
G1 X9.520 Y9.520 E367.1944 F3600
G1 X1.200 Y9.520 E367.5265 F3600
G1 X-9.520 Y9.520 E367.9543 F3600
G1 X-9.520 Y1.200 E368.2864 F3600
G1 E-0.800 F9000 ; retract
G0 X7.737 Y-10.000 F9000 ; travel
G1 E+0.800 F3600 ; unretract
;infill
G1 X10.000 Y-7.737 E368.4141 F3600
G1 E-0.800 F9000 ; retract
G0 X3.212 Y-10.000 F9000 ; travel
G1 E+0.800 F3600 ; unretract
;infill
G1 X10.000 Y-3.212 E368.7973 F3600
G1 E-0.800 F9000 ; retract
G0 X-1.314 Y-10.000 F9000 ; travel
G1 E+0.800 F3600 ; unretract
;infill
G1 X10.000 Y1.314 E369.4359 F3600
G1 E-0.800 F9000 ; retract
G0 X-5.839 Y-10.000 F9000 ; travel
G1 E+0.800 F3600 ; unretract
;infill
G1 X10.000 Y5.839 E370.3299 F3600
G1 E-0.800 F9000 ; retract
G0 X-10.000 Y-9.635 F9000 ; travel
G1 E+0.800 F3600 ; unretract
;infill
G1 X9.635 Y10.000 E371.4382 F3600
G1 E-0.800 F9000 ; retract
G0 X-10.000 Y-5.110 F9000 ; travel
G1 E+0.800 F3600 ; unretract
;infill
G1 X5.110 Y10.000 E372.2911 F3600
G1 E-0.800 F9000 ; retract
G0 X-10.000 Y-0.584 F9000 ; travel
G1 E+0.800 F3600 ; unretract
;infill
G1 X0.584 Y10.000 E372.8885 F3600
G1 E-0.800 F9000 ; retract
G0 X-10.000 Y3.941 F9000 ; travel
G1 E+0.800 F3600 ; unretract
;infill
G1 X-3.941 Y10.000 E373.2305 F3600
G1 E-0.800 F9000 ; retract
G0 X-10.000 Y8.467 F9000 ; travel
G1 E+0.800 F3600 ; unretract
;infill
G1 X-8.467 Y10.000 E373.3170 F3600
;LAYER:58 ;Z:11.60
G1 Z11.60 F9000 ; move to layer
G92 E0 ; reset extruder at layer start
G1 E-0.800 F9000 ; retract
G0 X-10.000 Y-10.000 F9000 ; travel
G1 E+0.800 F3600 ; unretract
;perimeter
G1 X1.600 Y-10.000 E373.7800 F3600
G1 X10.000 Y-10.000 E374.1153 F3600
G1 X10.000 Y1.600 E374.5782 F3600
G1 X10.000 Y10.000 E374.9135 F3600
G1 X1.600 Y10.000 E375.2488 F3600
G1 X-10.000 Y10.000 E375.7118 F3600
G1 X-10.000 Y1.600 E376.0470 F3600
G1 E-0.800 F9000 ; retract
G0 X-9.520 Y-9.520 F9000 ; travel
G1 E+0.800 F3600 ; unretract
;perimeter
G1 X1.600 Y-9.520 E376.4908 F3600
G1 X9.520 Y-9.520 E376.8069 F3600
G1 X9.520 Y1.600 E377.2508 F3600
G1 X9.520 Y9.520 E377.5669 F3600
G1 X1.600 Y9.520 E377.8830 F3600
G1 X-9.520 Y9.520 E378.3268 F3600
G1 X-9.520 Y1.600 E378.6429 F3600
G1 E-0.800 F9000 ; retract
G0 X7.737 Y-10.000 F9000 ; travel
G1 E+0.800 F3600 ; unretract
;infill
G1 X10.000 Y-7.737 E378.7706 F3600
G1 E-0.800 F9000 ; retract
G0 X3.212 Y-10.000 F9000 ; travel
G1 E+0.800 F3600 ; unretract
;infill
G1 X10.000 Y-3.212 E379.1538 F3600
G1 E-0.800 F9000 ; retract
G0 X-1.314 Y-10.000 F9000 ; travel
G1 E+0.800 F3600 ; unretract
;infill
G1 X10.000 Y1.314 E379.7924 F3600
G1 E-0.800 F9000 ; retract
G0 X-5.839 Y-10.000 F9000 ; travel
G1 E+0.800 F3600 ; unretract
;infill
G1 X10.000 Y5.839 E380.6864 F3600
G1 E-0.800 F9000 ; retract
G0 X-10.000 Y-9.635 F9000 ; travel
G1 E+0.800 F3600 ; unretract
;infill
G1 X9.635 Y10.000 E381.7947 F3600
G1 E-0.800 F9000 ; retract
G0 X-10.000 Y-5.110 F9000 ; travel
G1 E+0.800 F3600 ; unretract
;infill
G1 X5.110 Y10.000 E382.6476 F3600
G1 E-0.800 F9000 ; retract
G0 X-10.000 Y-0.584 F9000 ; travel
G1 E+0.800 F3600 ; unretract
;infill
G1 X0.584 Y10.000 E383.2450 F3600
G1 E-0.800 F9000 ; retract
G0 X-10.000 Y3.941 F9000 ; travel
G1 E+0.800 F3600 ; unretract
;infill
G1 X-3.941 Y10.000 E383.5870 F3600
G1 E-0.800 F9000 ; retract
G0 X-10.000 Y8.467 F9000 ; travel
G1 E+0.800 F3600 ; unretract
;infill
G1 X-8.467 Y10.000 E383.6735 F3600
;LAYER:60 ;Z:12.00
G1 Z12.00 F9000 ; move to layer
G92 E0 ; reset extruder at layer start
G1 E-0.800 F9000 ; retract
G0 X-10.000 Y-10.000 F9000 ; travel
G1 E+0.800 F3600 ; unretract
;perimeter
G1 X2.000 Y-10.000 E384.1525 F3600
G1 X10.000 Y-10.000 E384.4718 F3600
G1 X10.000 Y2.000 E384.9507 F3600
G1 X10.000 Y10.000 E385.2700 F3600
G1 X2.000 Y10.000 E385.5893 F3600
G1 X-10.000 Y10.000 E386.0683 F3600
G1 X-10.000 Y2.000 E386.3876 F3600
G1 E-0.800 F9000 ; retract
G0 X-9.520 Y-9.520 F9000 ; travel
G1 E+0.800 F3600 ; unretract
;perimeter
G1 X2.000 Y-9.520 E386.8474 F3600
G1 X9.520 Y-9.520 E387.1475 F3600
G1 X9.520 Y2.000 E387.6073 F3600
G1 X9.520 Y9.520 E387.9074 F3600
G1 X2.000 Y9.520 E388.2076 F3600
G1 X-9.520 Y9.520 E388.6673 F3600
G1 X-9.520 Y2.000 E388.9675 F3600
G1 E-0.800 F9000 ; retract
G0 X7.737 Y-10.000 F9000 ; travel
G1 E+0.800 F3600 ; unretract
;infill
G1 X10.000 Y-7.737 E389.0952 F3600
G1 E-0.800 F9000 ; retract
G0 X3.212 Y-10.000 F9000 ; travel
G1 E+0.800 F3600 ; unretract
;infill
G1 X10.000 Y-3.212 E389.4784 F3600
G1 E-0.800 F9000 ; retract
G0 X-1.314 Y-10.000 F9000 ; travel
G1 E+0.800 F3600 ; unretract
;infill
G1 X10.000 Y1.314 E390.1170 F3600
G1 E-0.800 F9000 ; retract
G0 X-5.839 Y-10.000 F9000 ; travel
G1 E+0.800 F3600 ; unretract
;infill
G1 X10.000 Y5.839 E391.0110 F3600
G1 E-0.800 F9000 ; retract
G0 X-10.000 Y-9.635 F9000 ; travel
G1 E+0.800 F3600 ; unretract
;infill
G1 X9.635 Y10.000 E392.1193 F3600
G1 E-0.800 F9000 ; retract
G0 X-10.000 Y-5.110 F9000 ; travel
G1 E+0.800 F3600 ; unretract
;infill
G1 X5.110 Y10.000 E392.9722 F3600
G1 E-0.800 F9000 ; retract
G0 X-10.000 Y-0.584 F9000 ; travel
G1 E+0.800 F3600 ; unretract
;infill
G1 X0.584 Y10.000 E393.5696 F3600
G1 E-0.800 F9000 ; retract
G0 X-10.000 Y3.941 F9000 ; travel
G1 E+0.800 F3600 ; unretract
;infill
G1 X-3.941 Y10.000 E393.9116 F3600
G1 E-0.800 F9000 ; retract
G0 X-10.000 Y8.467 F9000 ; travel
G1 E+0.800 F3600 ; unretract
;infill
G1 X-8.467 Y10.000 E393.9981 F3600
;LAYER:63 ;Z:12.60
G1 Z12.60 F9000 ; move to layer
G92 E0 ; reset extruder at layer start
G1 E-0.800 F9000 ; retract
G0 X-10.000 Y-10.000 F9000 ; travel
G1 E+0.800 F3600 ; unretract
;perimeter
G1 X2.600 Y-10.000 E394.5010 F3600
G1 X10.000 Y-10.000 E394.7964 F3600
G1 X10.000 Y2.600 E395.2993 F3600
G1 X10.000 Y10.000 E395.5946 F3600
G1 X2.600 Y10.000 E395.8900 F3600
G1 X-10.000 Y10.000 E396.3929 F3600
G1 X-10.000 Y2.600 E396.6882 F3600
G1 E-0.800 F9000 ; retract
G0 X-9.520 Y-9.520 F9000 ; travel
G1 E+0.800 F3600 ; unretract
;perimeter
G1 X2.600 Y-9.520 E397.1719 F3600
G1 X9.520 Y-9.520 E397.4481 F3600
G1 X9.520 Y2.600 E397.9319 F3600
G1 X9.520 Y9.520 E398.2081 F3600
G1 X2.600 Y9.520 E398.4843 F3600
G1 X-9.520 Y9.520 E398.9680 F3600
G1 X-9.520 Y2.600 E399.2442 F3600
G1 E-0.800 F9000 ; retract
G0 X7.737 Y-10.000 F9000 ; travel
G1 E+0.800 F3600 ; unretract
;infill
G1 X10.000 Y-7.737 E399.3719 F3600
G1 E-0.800 F9000 ; retract
G0 X3.212 Y-10.000 F9000 ; travel
G1 E+0.800 F3600 ; unretract
;infill
G1 X10.000 Y-3.212 E399.7551 F3600
G1 E-0.800 F9000 ; retract
G0 X-1.314 Y-10.000 F9000 ; travel
G1 E+0.800 F3600 ; unretract
;infill
G1 X10.000 Y1.314 E400.3936 F3600
G1 E-0.800 F9000 ; retract
G0 X-5.839 Y-10.000 F9000 ; travel
G1 E+0.800 F3600 ; unretract
;infill
G1 X10.000 Y5.839 E401.2877 F3600
G1 E-0.800 F9000 ; retract
G0 X-10.000 Y-9.635 F9000 ; travel
G1 E+0.800 F3600 ; unretract
;infill
G1 X9.635 Y10.000 E402.3960 F3600
G1 E-0.800 F9000 ; retract
G0 X-10.000 Y-5.110 F9000 ; travel
G1 E+0.800 F3600 ; unretract
;infill
G1 X5.110 Y10.000 E403.2488 F3600
G1 E-0.800 F9000 ; retract
G0 X-10.000 Y-0.584 F9000 ; travel
G1 E+0.800 F3600 ; unretract
;infill
G1 X0.584 Y10.000 E403.8463 F3600
G1 E-0.800 F9000 ; retract
G0 X-10.000 Y3.941 F9000 ; travel
G1 E+0.800 F3600 ; unretract
;infill
G1 X-3.941 Y10.000 E404.1883 F3600
G1 E-0.800 F9000 ; retract
G0 X-10.000 Y8.467 F9000 ; travel
G1 E+0.800 F3600 ; unretract
;infill
G1 X-8.467 Y10.000 E404.2748 F3600
;LAYER:65 ;Z:13.00
G1 Z13.00 F9000 ; move to layer
G92 E0 ; reset extruder at layer start
G1 E-0.800 F9000 ; retract
G0 X-10.000 Y-10.000 F9000 ; travel
G1 E+0.800 F3600 ; unretract
;perimeter
G1 X3.000 Y-10.000 E404.7937 F3600
G1 X10.000 Y-10.000 E405.0731 F3600
G1 X10.000 Y3.000 E405.5919 F3600
G1 X10.000 Y10.000 E405.8713 F3600
G1 X3.000 Y10.000 E406.1507 F3600
G1 X-10.000 Y10.000 E406.6695 F3600
G1 X-10.000 Y3.000 E406.9489 F3600
G1 E-0.800 F9000 ; retract
G0 X-9.520 Y-9.520 F9000 ; travel
G1 E+0.800 F3600 ; unretract
;perimeter
G1 X3.000 Y-9.520 E407.4486 F3600
G1 X9.520 Y-9.520 E407.7089 F3600
G1 X9.520 Y3.000 E408.2086 F3600
G1 X9.520 Y9.520 E408.4688 F3600
G1 X3.000 Y9.520 E408.7290 F3600
G1 X-9.520 Y9.520 E409.2287 F3600
G1 X-9.520 Y3.000 E409.4889 F3600
G1 E-0.800 F9000 ; retract
G0 X7.737 Y-10.000 F9000 ; travel
G1 E+0.800 F3600 ; unretract
;infill
G1 X10.000 Y-7.737 E409.6167 F3600
G1 E-0.800 F9000 ; retract
G0 X3.212 Y-10.000 F9000 ; travel
G1 E+0.800 F3600 ; unretract
;infill
G1 X10.000 Y-3.212 E409.9998 F3600
G1 E-0.800 F9000 ; retract
G0 X-1.314 Y-10.000 F9000 ; travel
G1 E+0.800 F3600 ; unretract
;infill
G1 X10.000 Y1.314 E410.6384 F3600
G1 E-0.800 F9000 ; retract
G0 X-5.839 Y-10.000 F9000 ; travel
G1 E+0.800 F3600 ; unretract
;infill
G1 X10.000 Y5.839 E411.5324 F3600
G1 E-0.800 F9000 ; retract
G0 X-10.000 Y-9.635 F9000 ; travel
G1 E+0.800 F3600 ; unretract
;infill
G1 X9.635 Y10.000 E412.6407 F3600
G1 E-0.800 F9000 ; retract
G0 X-10.000 Y-5.110 F9000 ; travel
G1 E+0.800 F3600 ; unretract
;infill
G1 X5.110 Y10.000 E413.4936 F3600
G1 E-0.800 F9000 ; retract
G0 X-10.000 Y-0.584 F9000 ; travel
G1 E+0.800 F3600 ; unretract
;infill
G1 X0.584 Y10.000 E414.0910 F3600
G1 E-0.800 F9000 ; retract
G0 X-10.000 Y3.941 F9000 ; travel
G1 E+0.800 F3600 ; unretract
;infill
G1 X-3.941 Y10.000 E414.4330 F3600
G1 E-0.800 F9000 ; retract
G0 X-10.000 Y8.467 F9000 ; travel
G1 E+0.800 F3600 ; unretract
;infill
G1 X-8.467 Y10.000 E414.5196 F3600
;LAYER:67 ;Z:13.40
G1 Z13.40 F9000 ; move to layer
G92 E0 ; reset extruder at layer start
G1 E-0.800 F9000 ; retract
G0 X-10.000 Y-10.000 F9000 ; travel
G1 E+0.800 F3600 ; unretract
;perimeter
G1 X3.400 Y-10.000 E415.0544 F3600
G1 X10.000 Y-10.000 E415.3178 F3600
G1 X10.000 Y3.400 E415.8526 F3600
G1 X10.000 Y10.000 E416.1161 F3600
G1 X3.400 Y10.000 E416.3795 F3600
G1 X-10.000 Y10.000 E416.9143 F3600
G1 X-10.000 Y3.400 E417.1777 F3600
G1 E-0.800 F9000 ; retract
G0 X-9.520 Y-9.520 F9000 ; travel
G1 E+0.800 F3600 ; unretract
;perimeter
G1 X3.400 Y-9.520 E417.6934 F3600
G1 X9.520 Y-9.520 E417.9377 F3600
G1 X9.520 Y3.400 E418.4533 F3600
G1 X9.520 Y9.520 E418.6976 F3600
G1 X3.400 Y9.520 E418.9418 F3600
G1 X-9.520 Y9.520 E419.4575 F3600
G1 X-9.520 Y3.400 E419.7018 F3600
G1 E-0.800 F9000 ; retract
G0 X7.737 Y-10.000 F9000 ; travel
G1 E+0.800 F3600 ; unretract
;infill
G1 X10.000 Y-7.737 E419.8295 F3600
G1 E-0.800 F9000 ; retract
G0 X3.212 Y-10.000 F9000 ; travel
G1 E+0.800 F3600 ; unretract
;infill
G1 X10.000 Y-3.212 E420.2127 F3600
G1 E-0.800 F9000 ; retract
G0 X-1.314 Y-10.000 F9000 ; travel
G1 E+0.800 F3600 ; unretract
;infill
G1 X10.000 Y1.314 E420.8512 F3600
G1 E-0.800 F9000 ; retract
G0 X-5.839 Y-10.000 F9000 ; travel
G1 E+0.800 F3600 ; unretract
;infill
G1 X10.000 Y5.839 E421.7453 F3600
G1 E-0.800 F9000 ; retract
G0 X-10.000 Y-9.635 F9000 ; travel
G1 E+0.800 F3600 ; unretract
;infill
G1 X9.635 Y10.000 E422.8536 F3600
G1 E-0.800 F9000 ; retract
G0 X-10.000 Y-5.110 F9000 ; travel
G1 E+0.800 F3600 ; unretract
;infill
G1 X5.110 Y10.000 E423.7064 F3600
G1 E-0.800 F9000 ; retract
G0 X-10.000 Y-0.584 F9000 ; travel
G1 E+0.800 F3600 ; unretract
;infill
G1 X0.584 Y10.000 E424.3039 F3600
G1 E-0.800 F9000 ; retract
G0 X-10.000 Y3.941 F9000 ; travel
G1 E+0.800 F3600 ; unretract
;infill
G1 X-3.941 Y10.000 E424.6459 F3600
G1 E-0.800 F9000 ; retract
G0 X-10.000 Y8.467 F9000 ; travel
G1 E+0.800 F3600 ; unretract
;infill
G1 X-8.467 Y10.000 E424.7324 F3600
;LAYER:68 ;Z:13.60
G1 Z13.60 F9000 ; move to layer
G92 E0 ; reset extruder at layer start
G1 E-0.800 F9000 ; retract
G0 X-10.000 Y-10.000 F9000 ; travel
G1 E+0.800 F3600 ; unretract
;perimeter
G1 X3.600 Y-10.000 E425.2752 F3600
G1 X10.000 Y-10.000 E425.5307 F3600
G1 X10.000 Y3.600 E426.0735 F3600
G1 X10.000 Y10.000 E426.3289 F3600
G1 X3.600 Y10.000 E426.5843 F3600
G1 X-10.000 Y10.000 E427.1271 F3600
G1 X-10.000 Y3.600 E427.3826 F3600
G1 E-0.800 F9000 ; retract
G0 X-9.520 Y-9.520 F9000 ; travel
G1 E+0.800 F3600 ; unretract
;perimeter
G1 X3.600 Y-9.520 E427.9062 F3600
G1 X9.520 Y-9.520 E428.1425 F3600
G1 X9.520 Y3.600 E428.6662 F3600
G1 X9.520 Y9.520 E428.9024 F3600
G1 X3.600 Y9.520 E429.1387 F3600
G1 X-9.520 Y9.520 E429.6624 F3600
G1 X-9.520 Y3.600 E429.8986 F3600
G1 E-0.800 F9000 ; retract
G0 X7.737 Y-10.000 F9000 ; travel
G1 E+0.800 F3600 ; unretract
;infill
G1 X10.000 Y-7.737 E430.0264 F3600
G1 E-0.800 F9000 ; retract
G0 X3.212 Y-10.000 F9000 ; travel
G1 E+0.800 F3600 ; unretract
;infill
G1 X10.000 Y-3.212 E430.4095 F3600
G1 E-0.800 F9000 ; retract
G0 X-1.314 Y-10.000 F9000 ; travel
G1 E+0.800 F3600 ; unretract
;infill
G1 X10.000 Y1.314 E431.0481 F3600
G1 E-0.800 F9000 ; retract
G0 X-5.839 Y-10.000 F9000 ; travel
G1 E+0.800 F3600 ; unretract
;infill
G1 X10.000 Y5.839 E431.9421 F3600
G1 E-0.800 F9000 ; retract
G0 X-10.000 Y-9.635 F9000 ; travel
G1 E+0.800 F3600 ; unretract
;infill
G1 X9.635 Y10.000 E433.0504 F3600
G1 E-0.800 F9000 ; retract
G0 X-10.000 Y-5.110 F9000 ; travel
G1 E+0.800 F3600 ; unretract
;infill
G1 X5.110 Y10.000 E433.9033 F3600
G1 E-0.800 F9000 ; retract
G0 X-10.000 Y-0.584 F9000 ; travel
G1 E+0.800 F3600 ; unretract
;infill
G1 X0.584 Y10.000 E434.5007 F3600
G1 E-0.800 F9000 ; retract
G0 X-10.000 Y3.941 F9000 ; travel
G1 E+0.800 F3600 ; unretract
;infill
G1 X-3.941 Y10.000 E434.8427 F3600
G1 E-0.800 F9000 ; retract
G0 X-10.000 Y8.467 F9000 ; travel
G1 E+0.800 F3600 ; unretract
;infill
G1 X-8.467 Y10.000 E434.9293 F3600
;LAYER:69 ;Z:13.80
G1 Z13.80 F9000 ; move to layer
G92 E0 ; reset extruder at layer start
G1 E-0.800 F9000 ; retract
G0 X-10.000 Y-10.000 F9000 ; travel
G1 E+0.800 F3600 ; unretract
;perimeter
G1 X3.800 Y-10.000 E435.4801 F3600
G1 X10.000 Y-10.000 E435.7275 F3600
G1 X10.000 Y3.800 E436.2783 F3600
G1 X10.000 Y10.000 E436.5258 F3600
G1 X3.800 Y10.000 E436.7732 F3600
G1 X-10.000 Y10.000 E437.3240 F3600
G1 X-10.000 Y3.800 E437.5715 F3600
G1 E-0.800 F9000 ; retract
G0 X-9.520 Y-9.520 F9000 ; travel
G1 E+0.800 F3600 ; unretract
;perimeter
G1 X3.800 Y-9.520 E438.1031 F3600
G1 X9.520 Y-9.520 E438.3314 F3600
G1 X9.520 Y3.800 E438.8630 F3600
G1 X9.520 Y9.520 E439.0913 F3600
G1 X3.800 Y9.520 E439.3196 F3600
G1 X-9.520 Y9.520 E439.8512 F3600
G1 X-9.520 Y3.800 E440.0795 F3600
G1 E-0.800 F9000 ; retract
G0 X7.737 Y-10.000 F9000 ; travel
G1 E+0.800 F3600 ; unretract
;infill
G1 X10.000 Y-7.737 E440.2073 F3600
G1 E-0.800 F9000 ; retract
G0 X3.212 Y-10.000 F9000 ; travel
G1 E+0.800 F3600 ; unretract
;infill
G1 X10.000 Y-3.212 E440.5904 F3600
G1 E-0.800 F9000 ; retract
G0 X-1.314 Y-10.000 F9000 ; travel
G1 E+0.800 F3600 ; unretract
;infill
G1 X10.000 Y1.314 E441.2290 F3600
G1 E-0.800 F9000 ; retract
G0 X-5.839 Y-10.000 F9000 ; travel
G1 E+0.800 F3600 ; unretract
;infill
G1 X10.000 Y5.839 E442.1231 F3600
G1 E-0.800 F9000 ; retract
G0 X-10.000 Y-9.635 F9000 ; travel
G1 E+0.800 F3600 ; unretract
;infill
G1 X9.635 Y10.000 E443.2314 F3600
G1 E-0.800 F9000 ; retract
G0 X-10.000 Y-5.110 F9000 ; travel
G1 E+0.800 F3600 ; unretract
;infill
G1 X5.110 Y10.000 E444.0842 F3600
G1 E-0.800 F9000 ; retract
G0 X-10.000 Y-0.584 F9000 ; travel
G1 E+0.800 F3600 ; unretract
;infill
G1 X0.584 Y10.000 E444.6816 F3600
G1 E-0.800 F9000 ; retract
G0 X-10.000 Y3.941 F9000 ; travel
G1 E+0.800 F3600 ; unretract
;infill
G1 X-3.941 Y10.000 E445.0236 F3600
G1 E-0.800 F9000 ; retract
G0 X-10.000 Y8.467 F9000 ; travel
G1 E+0.800 F3600 ; unretract
;infill
G1 X-8.467 Y10.000 E445.1102 F3600
;LAYER:70 ;Z:14.00
G1 Z14.00 F9000 ; move to layer
G92 E0 ; reset extruder at layer start
G1 E-0.800 F9000 ; retract
G0 X-10.000 Y-10.000 F9000 ; travel
G1 E+0.800 F3600 ; unretract
;perimeter
G1 X4.000 Y-10.000 E445.6690 F3600
G1 X10.000 Y-10.000 E445.9084 F3600
G1 X10.000 Y4.000 E446.4672 F3600
G1 X10.000 Y10.000 E446.7067 F3600
G1 X4.000 Y10.000 E446.9461 F3600
G1 X-10.000 Y10.000 E447.5049 F3600
G1 X-10.000 Y4.000 E447.7444 F3600
G1 E-0.800 F9000 ; retract
G0 X-9.520 Y-9.520 F9000 ; travel
G1 E+0.800 F3600 ; unretract
;perimeter
G1 X4.000 Y-9.520 E448.2840 F3600
G1 X9.520 Y-9.520 E448.5043 F3600
G1 X9.520 Y4.000 E449.0439 F3600
G1 X9.520 Y9.520 E449.2642 F3600
G1 X4.000 Y9.520 E449.4846 F3600
G1 X-9.520 Y9.520 E450.0242 F3600
G1 X-9.520 Y4.000 E450.2445 F3600
G1 E-0.800 F9000 ; retract
G0 X7.737 Y-10.000 F9000 ; travel
G1 E+0.800 F3600 ; unretract
;infill
G1 X10.000 Y-7.737 E450.3722 F3600
G1 E-0.800 F9000 ; retract
G0 X3.212 Y-10.000 F9000 ; travel
G1 E+0.800 F3600 ; unretract
;infill
G1 X10.000 Y-3.212 E450.7554 F3600
G1 E-0.800 F9000 ; retract
G0 X-1.314 Y-10.000 F9000 ; travel
G1 E+0.800 F3600 ; unretract
;infill
G1 X10.000 Y1.314 E451.3940 F3600
G1 E-0.800 F9000 ; retract
G0 X-5.839 Y-10.000 F9000 ; travel
G1 E+0.800 F3600 ; unretract
;infill
G1 X10.000 Y5.839 E452.2880 F3600
G1 E-0.800 F9000 ; retract
G0 X-10.000 Y-9.635 F9000 ; travel
G1 E+0.800 F3600 ; unretract
;infill
G1 X9.635 Y10.000 E453.3963 F3600
G1 E-0.800 F9000 ; retract
G0 X-10.000 Y-5.110 F9000 ; travel
G1 E+0.800 F3600 ; unretract
;infill
G1 X5.110 Y10.000 E454.2492 F3600
G1 E-0.800 F9000 ; retract
G0 X-10.000 Y-0.584 F9000 ; travel
G1 E+0.800 F3600 ; unretract
;infill
G1 X0.584 Y10.000 E454.8466 F3600
G1 E-0.800 F9000 ; retract
G0 X-10.000 Y3.941 F9000 ; travel
G1 E+0.800 F3600 ; unretract
;infill
G1 X-3.941 Y10.000 E455.1886 F3600
G1 E-0.800 F9000 ; retract
G0 X-10.000 Y8.467 F9000 ; travel
G1 E+0.800 F3600 ; unretract
;infill
G1 X-8.467 Y10.000 E455.2751 F3600
;LAYER:71 ;Z:14.20
G1 Z14.20 F9000 ; move to layer
G92 E0 ; reset extruder at layer start
G1 E-0.800 F9000 ; retract
G0 X-10.000 Y-10.000 F9000 ; travel
G1 E+0.800 F3600 ; unretract
;perimeter
G1 X4.200 Y-10.000 E455.8419 F3600
G1 X10.000 Y-10.000 E456.0734 F3600
G1 X10.000 Y4.200 E456.6401 F3600
G1 X10.000 Y10.000 E456.8716 F3600
G1 X4.200 Y10.000 E457.1031 F3600
G1 X-10.000 Y10.000 E457.6699 F3600
G1 X-10.000 Y4.200 E457.9013 F3600
G1 E-0.800 F9000 ; retract
G0 X-9.520 Y-9.520 F9000 ; travel
G1 E+0.800 F3600 ; unretract
;perimeter
G1 X4.200 Y-9.520 E458.4489 F3600
G1 X9.520 Y-9.520 E458.6613 F3600
G1 X9.520 Y4.200 E459.2089 F3600
G1 X9.520 Y9.520 E459.4212 F3600
G1 X4.200 Y9.520 E459.6335 F3600
G1 X-9.520 Y9.520 E460.1811 F3600
G1 X-9.520 Y4.200 E460.3935 F3600
G1 E-0.800 F9000 ; retract
G0 X7.737 Y-10.000 F9000 ; travel
G1 E+0.800 F3600 ; unretract
;infill
G1 X10.000 Y-7.737 E460.5212 F3600
G1 E-0.800 F9000 ; retract
G0 X3.212 Y-10.000 F9000 ; travel
G1 E+0.800 F3600 ; unretract
;infill
G1 X10.000 Y-3.212 E460.9043 F3600
G1 E-0.800 F9000 ; retract
G0 X-1.314 Y-10.000 F9000 ; travel
G1 E+0.800 F3600 ; unretract
;infill
G1 X10.000 Y1.314 E461.5429 F3600
G1 E-0.800 F9000 ; retract
G0 X-5.839 Y-10.000 F9000 ; travel
G1 E+0.800 F3600 ; unretract
;infill
G1 X10.000 Y5.839 E462.4370 F3600
G1 E-0.800 F9000 ; retract
G0 X-10.000 Y-9.635 F9000 ; travel
G1 E+0.800 F3600 ; unretract
;infill
G1 X9.635 Y10.000 E463.5453 F3600
G1 E-0.800 F9000 ; retract
G0 X-10.000 Y-5.110 F9000 ; travel
G1 E+0.800 F3600 ; unretract
;infill
G1 X5.110 Y10.000 E464.3981 F3600
G1 E-0.800 F9000 ; retract
G0 X-10.000 Y-0.584 F9000 ; travel
G1 E+0.800 F3600 ; unretract
;infill
G1 X0.584 Y10.000 E464.9956 F3600
G1 E-0.800 F9000 ; retract
G0 X-10.000 Y3.941 F9000 ; travel
G1 E+0.800 F3600 ; unretract
;infill
G1 X-3.941 Y10.000 E465.3375 F3600
G1 E-0.800 F9000 ; retract
G0 X-10.000 Y8.467 F9000 ; travel
G1 E+0.800 F3600 ; unretract
;infill
G1 X-8.467 Y10.000 E465.4241 F3600
;LAYER:72 ;Z:14.40
G1 Z14.40 F9000 ; move to layer
G92 E0 ; reset extruder at layer start
G1 E-0.800 F9000 ; retract
G0 X-10.000 Y-10.000 F9000 ; travel
G1 E+0.800 F3600 ; unretract
;perimeter
G1 X4.400 Y-10.000 E465.9988 F3600
G1 X10.000 Y-10.000 E466.2223 F3600
G1 X10.000 Y4.400 E466.7971 F3600
G1 X10.000 Y10.000 E467.0206 F3600
G1 X4.400 Y10.000 E467.2441 F3600
G1 X-10.000 Y10.000 E467.8188 F3600
G1 X-10.000 Y4.400 E468.0423 F3600
G1 E-0.800 F9000 ; retract
G0 X-9.520 Y-9.520 F9000 ; travel
G1 E+0.800 F3600 ; unretract
;perimeter
G1 X4.400 Y-9.520 E468.5979 F3600
G1 X9.520 Y-9.520 E468.8023 F3600
G1 X9.520 Y4.400 E469.3578 F3600
G1 X9.520 Y9.520 E469.5622 F3600
G1 X4.400 Y9.520 E469.7665 F3600
G1 X-9.520 Y9.520 E470.3221 F3600
G1 X-9.520 Y4.400 E470.5265 F3600
G1 E-0.800 F9000 ; retract
G0 X7.737 Y-10.000 F9000 ; travel
G1 E+0.800 F3600 ; unretract
;infill
G1 X10.000 Y-7.737 E470.6542 F3600
G1 E-0.800 F9000 ; retract
G0 X3.212 Y-10.000 F9000 ; travel
G1 E+0.800 F3600 ; unretract
;infill
G1 X10.000 Y-3.212 E471.0373 F3600
G1 E-0.800 F9000 ; retract
G0 X-1.314 Y-10.000 F9000 ; travel
G1 E+0.800 F3600 ; unretract
;infill
G1 X10.000 Y1.314 E471.6759 F3600
G1 E-0.800 F9000 ; retract
G0 X-5.839 Y-10.000 F9000 ; travel
G1 E+0.800 F3600 ; unretract
;infill
G1 X10.000 Y5.839 E472.5700 F3600
G1 E-0.800 F9000 ; retract
G0 X-10.000 Y-9.635 F9000 ; travel
G1 E+0.800 F3600 ; unretract
;infill
G1 X9.635 Y10.000 E473.6783 F3600
G1 E-0.800 F9000 ; retract
G0 X-10.000 Y-5.110 F9000 ; travel
G1 E+0.800 F3600 ; unretract
;infill
G1 X5.110 Y10.000 E474.5311 F3600
G1 E-0.800 F9000 ; retract
G0 X-10.000 Y-0.584 F9000 ; travel
G1 E+0.800 F3600 ; unretract
;infill
G1 X0.584 Y10.000 E475.1286 F3600
G1 E-0.800 F9000 ; retract
G0 X-10.000 Y3.941 F9000 ; travel
G1 E+0.800 F3600 ; unretract
;infill
G1 X-3.941 Y10.000 E475.4706 F3600
G1 E-0.800 F9000 ; retract
G0 X-10.000 Y8.467 F9000 ; travel
G1 E+0.800 F3600 ; unretract
;infill
G1 X-8.467 Y10.000 E475.5571 F3600
;LAYER:73 ;Z:14.60
G1 Z14.60 F9000 ; move to layer
G92 E0 ; reset extruder at layer start
G1 E-0.800 F9000 ; retract
G0 X-10.000 Y-10.000 F9000 ; travel
G1 E+0.800 F3600 ; unretract
;perimeter
G1 X4.600 Y-10.000 E476.1398 F3600
G1 X10.000 Y-10.000 E476.3553 F3600
G1 X10.000 Y4.600 E476.9381 F3600
G1 X10.000 Y10.000 E477.1536 F3600
G1 X4.600 Y10.000 E477.3691 F3600
G1 X-10.000 Y10.000 E477.9518 F3600
G1 X-10.000 Y4.600 E478.1674 F3600
G1 E-0.800 F9000 ; retract
G0 X-9.520 Y-9.520 F9000 ; travel
G1 E+0.800 F3600 ; unretract
;perimeter
G1 X4.600 Y-9.520 E478.7309 F3600
G1 X9.520 Y-9.520 E478.9273 F3600
G1 X9.520 Y4.600 E479.4908 F3600
G1 X9.520 Y9.520 E479.6872 F3600
G1 X4.600 Y9.520 E479.8836 F3600
G1 X-9.520 Y9.520 E480.4471 F3600
G1 X-9.520 Y4.600 E480.6435 F3600
G1 E-0.800 F9000 ; retract
G0 X7.737 Y-10.000 F9000 ; travel
G1 E+0.800 F3600 ; unretract
;infill
G1 X10.000 Y-7.737 E480.7712 F3600
G1 E-0.800 F9000 ; retract
G0 X3.212 Y-10.000 F9000 ; travel
G1 E+0.800 F3600 ; unretract
;infill
G1 X10.000 Y-3.212 E481.1544 F3600
G1 E-0.800 F9000 ; retract
G0 X-1.314 Y-10.000 F9000 ; travel
G1 E+0.800 F3600 ; unretract
;infill
G1 X10.000 Y1.314 E481.7930 F3600
G1 E-0.800 F9000 ; retract
G0 X-5.839 Y-10.000 F9000 ; travel
G1 E+0.800 F3600 ; unretract
;infill
G1 X10.000 Y5.839 E482.6870 F3600
G1 E-0.800 F9000 ; retract
G0 X-10.000 Y-9.635 F9000 ; travel
G1 E+0.800 F3600 ; unretract
;infill
G1 X9.635 Y10.000 E483.7953 F3600
G1 E-0.800 F9000 ; retract
G0 X-10.000 Y-5.110 F9000 ; travel
G1 E+0.800 F3600 ; unretract
;infill
G1 X5.110 Y10.000 E484.6482 F3600
G1 E-0.800 F9000 ; retract
G0 X-10.000 Y-0.584 F9000 ; travel
G1 E+0.800 F3600 ; unretract
;infill
G1 X0.584 Y10.000 E485.2456 F3600
G1 E-0.800 F9000 ; retract
G0 X-10.000 Y3.941 F9000 ; travel
G1 E+0.800 F3600 ; unretract
;infill
G1 X-3.941 Y10.000 E485.5876 F3600
G1 E-0.800 F9000 ; retract
G0 X-10.000 Y8.467 F9000 ; travel
G1 E+0.800 F3600 ; unretract
;infill
G1 X-8.467 Y10.000 E485.6741 F3600
;LAYER:74 ;Z:14.80
G1 Z14.80 F9000 ; move to layer
G92 E0 ; reset extruder at layer start
G1 E-0.800 F9000 ; retract
G0 X-10.000 Y-10.000 F9000 ; travel
G1 E+0.800 F3600 ; unretract
;perimeter
G1 X4.800 Y-10.000 E486.2648 F3600
G1 X10.000 Y-10.000 E486.4724 F3600
G1 X10.000 Y4.800 E487.0631 F3600
G1 X10.000 Y10.000 E487.2706 F3600
G1 X4.800 Y10.000 E487.4782 F3600
G1 X-10.000 Y10.000 E488.0689 F3600
G1 X-10.000 Y4.800 E488.2764 F3600
G1 E-0.800 F9000 ; retract
G0 X-9.520 Y-9.520 F9000 ; travel
G1 E+0.800 F3600 ; unretract
;perimeter
G1 X4.800 Y-9.520 E488.8480 F3600
G1 X9.520 Y-9.520 E489.0364 F3600
G1 X9.520 Y4.800 E489.6079 F3600
G1 X9.520 Y9.520 E489.7963 F3600
G1 X4.800 Y9.520 E489.9847 F3600
G1 X-9.520 Y9.520 E490.5562 F3600
G1 X-9.520 Y4.800 E490.7446 F3600
G1 E-0.800 F9000 ; retract
G0 X7.737 Y-10.000 F9000 ; travel
G1 E+0.800 F3600 ; unretract
;infill
G1 X10.000 Y-7.737 E490.8723 F3600
G1 E-0.800 F9000 ; retract
G0 X3.212 Y-10.000 F9000 ; travel
G1 E+0.800 F3600 ; unretract
;infill
G1 X10.000 Y-3.212 E491.2555 F3600
G1 E-0.800 F9000 ; retract
G0 X-1.314 Y-10.000 F9000 ; travel
G1 E+0.800 F3600 ; unretract
;infill
G1 X10.000 Y1.314 E491.8941 F3600
G1 E-0.800 F9000 ; retract
G0 X-5.839 Y-10.000 F9000 ; travel
G1 E+0.800 F3600 ; unretract
;infill
G1 X10.000 Y5.839 E492.7881 F3600
G1 E-0.800 F9000 ; retract
G0 X-10.000 Y-9.635 F9000 ; travel
G1 E+0.800 F3600 ; unretract
;infill
G1 X9.635 Y10.000 E493.8964 F3600
G1 E-0.800 F9000 ; retract
G0 X-10.000 Y-5.110 F9000 ; travel
G1 E+0.800 F3600 ; unretract
;infill
G1 X5.110 Y10.000 E494.7493 F3600
G1 E-0.800 F9000 ; retract
G0 X-10.000 Y-0.584 F9000 ; travel
G1 E+0.800 F3600 ; unretract
;infill
G1 X0.584 Y10.000 E495.3467 F3600
G1 E-0.800 F9000 ; retract
G0 X-10.000 Y3.941 F9000 ; travel
G1 E+0.800 F3600 ; unretract
;infill
G1 X-3.941 Y10.000 E495.6887 F3600
G1 E-0.800 F9000 ; retract
G0 X-10.000 Y8.467 F9000 ; travel
G1 E+0.800 F3600 ; unretract
;infill
G1 X-8.467 Y10.000 E495.7752 F3600
;LAYER:75 ;Z:15.00
G1 Z15.00 F9000 ; move to layer
G92 E0 ; reset extruder at layer start
G1 E-0.800 F9000 ; retract
G0 X-10.000 Y-10.000 F9000 ; travel
G1 E+0.800 F3600 ; unretract
;perimeter
G1 X5.000 Y-10.000 E496.3739 F3600
G1 X10.000 Y-10.000 E496.5735 F3600
G1 X10.000 Y5.000 E497.1722 F3600
G1 X10.000 Y10.000 E497.3717 F3600
G1 X5.000 Y10.000 E497.5713 F3600
G1 X-10.000 Y10.000 E498.1700 F3600
G1 X-10.000 Y5.000 E498.3695 F3600
G1 E-0.800 F9000 ; retract
G0 X-9.520 Y-9.520 F9000 ; travel
G1 E+0.800 F3600 ; unretract
;perimeter
G1 X5.000 Y-9.520 E498.9490 F3600
G1 X9.520 Y-9.520 E499.1294 F3600
G1 X9.520 Y5.000 E499.7090 F3600
G1 X9.520 Y9.520 E499.8894 F3600
G1 X5.000 Y9.520 E500.0698 F3600
G1 X-9.520 Y9.520 E500.6493 F3600
G1 X-9.520 Y5.000 E500.8297 F3600
G1 E-0.800 F9000 ; retract
G0 X7.737 Y-10.000 F9000 ; travel
G1 E+0.800 F3600 ; unretract
;infill
G1 X10.000 Y-7.737 E500.9574 F3600
G1 E-0.800 F9000 ; retract
G0 X3.212 Y-10.000 F9000 ; travel
G1 E+0.800 F3600 ; unretract
;infill
G1 X10.000 Y-3.212 E501.3406 F3600
G1 E-0.800 F9000 ; retract
G0 X-1.314 Y-10.000 F9000 ; travel
G1 E+0.800 F3600 ; unretract
;infill
G1 X10.000 Y1.314 E501.9792 F3600
G1 E-0.800 F9000 ; retract
G0 X-5.839 Y-10.000 F9000 ; travel
G1 E+0.800 F3600 ; unretract
;infill
G1 X10.000 Y5.839 E502.8732 F3600
G1 E-0.800 F9000 ; retract
G0 X-10.000 Y-9.635 F9000 ; travel
G1 E+0.800 F3600 ; unretract
;infill
G1 X9.635 Y10.000 E503.9815 F3600
G1 E-0.800 F9000 ; retract
G0 X-10.000 Y-5.110 F9000 ; travel
G1 E+0.800 F3600 ; unretract
;infill
G1 X5.110 Y10.000 E504.8344 F3600
G1 E-0.800 F9000 ; retract
G0 X-10.000 Y-0.584 F9000 ; travel
G1 E+0.800 F3600 ; unretract
;infill
G1 X0.584 Y10.000 E505.4318 F3600
G1 E-0.800 F9000 ; retract
G0 X-10.000 Y3.941 F9000 ; travel
G1 E+0.800 F3600 ; unretract
;infill
G1 X-3.941 Y10.000 E505.7738 F3600
G1 E-0.800 F9000 ; retract
G0 X-10.000 Y8.467 F9000 ; travel
G1 E+0.800 F3600 ; unretract
;infill
G1 X-8.467 Y10.000 E505.8603 F3600
;LAYER:76 ;Z:15.20
G1 Z15.20 F9000 ; move to layer
G92 E0 ; reset extruder at layer start
G1 E-0.800 F9000 ; retract
G0 X-10.000 Y-10.000 F9000 ; travel
G1 E+0.800 F3600 ; unretract
;perimeter
G1 X5.200 Y-10.000 E506.4670 F3600
G1 X10.000 Y-10.000 E506.6586 F3600
G1 X10.000 Y5.200 E507.2653 F3600
G1 X10.000 Y10.000 E507.4568 F3600
G1 X5.200 Y10.000 E507.6484 F3600
G1 X-10.000 Y10.000 E508.2551 F3600
G1 X-10.000 Y5.200 E508.4467 F3600
G1 E-0.800 F9000 ; retract
G0 X-9.520 Y-9.520 F9000 ; travel
G1 E+0.800 F3600 ; unretract
;perimeter
G1 X5.200 Y-9.520 E509.0342 F3600
G1 X9.520 Y-9.520 E509.2066 F3600
G1 X9.520 Y5.200 E509.7941 F3600
G1 X9.520 Y9.520 E509.9665 F3600
G1 X5.200 Y9.520 E510.1389 F3600
G1 X-9.520 Y9.520 E510.7264 F3600
G1 X-9.520 Y5.200 E510.8989 F3600
G1 E-0.800 F9000 ; retract
G0 X7.737 Y-10.000 F9000 ; travel
G1 E+0.800 F3600 ; unretract
;infill
G1 X10.000 Y-7.737 E511.0266 F3600
G1 E-0.800 F9000 ; retract
G0 X3.212 Y-10.000 F9000 ; travel
G1 E+0.800 F3600 ; unretract
;infill
G1 X10.000 Y-3.212 E511.4097 F3600
G1 E-0.800 F9000 ; retract
G0 X-1.314 Y-10.000 F9000 ; travel
G1 E+0.800 F3600 ; unretract
;infill
G1 X10.000 Y1.314 E512.0483 F3600
G1 E-0.800 F9000 ; retract
G0 X-5.839 Y-10.000 F9000 ; travel
G1 E+0.800 F3600 ; unretract
;infill
G1 X10.000 Y5.839 E512.9424 F3600
G1 E-0.800 F9000 ; retract
G0 X-10.000 Y-9.635 F9000 ; travel
G1 E+0.800 F3600 ; unretract
;infill
G1 X9.635 Y10.000 E514.0507 F3600
G1 E-0.800 F9000 ; retract
G0 X-10.000 Y-5.110 F9000 ; travel
G1 E+0.800 F3600 ; unretract
;infill
G1 X5.110 Y10.000 E514.9035 F3600
G1 E-0.800 F9000 ; retract
G0 X-10.000 Y-0.584 F9000 ; travel
G1 E+0.800 F3600 ; unretract
;infill
G1 X0.584 Y10.000 E515.5010 F3600
G1 E-0.800 F9000 ; retract
G0 X-10.000 Y3.941 F9000 ; travel
G1 E+0.800 F3600 ; unretract
;infill
G1 X-3.941 Y10.000 E515.8429 F3600
G1 E-0.800 F9000 ; retract
G0 X-10.000 Y8.467 F9000 ; travel
G1 E+0.800 F3600 ; unretract
;infill
G1 X-8.467 Y10.000 E515.9295 F3600
;LAYER:77 ;Z:15.40
G1 Z15.40 F9000 ; move to layer
G92 E0 ; reset extruder at layer start
G1 E-0.800 F9000 ; retract
G0 X-10.000 Y-10.000 F9000 ; travel
G1 E+0.800 F3600 ; unretract
;perimeter
G1 X5.400 Y-10.000 E516.5441 F3600
G1 X10.000 Y-10.000 E516.7277 F3600
G1 X10.000 Y5.400 E517.3424 F3600
G1 X10.000 Y10.000 E517.5260 F3600
G1 X5.400 Y10.000 E517.7096 F3600
G1 X-10.000 Y10.000 E518.3242 F3600
G1 X-10.000 Y5.400 E518.5078 F3600
G1 E-0.800 F9000 ; retract
G0 X-9.520 Y-9.520 F9000 ; travel
G1 E+0.800 F3600 ; unretract
;perimeter
G1 X5.400 Y-9.520 E519.1033 F3600
G1 X9.520 Y-9.520 E519.2677 F3600
G1 X9.520 Y5.400 E519.8632 F3600
G1 X9.520 Y9.520 E520.0277 F3600
G1 X5.400 Y9.520 E520.1921 F3600
G1 X-9.520 Y9.520 E520.7876 F3600
G1 X-9.520 Y5.400 E520.9520 F3600
G1 E-0.800 F9000 ; retract
G0 X7.737 Y-10.000 F9000 ; travel
G1 E+0.800 F3600 ; unretract
;infill
G1 X10.000 Y-7.737 E521.0798 F3600
G1 E-0.800 F9000 ; retract
G0 X3.212 Y-10.000 F9000 ; travel
G1 E+0.800 F3600 ; unretract
;infill
G1 X10.000 Y-3.212 E521.4629 F3600
G1 E-0.800 F9000 ; retract
G0 X-1.314 Y-10.000 F9000 ; travel
G1 E+0.800 F3600 ; unretract
;infill
G1 X10.000 Y1.314 E522.1015 F3600
G1 E-0.800 F9000 ; retract
G0 X-5.839 Y-10.000 F9000 ; travel
G1 E+0.800 F3600 ; unretract
;infill
G1 X10.000 Y5.839 E522.9955 F3600
G1 E-0.800 F9000 ; retract
G0 X-10.000 Y-9.635 F9000 ; travel
G1 E+0.800 F3600 ; unretract
;infill
G1 X9.635 Y10.000 E524.1038 F3600
G1 E-0.800 F9000 ; retract
G0 X-10.000 Y-5.110 F9000 ; travel
G1 E+0.800 F3600 ; unretract
;infill
G1 X5.110 Y10.000 E524.9567 F3600
G1 E-0.800 F9000 ; retract
G0 X-10.000 Y-0.584 F9000 ; travel
G1 E+0.800 F3600 ; unretract
;infill
G1 X0.584 Y10.000 E525.5541 F3600
G1 E-0.800 F9000 ; retract
G0 X-10.000 Y3.941 F9000 ; travel
G1 E+0.800 F3600 ; unretract
;infill
G1 X-3.941 Y10.000 E525.8961 F3600
G1 E-0.800 F9000 ; retract
G0 X-10.000 Y8.467 F9000 ; travel
G1 E+0.800 F3600 ; unretract
;infill
G1 X-8.467 Y10.000 E525.9827 F3600
;LAYER:78 ;Z:15.60
G1 Z15.60 F9000 ; move to layer
G92 E0 ; reset extruder at layer start
G1 E-0.800 F9000 ; retract
G0 X-10.000 Y-10.000 F9000 ; travel
G1 E+0.800 F3600 ; unretract
;perimeter
G1 X5.600 Y-10.000 E526.6053 F3600
G1 X10.000 Y-10.000 E526.7809 F3600
G1 X10.000 Y5.600 E527.4035 F3600
G1 X10.000 Y10.000 E527.5792 F3600
G1 X5.600 Y10.000 E527.7548 F3600
G1 X-10.000 Y10.000 E528.3774 F3600
G1 X-10.000 Y5.600 E528.5530 F3600
G1 E-0.800 F9000 ; retract
G0 X-9.520 Y-9.520 F9000 ; travel
G1 E+0.800 F3600 ; unretract
;perimeter
G1 X5.600 Y-9.520 E529.1565 F3600
G1 X9.520 Y-9.520 E529.3129 F3600
G1 X9.520 Y5.600 E529.9164 F3600
G1 X9.520 Y9.520 E530.0729 F3600
G1 X5.600 Y9.520 E530.2293 F3600
G1 X-9.520 Y9.520 E530.8328 F3600
G1 X-9.520 Y5.600 E530.9893 F3600
G1 E-0.800 F9000 ; retract
G0 X7.737 Y-10.000 F9000 ; travel
G1 E+0.800 F3600 ; unretract
;infill
G1 X10.000 Y-7.737 E531.1170 F3600
G1 E-0.800 F9000 ; retract
G0 X3.212 Y-10.000 F9000 ; travel
G1 E+0.800 F3600 ; unretract
;infill
G1 X10.000 Y-3.212 E531.5001 F3600
G1 E-0.800 F9000 ; retract
G0 X-1.314 Y-10.000 F9000 ; travel
G1 E+0.800 F3600 ; unretract
;infill
G1 X10.000 Y1.314 E532.1387 F3600
G1 E-0.800 F9000 ; retract
G0 X-5.839 Y-10.000 F9000 ; travel
G1 E+0.800 F3600 ; unretract
;infill
G1 X10.000 Y5.839 E533.0328 F3600
G1 E-0.800 F9000 ; retract
G0 X-10.000 Y-9.635 F9000 ; travel
G1 E+0.800 F3600 ; unretract
;infill
G1 X9.635 Y10.000 E534.1411 F3600
G1 E-0.800 F9000 ; retract
G0 X-10.000 Y-5.110 F9000 ; travel
G1 E+0.800 F3600 ; unretract
;infill
G1 X5.110 Y10.000 E534.9939 F3600
G1 E-0.800 F9000 ; retract
G0 X-10.000 Y-0.584 F9000 ; travel
G1 E+0.800 F3600 ; unretract
;infill
G1 X0.584 Y10.000 E535.5914 F3600
G1 E-0.800 F9000 ; retract
G0 X-10.000 Y3.941 F9000 ; travel
G1 E+0.800 F3600 ; unretract
;infill
G1 X-3.941 Y10.000 E535.9333 F3600
G1 E-0.800 F9000 ; retract
G0 X-10.000 Y8.467 F9000 ; travel
G1 E+0.800 F3600 ; unretract
;infill
G1 X-8.467 Y10.000 E536.0199 F3600
;LAYER:79 ;Z:15.80
G1 Z15.80 F9000 ; move to layer
G92 E0 ; reset extruder at layer start
G1 E-0.800 F9000 ; retract
G0 X-10.000 Y-10.000 F9000 ; travel
G1 E+0.800 F3600 ; unretract
;perimeter
G1 X5.800 Y-10.000 E536.6505 F3600
G1 X10.000 Y-10.000 E536.8181 F3600
G1 X10.000 Y5.800 E537.4488 F3600
G1 X10.000 Y10.000 E537.6164 F3600
G1 X5.800 Y10.000 E537.7840 F3600
G1 X-10.000 Y10.000 E538.4146 F3600
G1 X-10.000 Y5.800 E538.5823 F3600
G1 E-0.800 F9000 ; retract
G0 X-9.520 Y-9.520 F9000 ; travel
G1 E+0.800 F3600 ; unretract
;perimeter
G1 X5.800 Y-9.520 E539.1937 F3600
G1 X9.520 Y-9.520 E539.3422 F3600
G1 X9.520 Y5.800 E539.9536 F3600
G1 X9.520 Y9.520 E540.1021 F3600
G1 X5.800 Y9.520 E540.2506 F3600
G1 X-9.520 Y9.520 E540.8620 F3600
G1 X-9.520 Y5.800 E541.0105 F3600
G1 E-0.800 F9000 ; retract
G0 X7.737 Y-10.000 F9000 ; travel
G1 E+0.800 F3600 ; unretract
;infill
G1 X10.000 Y-7.737 E541.1382 F3600
G1 E-0.800 F9000 ; retract
G0 X3.212 Y-10.000 F9000 ; travel
G1 E+0.800 F3600 ; unretract
;infill
G1 X10.000 Y-3.212 E541.5214 F3600
G1 E-0.800 F9000 ; retract
G0 X-1.314 Y-10.000 F9000 ; travel
G1 E+0.800 F3600 ; unretract
;infill
G1 X10.000 Y1.314 E542.1600 F3600
G1 E-0.800 F9000 ; retract
G0 X-5.839 Y-10.000 F9000 ; travel
G1 E+0.800 F3600 ; unretract
;infill
G1 X10.000 Y5.839 E543.0540 F3600
G1 E-0.800 F9000 ; retract
G0 X-10.000 Y-9.635 F9000 ; travel
G1 E+0.800 F3600 ; unretract
;infill
G1 X9.635 Y10.000 E544.1623 F3600
G1 E-0.800 F9000 ; retract
G0 X-10.000 Y-5.110 F9000 ; travel
G1 E+0.800 F3600 ; unretract
;infill
G1 X5.110 Y10.000 E545.0152 F3600
G1 E-0.800 F9000 ; retract
G0 X-10.000 Y-0.584 F9000 ; travel
G1 E+0.800 F3600 ; unretract
;infill
G1 X0.584 Y10.000 E545.6126 F3600
G1 E-0.800 F9000 ; retract
G0 X-10.000 Y3.941 F9000 ; travel
G1 E+0.800 F3600 ; unretract
;infill
G1 X-3.941 Y10.000 E545.9546 F3600
G1 E-0.800 F9000 ; retract
G0 X-10.000 Y8.467 F9000 ; travel
G1 E+0.800 F3600 ; unretract
;infill
G1 X-8.467 Y10.000 E546.0412 F3600
;LAYER:80 ;Z:16.00
G1 Z16.00 F9000 ; move to layer
G92 E0 ; reset extruder at layer start
G1 E-0.800 F9000 ; retract
G0 X-10.000 Y-10.000 F9000 ; travel
G1 E+0.800 F3600 ; unretract
;perimeter
G1 X6.000 Y-10.000 E546.6797 F3600
G1 X10.000 Y-10.000 E546.8394 F3600
G1 X10.000 Y6.000 E547.4780 F3600
G1 X10.000 Y10.000 E547.6376 F3600
G1 X6.000 Y10.000 E547.7973 F3600
G1 X-10.000 Y10.000 E548.4359 F3600
G1 X-10.000 Y6.000 E548.5955 F3600
G1 E-0.800 F9000 ; retract
G0 X-9.520 Y-9.520 F9000 ; travel
G1 E+0.800 F3600 ; unretract
;perimeter
G1 X6.000 Y-9.520 E549.2150 F3600
G1 X9.520 Y-9.520 E549.3555 F3600
G1 X9.520 Y6.000 E549.9749 F3600
G1 X9.520 Y9.520 E550.1154 F3600
G1 X6.000 Y9.520 E550.2559 F3600
G1 X-9.520 Y9.520 E550.8753 F3600
G1 X-9.520 Y6.000 E551.0158 F3600
G1 E-0.800 F9000 ; retract
G0 X7.737 Y-10.000 F9000 ; travel
G1 E+0.800 F3600 ; unretract
;infill
G1 X10.000 Y-7.737 E551.1435 F3600
G1 E-0.800 F9000 ; retract
G0 X3.212 Y-10.000 F9000 ; travel
G1 E+0.800 F3600 ; unretract
;infill
G1 X10.000 Y-3.212 E551.5267 F3600
G1 E-0.800 F9000 ; retract
G0 X-1.314 Y-10.000 F9000 ; travel
G1 E+0.800 F3600 ; unretract
;infill
G1 X10.000 Y1.314 E552.1653 F3600
G1 E-0.800 F9000 ; retract
G0 X-5.839 Y-10.000 F9000 ; travel
G1 E+0.800 F3600 ; unretract
;infill
G1 X10.000 Y5.839 E553.0593 F3600
G1 E-0.800 F9000 ; retract
G0 X-10.000 Y-9.635 F9000 ; travel
G1 E+0.800 F3600 ; unretract
;infill
G1 X9.635 Y10.000 E554.1676 F3600
G1 E-0.800 F9000 ; retract
G0 X-10.000 Y-5.110 F9000 ; travel
G1 E+0.800 F3600 ; unretract
;infill
G1 X5.110 Y10.000 E555.0205 F3600
G1 E-0.800 F9000 ; retract
G0 X-10.000 Y-0.584 F9000 ; travel
G1 E+0.800 F3600 ; unretract
;infill
G1 X0.584 Y10.000 E555.6179 F3600
G1 E-0.800 F9000 ; retract
G0 X-10.000 Y3.941 F9000 ; travel
G1 E+0.800 F3600 ; unretract
;infill
G1 X-3.941 Y10.000 E555.9599 F3600
G1 E-0.800 F9000 ; retract
G0 X-10.000 Y8.467 F9000 ; travel
G1 E+0.800 F3600 ; unretract
;infill
G1 X-8.467 Y10.000 E556.0464 F3600
;LAYER:81 ;Z:16.20
G1 Z16.20 F9000 ; move to layer
G92 E0 ; reset extruder at layer start
G1 E-0.800 F9000 ; retract
G0 X-10.000 Y-10.000 F9000 ; travel
G1 E+0.800 F3600 ; unretract
;perimeter
G1 X6.200 Y-10.000 E556.6930 F3600
G1 X10.000 Y-10.000 E556.8447 F3600
G1 X10.000 Y6.200 E557.4913 F3600
G1 X10.000 Y10.000 E557.6429 F3600
G1 X6.200 Y10.000 E557.7946 F3600
G1 X-10.000 Y10.000 E558.4412 F3600
G1 X-10.000 Y6.200 E558.5928 F3600
G1 E-0.800 F9000 ; retract
G0 X-9.520 Y-9.520 F9000 ; travel
G1 E+0.800 F3600 ; unretract
;perimeter
G1 X6.200 Y-9.520 E559.2203 F3600
G1 X9.520 Y-9.520 E559.3528 F3600
G1 X9.520 Y6.200 E559.9802 F3600
G1 X9.520 Y9.520 E560.1127 F3600
G1 X6.200 Y9.520 E560.2452 F3600
G1 X-9.520 Y9.520 E560.8726 F3600
G1 X-9.520 Y6.200 E561.0051 F3600
G1 E-0.800 F9000 ; retract
G0 X7.737 Y-10.000 F9000 ; travel
G1 E+0.800 F3600 ; unretract
;infill
G1 X10.000 Y-7.737 E561.1328 F3600
G1 E-0.800 F9000 ; retract
G0 X3.212 Y-10.000 F9000 ; travel
G1 E+0.800 F3600 ; unretract
;infill
G1 X10.000 Y-3.212 E561.5160 F3600
G1 E-0.800 F9000 ; retract
G0 X-1.314 Y-10.000 F9000 ; travel
G1 E+0.800 F3600 ; unretract
;infill
G1 X10.000 Y1.314 E562.1546 F3600
G1 E-0.800 F9000 ; retract
G0 X-5.839 Y-10.000 F9000 ; travel
G1 E+0.800 F3600 ; unretract
;infill
G1 X10.000 Y5.839 E563.0486 F3600
G1 E-0.800 F9000 ; retract
G0 X-10.000 Y-9.635 F9000 ; travel
G1 E+0.800 F3600 ; unretract
;infill
G1 X9.635 Y10.000 E564.1569 F3600
G1 E-0.800 F9000 ; retract
G0 X-10.000 Y-5.110 F9000 ; travel
G1 E+0.800 F3600 ; unretract
;infill
G1 X5.110 Y10.000 E565.0098 F3600
G1 E-0.800 F9000 ; retract
G0 X-10.000 Y-0.584 F9000 ; travel
G1 E+0.800 F3600 ; unretract
;infill
G1 X0.584 Y10.000 E565.6072 F3600
G1 E-0.800 F9000 ; retract
G0 X-10.000 Y3.941 F9000 ; travel
G1 E+0.800 F3600 ; unretract
;infill
G1 X-3.941 Y10.000 E565.9492 F3600
G1 E-0.800 F9000 ; retract
G0 X-10.000 Y8.467 F9000 ; travel
G1 E+0.800 F3600 ; unretract
;infill
G1 X-8.467 Y10.000 E566.0358 F3600
;LAYER:82 ;Z:16.40
G1 Z16.40 F9000 ; move to layer
G92 E0 ; reset extruder at layer start
G1 E-0.800 F9000 ; retract
G0 X-10.000 Y-10.000 F9000 ; travel
G1 E+0.800 F3600 ; unretract
;perimeter
G1 X6.400 Y-10.000 E566.6903 F3600
G1 X10.000 Y-10.000 E566.8340 F3600
G1 X10.000 Y6.400 E567.4886 F3600
G1 X10.000 Y10.000 E567.6323 F3600
G1 X6.400 Y10.000 E567.7759 F3600
G1 X-10.000 Y10.000 E568.4305 F3600
G1 X-10.000 Y6.400 E568.5742 F3600
G1 E-0.800 F9000 ; retract
G0 X-9.520 Y-9.520 F9000 ; travel
G1 E+0.800 F3600 ; unretract
;perimeter
G1 X6.400 Y-9.520 E569.2096 F3600
G1 X9.520 Y-9.520 E569.3341 F3600
G1 X9.520 Y6.400 E569.9695 F3600
G1 X9.520 Y9.520 E570.0940 F3600
G1 X6.400 Y9.520 E570.2186 F3600
G1 X-9.520 Y9.520 E570.8540 F3600
G1 X-9.520 Y6.400 E570.9785 F3600
G1 E-0.800 F9000 ; retract
G0 X7.737 Y-10.000 F9000 ; travel
G1 E+0.800 F3600 ; unretract
;infill
G1 X10.000 Y-7.737 E571.1062 F3600
G1 E-0.800 F9000 ; retract
G0 X3.212 Y-10.000 F9000 ; travel
G1 E+0.800 F3600 ; unretract
;infill
G1 X10.000 Y-3.212 E571.4894 F3600
G1 E-0.800 F9000 ; retract
G0 X-1.314 Y-10.000 F9000 ; travel
G1 E+0.800 F3600 ; unretract
;infill
G1 X10.000 Y1.314 E572.1280 F3600
G1 E-0.800 F9000 ; retract
G0 X-5.839 Y-10.000 F9000 ; travel
G1 E+0.800 F3600 ; unretract
;infill
G1 X10.000 Y5.839 E573.0220 F3600
G1 E-0.800 F9000 ; retract
G0 X-10.000 Y-9.635 F9000 ; travel
G1 E+0.800 F3600 ; unretract
;infill
G1 X9.635 Y10.000 E574.1303 F3600
G1 E-0.800 F9000 ; retract
G0 X-10.000 Y-5.110 F9000 ; travel
G1 E+0.800 F3600 ; unretract
;infill
G1 X5.110 Y10.000 E574.9832 F3600
G1 E-0.800 F9000 ; retract
G0 X-10.000 Y-0.584 F9000 ; travel
G1 E+0.800 F3600 ; unretract
;infill
G1 X0.584 Y10.000 E575.5806 F3600
G1 E-0.800 F9000 ; retract
G0 X-10.000 Y3.941 F9000 ; travel
G1 E+0.800 F3600 ; unretract
;infill
G1 X-3.941 Y10.000 E575.9226 F3600
G1 E-0.800 F9000 ; retract
G0 X-10.000 Y8.467 F9000 ; travel
G1 E+0.800 F3600 ; unretract
;infill
G1 X-8.467 Y10.000 E576.0091 F3600
;LAYER:83 ;Z:16.60
G1 Z16.60 F9000 ; move to layer
G92 E0 ; reset extruder at layer start
G1 E-0.800 F9000 ; retract
G0 X-10.000 Y-10.000 F9000 ; travel
G1 E+0.800 F3600 ; unretract
;perimeter
G1 X6.600 Y-10.000 E576.6717 F3600
G1 X10.000 Y-10.000 E576.8074 F3600
G1 X10.000 Y6.600 E577.4699 F3600
G1 X10.000 Y10.000 E577.6056 F3600
G1 X6.600 Y10.000 E577.7413 F3600
G1 X-10.000 Y10.000 E578.4039 F3600
G1 X-10.000 Y6.600 E578.5396 F3600
G1 E-0.800 F9000 ; retract
G0 X-9.520 Y-9.520 F9000 ; travel
G1 E+0.800 F3600 ; unretract
;perimeter
G1 X6.600 Y-9.520 E579.1829 F3600
G1 X9.520 Y-9.520 E579.2995 F3600
G1 X9.520 Y6.600 E579.9429 F3600
G1 X9.520 Y9.520 E580.0594 F3600
G1 X6.600 Y9.520 E580.1760 F3600
G1 X-9.520 Y9.520 E580.8193 F3600
G1 X-9.520 Y6.600 E580.9359 F3600
G1 E-0.800 F9000 ; retract
G0 X7.737 Y-10.000 F9000 ; travel
G1 E+0.800 F3600 ; unretract
;infill
G1 X10.000 Y-7.737 E581.0636 F3600
G1 E-0.800 F9000 ; retract
G0 X3.212 Y-10.000 F9000 ; travel
G1 E+0.800 F3600 ; unretract
;infill
G1 X10.000 Y-3.212 E581.4468 F3600
G1 E-0.800 F9000 ; retract
G0 X-1.314 Y-10.000 F9000 ; travel
G1 E+0.800 F3600 ; unretract
;infill
G1 X10.000 Y1.314 E582.0854 F3600
G1 E-0.800 F9000 ; retract
G0 X-5.839 Y-10.000 F9000 ; travel
G1 E+0.800 F3600 ; unretract
;infill
G1 X10.000 Y5.839 E582.9794 F3600
G1 E-0.800 F9000 ; retract
G0 X-10.000 Y-9.635 F9000 ; travel
G1 E+0.800 F3600 ; unretract
;infill
G1 X9.635 Y10.000 E584.0877 F3600
G1 E-0.800 F9000 ; retract
G0 X-10.000 Y-5.110 F9000 ; travel
G1 E+0.800 F3600 ; unretract
;infill
G1 X5.110 Y10.000 E584.9406 F3600
G1 E-0.800 F9000 ; retract
G0 X-10.000 Y-0.584 F9000 ; travel
G1 E+0.800 F3600 ; unretract
;infill
G1 X0.584 Y10.000 E585.5380 F3600
G1 E-0.800 F9000 ; retract
G0 X-10.000 Y3.941 F9000 ; travel
G1 E+0.800 F3600 ; unretract
;infill
G1 X-3.941 Y10.000 E585.8800 F3600
G1 E-0.800 F9000 ; retract
G0 X-10.000 Y8.467 F9000 ; travel
G1 E+0.800 F3600 ; unretract
;infill
G1 X-8.467 Y10.000 E585.9665 F3600
;LAYER:84 ;Z:16.80
G1 Z16.80 F9000 ; move to layer
G92 E0 ; reset extruder at layer start
G1 E-0.800 F9000 ; retract
G0 X-10.000 Y-10.000 F9000 ; travel
G1 E+0.800 F3600 ; unretract
;perimeter
G1 X6.800 Y-10.000 E586.6370 F3600
G1 X10.000 Y-10.000 E586.7648 F3600
G1 X10.000 Y6.800 E587.4353 F3600
G1 X10.000 Y10.000 E587.5630 F3600
G1 X6.800 Y10.000 E587.6907 F3600
G1 X-10.000 Y10.000 E588.3613 F3600
G1 X-10.000 Y6.800 E588.4890 F3600
G1 E-0.800 F9000 ; retract
G0 X-9.520 Y-9.520 F9000 ; travel
G1 E+0.800 F3600 ; unretract
;perimeter
G1 X6.800 Y-9.520 E589.1403 F3600
G1 X9.520 Y-9.520 E589.2489 F3600
G1 X9.520 Y6.800 E589.9003 F3600
G1 X9.520 Y9.520 E590.0088 F3600
G1 X6.800 Y9.520 E590.1174 F3600
G1 X-9.520 Y9.520 E590.7688 F3600
G1 X-9.520 Y6.800 E590.8773 F3600
G1 E-0.800 F9000 ; retract
G0 X7.737 Y-10.000 F9000 ; travel
G1 E+0.800 F3600 ; unretract
;infill
G1 X10.000 Y-7.737 E591.0050 F3600
G1 E-0.800 F9000 ; retract
G0 X3.212 Y-10.000 F9000 ; travel
G1 E+0.800 F3600 ; unretract
;infill
G1 X10.000 Y-3.212 E591.3882 F3600
G1 E-0.800 F9000 ; retract
G0 X-1.314 Y-10.000 F9000 ; travel
G1 E+0.800 F3600 ; unretract
;infill
G1 X10.000 Y1.314 E592.0268 F3600
G1 E-0.800 F9000 ; retract
G0 X-5.839 Y-10.000 F9000 ; travel
G1 E+0.800 F3600 ; unretract
;infill
G1 X10.000 Y5.839 E592.9208 F3600
G1 E-0.800 F9000 ; retract
G0 X-10.000 Y-9.635 F9000 ; travel
G1 E+0.800 F3600 ; unretract
;infill
G1 X9.635 Y10.000 E594.0291 F3600
G1 E-0.800 F9000 ; retract
G0 X-10.000 Y-5.110 F9000 ; travel
G1 E+0.800 F3600 ; unretract
;infill
G1 X5.110 Y10.000 E594.8820 F3600
G1 E-0.800 F9000 ; retract
G0 X-10.000 Y-0.584 F9000 ; travel
G1 E+0.800 F3600 ; unretract
;infill
G1 X0.584 Y10.000 E595.4794 F3600
G1 E-0.800 F9000 ; retract
G0 X-10.000 Y3.941 F9000 ; travel
G1 E+0.800 F3600 ; unretract
;infill
G1 X-3.941 Y10.000 E595.8214 F3600
G1 E-0.800 F9000 ; retract
G0 X-10.000 Y8.467 F9000 ; travel
G1 E+0.800 F3600 ; unretract
;infill
G1 X-8.467 Y10.000 E595.9080 F3600
;LAYER:85 ;Z:17.00
G1 Z17.00 F9000 ; move to layer
G92 E0 ; reset extruder at layer start
G1 E-0.800 F9000 ; retract
G0 X-10.000 Y-10.000 F9000 ; travel
G1 E+0.800 F3600 ; unretract
;perimeter
G1 X7.000 Y-10.000 E596.5865 F3600
G1 X10.000 Y-10.000 E596.7062 F3600
G1 X10.000 Y7.000 E597.3847 F3600
G1 X10.000 Y10.000 E597.5044 F3600
G1 X7.000 Y10.000 E597.6242 F3600
G1 X-10.000 Y10.000 E598.3027 F3600
G1 X-10.000 Y7.000 E598.4224 F3600
G1 E-0.800 F9000 ; retract
G0 X-9.520 Y-9.520 F9000 ; travel
G1 E+0.800 F3600 ; unretract
;perimeter
G1 X7.000 Y-9.520 E599.0818 F3600
G1 X9.520 Y-9.520 E599.1823 F3600
G1 X9.520 Y7.000 E599.8417 F3600
G1 X9.520 Y9.520 E599.9423 F3600
G1 X7.000 Y9.520 E600.0429 F3600
G1 X-9.520 Y9.520 E600.7022 F3600
G1 X-9.520 Y7.000 E600.8028 F3600
G1 E-0.800 F9000 ; retract
G0 X7.737 Y-10.000 F9000 ; travel
G1 E+0.800 F3600 ; unretract
;infill
G1 X10.000 Y-7.737 E600.9305 F3600
G1 E-0.800 F9000 ; retract
G0 X3.212 Y-10.000 F9000 ; travel
G1 E+0.800 F3600 ; unretract
;infill
G1 X10.000 Y-3.212 E601.3137 F3600
G1 E-0.800 F9000 ; retract
G0 X-1.314 Y-10.000 F9000 ; travel
G1 E+0.800 F3600 ; unretract
;infill
G1 X10.000 Y1.314 E601.9522 F3600
G1 E-0.800 F9000 ; retract
G0 X-5.839 Y-10.000 F9000 ; travel
G1 E+0.800 F3600 ; unretract
;infill
G1 X10.000 Y5.839 E602.8463 F3600
G1 E-0.800 F9000 ; retract
G0 X-10.000 Y-9.635 F9000 ; travel
G1 E+0.800 F3600 ; unretract
;infill
G1 X9.635 Y10.000 E603.9546 F3600
G1 E-0.800 F9000 ; retract
G0 X-10.000 Y-5.110 F9000 ; travel
G1 E+0.800 F3600 ; unretract
;infill
G1 X5.110 Y10.000 E604.8074 F3600
G1 E-0.800 F9000 ; retract
G0 X-10.000 Y-0.584 F9000 ; travel
G1 E+0.800 F3600 ; unretract
;infill
G1 X0.584 Y10.000 E605.4049 F3600
G1 E-0.800 F9000 ; retract
G0 X-10.000 Y3.941 F9000 ; travel
G1 E+0.800 F3600 ; unretract
;infill
G1 X-3.941 Y10.000 E605.7469 F3600
G1 E-0.800 F9000 ; retract
G0 X-10.000 Y8.467 F9000 ; travel
G1 E+0.800 F3600 ; unretract
;infill
G1 X-8.467 Y10.000 E605.8334 F3600
;LAYER:86 ;Z:17.20
G1 Z17.20 F9000 ; move to layer
G92 E0 ; reset extruder at layer start
G1 E-0.800 F9000 ; retract
G0 X-10.000 Y-10.000 F9000 ; travel
G1 E+0.800 F3600 ; unretract
;perimeter
G1 X7.200 Y-10.000 E606.5199 F3600
G1 X10.000 Y-10.000 E606.6317 F3600
G1 X10.000 Y7.200 E607.3181 F3600
G1 X10.000 Y10.000 E607.4299 F3600
G1 X7.200 Y10.000 E607.5417 F3600
G1 X-10.000 Y10.000 E608.2281 F3600
G1 X-10.000 Y7.200 E608.3399 F3600
G1 E-0.800 F9000 ; retract
G0 X-9.520 Y-9.520 F9000 ; travel
G1 E+0.800 F3600 ; unretract
;perimeter
G1 X7.200 Y-9.520 E609.0072 F3600
G1 X9.520 Y-9.520 E609.0998 F3600
G1 X9.520 Y7.200 E609.7672 F3600
G1 X9.520 Y9.520 E609.8598 F3600
G1 X7.200 Y9.520 E609.9524 F3600
G1 X-9.520 Y9.520 E610.6197 F3600
G1 X-9.520 Y7.200 E610.7123 F3600
G1 E-0.800 F9000 ; retract
G0 X7.737 Y-10.000 F9000 ; travel
G1 E+0.800 F3600 ; unretract
;infill
G1 X10.000 Y-7.737 E610.8400 F3600
G1 E-0.800 F9000 ; retract
G0 X3.212 Y-10.000 F9000 ; travel
G1 E+0.800 F3600 ; unretract
;infill
G1 X10.000 Y-3.212 E611.2232 F3600
G1 E-0.800 F9000 ; retract
G0 X-1.314 Y-10.000 F9000 ; travel
G1 E+0.800 F3600 ; unretract
;infill
G1 X10.000 Y1.314 E611.8617 F3600
G1 E-0.800 F9000 ; retract
G0 X-5.839 Y-10.000 F9000 ; travel
G1 E+0.800 F3600 ; unretract
;infill
G1 X10.000 Y5.839 E612.7558 F3600
G1 E-0.800 F9000 ; retract
G0 X-10.000 Y-9.635 F9000 ; travel
G1 E+0.800 F3600 ; unretract
;infill
G1 X9.635 Y10.000 E613.8641 F3600
G1 E-0.800 F9000 ; retract
G0 X-10.000 Y-5.110 F9000 ; travel
G1 E+0.800 F3600 ; unretract
;infill
G1 X5.110 Y10.000 E614.7169 F3600
G1 E-0.800 F9000 ; retract
G0 X-10.000 Y-0.584 F9000 ; travel
G1 E+0.800 F3600 ; unretract
;infill
G1 X0.584 Y10.000 E615.3144 F3600
G1 E-0.800 F9000 ; retract
G0 X-10.000 Y3.941 F9000 ; travel
G1 E+0.800 F3600 ; unretract
;infill
G1 X-3.941 Y10.000 E615.6564 F3600
G1 E-0.800 F9000 ; retract
G0 X-10.000 Y8.467 F9000 ; travel
G1 E+0.800 F3600 ; unretract
;infill
G1 X-8.467 Y10.000 E615.7429 F3600
;LAYER:87 ;Z:17.40
G1 Z17.40 F9000 ; move to layer
G92 E0 ; reset extruder at layer start
G1 E-0.800 F9000 ; retract
G0 X-10.000 Y-10.000 F9000 ; travel
G1 E+0.800 F3600 ; unretract
;perimeter
G1 X7.400 Y-10.000 E616.4374 F3600
G1 X10.000 Y-10.000 E616.5412 F3600
G1 X10.000 Y7.400 E617.2356 F3600
G1 X10.000 Y10.000 E617.3394 F3600
G1 X7.400 Y10.000 E617.4432 F3600
G1 X-10.000 Y10.000 E618.1376 F3600
G1 X-10.000 Y7.400 E618.2414 F3600
G1 E-0.800 F9000 ; retract
G0 X-9.520 Y-9.520 F9000 ; travel
G1 E+0.800 F3600 ; unretract
;perimeter
G1 X7.400 Y-9.520 E618.9167 F3600
G1 X9.520 Y-9.520 E619.0013 F3600
G1 X9.520 Y7.400 E619.6767 F3600
G1 X9.520 Y9.520 E619.7613 F3600
G1 X7.400 Y9.520 E619.8459 F3600
G1 X-9.520 Y9.520 E620.5212 F3600
G1 X-9.520 Y7.400 E620.6058 F3600
G1 E-0.800 F9000 ; retract
G0 X7.737 Y-10.000 F9000 ; travel
G1 E+0.800 F3600 ; unretract
;infill
G1 X10.000 Y-7.737 E620.7335 F3600
G1 E-0.800 F9000 ; retract
G0 X3.212 Y-10.000 F9000 ; travel
G1 E+0.800 F3600 ; unretract
;infill
G1 X10.000 Y-3.212 E621.1167 F3600
G1 E-0.800 F9000 ; retract
G0 X-1.314 Y-10.000 F9000 ; travel
G1 E+0.800 F3600 ; unretract
;infill
G1 X10.000 Y1.314 E621.7553 F3600
G1 E-0.800 F9000 ; retract
G0 X-5.839 Y-10.000 F9000 ; travel
G1 E+0.800 F3600 ; unretract
;infill
G1 X10.000 Y5.839 E622.6493 F3600
G1 E-0.800 F9000 ; retract
G0 X-10.000 Y-9.635 F9000 ; travel
G1 E+0.800 F3600 ; unretract
;infill
G1 X9.635 Y10.000 E623.7576 F3600
G1 E-0.800 F9000 ; retract
G0 X-10.000 Y-5.110 F9000 ; travel
G1 E+0.800 F3600 ; unretract
;infill
G1 X5.110 Y10.000 E624.6105 F3600
G1 E-0.800 F9000 ; retract
G0 X-10.000 Y-0.584 F9000 ; travel
G1 E+0.800 F3600 ; unretract
;infill
G1 X0.584 Y10.000 E625.2079 F3600
G1 E-0.800 F9000 ; retract
G0 X-10.000 Y3.941 F9000 ; travel
G1 E+0.800 F3600 ; unretract
;infill
G1 X-3.941 Y10.000 E625.5499 F3600
G1 E-0.800 F9000 ; retract
G0 X-10.000 Y8.467 F9000 ; travel
G1 E+0.800 F3600 ; unretract
;infill
G1 X-8.467 Y10.000 E625.6365 F3600
;LAYER:88 ;Z:17.60
G1 Z17.60 F9000 ; move to layer
G92 E0 ; reset extruder at layer start
G1 E-0.800 F9000 ; retract
G0 X-10.000 Y-10.000 F9000 ; travel
G1 E+0.800 F3600 ; unretract
;perimeter
G1 X7.600 Y-10.000 E626.3389 F3600
G1 X10.000 Y-10.000 E626.4347 F3600
G1 X10.000 Y7.600 E627.1372 F3600
G1 X10.000 Y10.000 E627.2329 F3600
G1 X7.600 Y10.000 E627.3287 F3600
G1 X-10.000 Y10.000 E628.0312 F3600
G1 X-10.000 Y7.600 E628.1270 F3600
G1 E-0.800 F9000 ; retract
G0 X-9.520 Y-9.520 F9000 ; travel
G1 E+0.800 F3600 ; unretract
;perimeter
G1 X7.600 Y-9.520 E628.8103 F3600
G1 X9.520 Y-9.520 E628.8869 F3600
G1 X9.520 Y7.600 E629.5702 F3600
G1 X9.520 Y9.520 E629.6468 F3600
G1 X7.600 Y9.520 E629.7235 F3600
G1 X-9.520 Y9.520 E630.4068 F3600
G1 X-9.520 Y7.600 E630.4834 F3600
G1 E-0.800 F9000 ; retract
G0 X7.737 Y-10.000 F9000 ; travel
G1 E+0.800 F3600 ; unretract
;infill
G1 X10.000 Y-7.737 E630.6111 F3600
G1 E-0.800 F9000 ; retract
G0 X3.212 Y-10.000 F9000 ; travel
G1 E+0.800 F3600 ; unretract
;infill
G1 X10.000 Y-3.212 E630.9943 F3600
G1 E-0.800 F9000 ; retract
G0 X-1.314 Y-10.000 F9000 ; travel
G1 E+0.800 F3600 ; unretract
;infill
G1 X10.000 Y1.314 E631.6329 F3600
G1 E-0.800 F9000 ; retract
G0 X-5.839 Y-10.000 F9000 ; travel
G1 E+0.800 F3600 ; unretract
;infill
G1 X10.000 Y5.839 E632.5269 F3600
G1 E-0.800 F9000 ; retract
G0 X-10.000 Y-9.635 F9000 ; travel
G1 E+0.800 F3600 ; unretract
;infill
G1 X9.635 Y10.000 E633.6352 F3600
G1 E-0.800 F9000 ; retract
G0 X-10.000 Y-5.110 F9000 ; travel
G1 E+0.800 F3600 ; unretract
;infill
G1 X5.110 Y10.000 E634.4881 F3600
G1 E-0.800 F9000 ; retract
G0 X-10.000 Y-0.584 F9000 ; travel
G1 E+0.800 F3600 ; unretract
;infill
G1 X0.584 Y10.000 E635.0855 F3600
G1 E-0.800 F9000 ; retract
G0 X-10.000 Y3.941 F9000 ; travel
G1 E+0.800 F3600 ; unretract
;infill
G1 X-3.941 Y10.000 E635.4275 F3600
G1 E-0.800 F9000 ; retract
G0 X-10.000 Y8.467 F9000 ; travel
G1 E+0.800 F3600 ; unretract
;infill
G1 X-8.467 Y10.000 E635.5140 F3600
;LAYER:89 ;Z:17.80
G1 Z17.80 F9000 ; move to layer
G92 E0 ; reset extruder at layer start
G1 E-0.800 F9000 ; retract
G0 X-10.000 Y-10.000 F9000 ; travel
G1 E+0.800 F3600 ; unretract
;perimeter
G1 X7.800 Y-10.000 E636.2245 F3600
G1 X10.000 Y-10.000 E636.3123 F3600
G1 X10.000 Y7.800 E637.0227 F3600
G1 X10.000 Y10.000 E637.1105 F3600
G1 X7.800 Y10.000 E637.1983 F3600
G1 X-10.000 Y10.000 E637.9088 F3600
G1 X-10.000 Y7.800 E637.9966 F3600
G1 E-0.800 F9000 ; retract
G0 X-9.520 Y-9.520 F9000 ; travel
G1 E+0.800 F3600 ; unretract
;perimeter
G1 X7.800 Y-9.520 E638.6878 F3600
G1 X9.520 Y-9.520 E638.7565 F3600
G1 X9.520 Y7.800 E639.4478 F3600
G1 X9.520 Y9.520 E639.5164 F3600
G1 X7.800 Y9.520 E639.5851 F3600
G1 X-9.520 Y9.520 E640.2763 F3600
G1 X-9.520 Y7.800 E640.3450 F3600
G1 E-0.800 F9000 ; retract
G0 X7.737 Y-10.000 F9000 ; travel
G1 E+0.800 F3600 ; unretract
;infill
G1 X10.000 Y-7.737 E640.4727 F3600
G1 E-0.800 F9000 ; retract
G0 X3.212 Y-10.000 F9000 ; travel
G1 E+0.800 F3600 ; unretract
;infill
G1 X10.000 Y-3.212 E640.8559 F3600
G1 E-0.800 F9000 ; retract
G0 X-1.314 Y-10.000 F9000 ; travel
G1 E+0.800 F3600 ; unretract
;infill
G1 X10.000 Y1.314 E641.4945 F3600
G1 E-0.800 F9000 ; retract
G0 X-5.839 Y-10.000 F9000 ; travel
G1 E+0.800 F3600 ; unretract
;infill
G1 X10.000 Y5.839 E642.3885 F3600
G1 E-0.800 F9000 ; retract
G0 X-10.000 Y-9.635 F9000 ; travel
G1 E+0.800 F3600 ; unretract
;infill
G1 X9.635 Y10.000 E643.4968 F3600
G1 E-0.800 F9000 ; retract
G0 X-10.000 Y-5.110 F9000 ; travel
G1 E+0.800 F3600 ; unretract
;infill
G1 X5.110 Y10.000 E644.3497 F3600
G1 E-0.800 F9000 ; retract
G0 X-10.000 Y-0.584 F9000 ; travel
G1 E+0.800 F3600 ; unretract
;infill
G1 X0.584 Y10.000 E644.9471 F3600
G1 E-0.800 F9000 ; retract
G0 X-10.000 Y3.941 F9000 ; travel
G1 E+0.800 F3600 ; unretract
;infill
G1 X-3.941 Y10.000 E645.2891 F3600
G1 E-0.800 F9000 ; retract
G0 X-10.000 Y8.467 F9000 ; travel
G1 E+0.800 F3600 ; unretract
;infill
G1 X-8.467 Y10.000 E645.3756 F3600
;LAYER:90 ;Z:18.00
G1 Z18.00 F9000 ; move to layer
G92 E0 ; reset extruder at layer start
G1 E-0.800 F9000 ; retract
G0 X-10.000 Y-10.000 F9000 ; travel
G1 E+0.800 F3600 ; unretract
;perimeter
G1 X8.000 Y-10.000 E646.0940 F3600
G1 X10.000 Y-10.000 E646.1739 F3600
G1 X10.000 Y8.000 E646.8923 F3600
G1 X10.000 Y10.000 E646.9721 F3600
G1 X8.000 Y10.000 E647.0519 F3600
G1 X-10.000 Y10.000 E647.7704 F3600
G1 X-10.000 Y8.000 E647.8502 F3600
G1 E-0.800 F9000 ; retract
G0 X-9.520 Y-9.520 F9000 ; travel
G1 E+0.800 F3600 ; unretract
;perimeter
G1 X8.000 Y-9.520 E648.5494 F3600
G1 X9.520 Y-9.520 E648.6101 F3600
G1 X9.520 Y8.000 E649.3094 F3600
G1 X9.520 Y9.520 E649.3700 F3600
G1 X8.000 Y9.520 E649.4307 F3600
G1 X-9.520 Y9.520 E650.1300 F3600
G1 X-9.520 Y8.000 E650.1906 F3600
G1 E-0.800 F9000 ; retract
G0 X7.737 Y-10.000 F9000 ; travel
G1 E+0.800 F3600 ; unretract
;infill
G1 X10.000 Y-7.737 E650.3184 F3600
G1 E-0.800 F9000 ; retract
G0 X3.212 Y-10.000 F9000 ; travel
G1 E+0.800 F3600 ; unretract
;infill
G1 X10.000 Y-3.212 E650.7015 F3600
G1 E-0.800 F9000 ; retract
G0 X-1.314 Y-10.000 F9000 ; travel
G1 E+0.800 F3600 ; unretract
;infill
G1 X10.000 Y1.314 E651.3401 F3600
G1 E-0.800 F9000 ; retract
G0 X-5.839 Y-10.000 F9000 ; travel
G1 E+0.800 F3600 ; unretract
;infill
G1 X10.000 Y5.839 E652.2341 F3600
G1 E-0.800 F9000 ; retract
G0 X-10.000 Y-9.635 F9000 ; travel
G1 E+0.800 F3600 ; unretract
;infill
G1 X9.635 Y10.000 E653.3424 F3600
G1 E-0.800 F9000 ; retract
G0 X-10.000 Y-5.110 F9000 ; travel
G1 E+0.800 F3600 ; unretract
;infill
G1 X5.110 Y10.000 E654.1953 F3600
G1 E-0.800 F9000 ; retract
G0 X-10.000 Y-0.584 F9000 ; travel
G1 E+0.800 F3600 ; unretract
;infill
G1 X0.584 Y10.000 E654.7927 F3600
G1 E-0.800 F9000 ; retract
G0 X-10.000 Y3.941 F9000 ; travel
G1 E+0.800 F3600 ; unretract
;infill
G1 X-3.941 Y10.000 E655.1347 F3600
G1 E-0.800 F9000 ; retract
G0 X-10.000 Y8.467 F9000 ; travel
G1 E+0.800 F3600 ; unretract
;infill
G1 X-8.467 Y10.000 E655.2213 F3600
;LAYER:91 ;Z:18.20
G1 Z18.20 F9000 ; move to layer
G92 E0 ; reset extruder at layer start
G1 E-0.800 F9000 ; retract
G0 X-10.000 Y-10.000 F9000 ; travel
G1 E+0.800 F3600 ; unretract
;perimeter
G1 X8.200 Y-10.000 E655.9477 F3600
G1 X10.000 Y-10.000 E656.0195 F3600
G1 X10.000 Y8.200 E656.7459 F3600
G1 X10.000 Y10.000 E656.8178 F3600
G1 X8.200 Y10.000 E656.8896 F3600
G1 X-10.000 Y10.000 E657.6160 F3600
G1 X-10.000 Y8.200 E657.6878 F3600
G1 E-0.800 F9000 ; retract
G0 X-9.520 Y-9.520 F9000 ; travel
G1 E+0.800 F3600 ; unretract
;perimeter
G1 X8.200 Y-9.520 E658.3951 F3600
G1 X9.520 Y-9.520 E658.4478 F3600
G1 X9.520 Y8.200 E659.1550 F3600
G1 X9.520 Y9.520 E659.2077 F3600
G1 X8.200 Y9.520 E659.2604 F3600
G1 X-9.520 Y9.520 E659.9676 F3600
G1 X-9.520 Y8.200 E660.0203 F3600
G1 E-0.800 F9000 ; retract
G0 X7.737 Y-10.000 F9000 ; travel
G1 E+0.800 F3600 ; unretract
;infill
G1 X10.000 Y-7.737 E660.1480 F3600
G1 E-0.800 F9000 ; retract
G0 X3.212 Y-10.000 F9000 ; travel
G1 E+0.800 F3600 ; unretract
;infill
G1 X10.000 Y-3.212 E660.5312 F3600
G1 E-0.800 F9000 ; retract
G0 X-1.314 Y-10.000 F9000 ; travel
G1 E+0.800 F3600 ; unretract
;infill
G1 X10.000 Y1.314 E661.1698 F3600
G1 E-0.800 F9000 ; retract
G0 X-5.839 Y-10.000 F9000 ; travel
G1 E+0.800 F3600 ; unretract
;infill
G1 X10.000 Y5.839 E662.0638 F3600
G1 E-0.800 F9000 ; retract
G0 X-10.000 Y-9.635 F9000 ; travel
G1 E+0.800 F3600 ; unretract
;infill
G1 X9.635 Y10.000 E663.1721 F3600
G1 E-0.800 F9000 ; retract
G0 X-10.000 Y-5.110 F9000 ; travel
G1 E+0.800 F3600 ; unretract
;infill
G1 X5.110 Y10.000 E664.0250 F3600
G1 E-0.800 F9000 ; retract
G0 X-10.000 Y-0.584 F9000 ; travel
G1 E+0.800 F3600 ; unretract
;infill
G1 X0.584 Y10.000 E664.6224 F3600
G1 E-0.800 F9000 ; retract
G0 X-10.000 Y3.941 F9000 ; travel
G1 E+0.800 F3600 ; unretract
;infill
G1 X-3.941 Y10.000 E664.9644 F3600
G1 E-0.800 F9000 ; retract
G0 X-10.000 Y8.467 F9000 ; travel
G1 E+0.800 F3600 ; unretract
;infill
G1 X-8.467 Y10.000 E665.0509 F3600
;LAYER:92 ;Z:18.40
G1 Z18.40 F9000 ; move to layer
G92 E0 ; reset extruder at layer start
G1 E-0.800 F9000 ; retract
G0 X-10.000 Y-10.000 F9000 ; travel
G1 E+0.800 F3600 ; unretract
;perimeter
G1 X8.400 Y-10.000 E665.7853 F3600
G1 X10.000 Y-10.000 E665.8492 F3600
G1 X10.000 Y8.400 E666.5836 F3600
G1 X10.000 Y10.000 E666.6474 F3600
G1 X8.400 Y10.000 E666.7113 F3600
G1 X-10.000 Y10.000 E667.4457 F3600
G1 X-10.000 Y8.400 E667.5095 F3600
G1 E-0.800 F9000 ; retract
G0 X-9.520 Y-9.520 F9000 ; travel
G1 E+0.800 F3600 ; unretract
;perimeter
G1 X8.400 Y-9.520 E668.2248 F3600
G1 X9.520 Y-9.520 E668.2695 F3600
G1 X9.520 Y8.400 E668.9847 F3600
G1 X9.520 Y9.520 E669.0294 F3600
G1 X8.400 Y9.520 E669.0741 F3600
G1 X-9.520 Y9.520 E669.7893 F3600
G1 X-9.520 Y8.400 E669.8340 F3600
G1 E-0.800 F9000 ; retract
G0 X7.737 Y-10.000 F9000 ; travel
G1 E+0.800 F3600 ; unretract
;infill
G1 X10.000 Y-7.737 E669.9617 F3600
G1 E-0.800 F9000 ; retract
G0 X3.212 Y-10.000 F9000 ; travel
G1 E+0.800 F3600 ; unretract
;infill
G1 X10.000 Y-3.212 E670.3449 F3600
G1 E-0.800 F9000 ; retract
G0 X-1.314 Y-10.000 F9000 ; travel
G1 E+0.800 F3600 ; unretract
;infill
G1 X10.000 Y1.314 E670.9835 F3600
G1 E-0.800 F9000 ; retract
G0 X-5.839 Y-10.000 F9000 ; travel
G1 E+0.800 F3600 ; unretract
;infill
G1 X10.000 Y5.839 E671.8775 F3600
G1 E-0.800 F9000 ; retract
G0 X-10.000 Y-9.635 F9000 ; travel
G1 E+0.800 F3600 ; unretract
;infill
G1 X9.635 Y10.000 E672.9858 F3600
G1 E-0.800 F9000 ; retract
G0 X-10.000 Y-5.110 F9000 ; travel
G1 E+0.800 F3600 ; unretract
;infill
G1 X5.110 Y10.000 E673.8387 F3600
G1 E-0.800 F9000 ; retract
G0 X-10.000 Y-0.584 F9000 ; travel
G1 E+0.800 F3600 ; unretract
;infill
G1 X0.584 Y10.000 E674.4361 F3600
G1 E-0.800 F9000 ; retract
G0 X-10.000 Y3.941 F9000 ; travel
G1 E+0.800 F3600 ; unretract
;infill
G1 X-3.941 Y10.000 E674.7781 F3600
G1 E-0.800 F9000 ; retract
G0 X-10.000 Y8.467 F9000 ; travel
G1 E+0.800 F3600 ; unretract
;infill
G1 X-8.467 Y10.000 E674.8647 F3600
;LAYER:93 ;Z:18.60
G1 Z18.60 F9000 ; move to layer
G92 E0 ; reset extruder at layer start
G1 E-0.800 F9000 ; retract
G0 X-10.000 Y-10.000 F9000 ; travel
G1 E+0.800 F3600 ; unretract
;perimeter
G1 X8.600 Y-10.000 E675.6070 F3600
G1 X10.000 Y-10.000 E675.6629 F3600
G1 X10.000 Y8.600 E676.4053 F3600
G1 X10.000 Y10.000 E676.4611 F3600
G1 X8.600 Y10.000 E676.5170 F3600
G1 X-10.000 Y10.000 E677.2594 F3600
G1 X-10.000 Y8.600 E677.3153 F3600
G1 E-0.800 F9000 ; retract
G0 X-9.520 Y-9.520 F9000 ; travel
G1 E+0.800 F3600 ; unretract
;perimeter
G1 X8.600 Y-9.520 E678.0385 F3600
G1 X9.520 Y-9.520 E678.0752 F3600
G1 X9.520 Y8.600 E678.7984 F3600
G1 X9.520 Y9.520 E678.8351 F3600
G1 X8.600 Y9.520 E678.8718 F3600
G1 X-9.520 Y9.520 E679.5950 F3600
G1 X-9.520 Y8.600 E679.6318 F3600
G1 E-0.800 F9000 ; retract
G0 X7.737 Y-10.000 F9000 ; travel
G1 E+0.800 F3600 ; unretract
;infill
G1 X10.000 Y-7.737 E679.7595 F3600
G1 E-0.800 F9000 ; retract
G0 X3.212 Y-10.000 F9000 ; travel
G1 E+0.800 F3600 ; unretract
;infill
G1 X10.000 Y-3.212 E680.1426 F3600
G1 E-0.800 F9000 ; retract
G0 X-1.314 Y-10.000 F9000 ; travel
G1 E+0.800 F3600 ; unretract
;infill
G1 X10.000 Y1.314 E680.7812 F3600
G1 E-0.800 F9000 ; retract
G0 X-5.839 Y-10.000 F9000 ; travel
G1 E+0.800 F3600 ; unretract
;infill
G1 X10.000 Y5.839 E681.6753 F3600
G1 E-0.800 F9000 ; retract
G0 X-10.000 Y-9.635 F9000 ; travel
G1 E+0.800 F3600 ; unretract
;infill
G1 X9.635 Y10.000 E682.7836 F3600
G1 E-0.800 F9000 ; retract
G0 X-10.000 Y-5.110 F9000 ; travel
G1 E+0.800 F3600 ; unretract
;infill
G1 X5.110 Y10.000 E683.6364 F3600
G1 E-0.800 F9000 ; retract
G0 X-10.000 Y-0.584 F9000 ; travel
G1 E+0.800 F3600 ; unretract
;infill
G1 X0.584 Y10.000 E684.2339 F3600
G1 E-0.800 F9000 ; retract
G0 X-10.000 Y3.941 F9000 ; travel
G1 E+0.800 F3600 ; unretract
;infill
G1 X-3.941 Y10.000 E684.5759 F3600
G1 E-0.800 F9000 ; retract
G0 X-10.000 Y8.467 F9000 ; travel
G1 E+0.800 F3600 ; unretract
;infill
G1 X-8.467 Y10.000 E684.6624 F3600
;LAYER:94 ;Z:18.80
G1 Z18.80 F9000 ; move to layer
G92 E0 ; reset extruder at layer start
G1 E-0.800 F9000 ; retract
G0 X-10.000 Y-10.000 F9000 ; travel
G1 E+0.800 F3600 ; unretract
;perimeter
G1 X8.800 Y-10.000 E685.4128 F3600
G1 X10.000 Y-10.000 E685.4606 F3600
G1 X10.000 Y8.800 E686.2110 F3600
G1 X10.000 Y10.000 E686.2589 F3600
G1 X8.800 Y10.000 E686.3068 F3600
G1 X-10.000 Y10.000 E687.0571 F3600
G1 X-10.000 Y8.800 E687.1050 F3600
G1 E-0.800 F9000 ; retract
G0 X-9.520 Y-9.520 F9000 ; travel
G1 E+0.800 F3600 ; unretract
;perimeter
G1 X8.800 Y-9.520 E687.8362 F3600
G1 X9.520 Y-9.520 E687.8650 F3600
G1 X9.520 Y8.800 E688.5961 F3600
G1 X9.520 Y9.520 E688.6249 F3600
G1 X8.800 Y9.520 E688.6536 F3600
G1 X-9.520 Y9.520 E689.3848 F3600
G1 X-9.520 Y8.800 E689.4135 F3600
G1 E-0.800 F9000 ; retract
G0 X7.737 Y-10.000 F9000 ; travel
G1 E+0.800 F3600 ; unretract
;infill
G1 X10.000 Y-7.737 E689.5413 F3600
G1 E-0.800 F9000 ; retract
G0 X3.212 Y-10.000 F9000 ; travel
G1 E+0.800 F3600 ; unretract
;infill
G1 X10.000 Y-3.212 E689.9244 F3600
G1 E-0.800 F9000 ; retract
G0 X-1.314 Y-10.000 F9000 ; travel
G1 E+0.800 F3600 ; unretract
;infill
G1 X10.000 Y1.314 E690.5630 F3600
G1 E-0.800 F9000 ; retract
G0 X-5.839 Y-10.000 F9000 ; travel
G1 E+0.800 F3600 ; unretract
;infill
G1 X10.000 Y5.839 E691.4571 F3600
G1 E-0.800 F9000 ; retract
G0 X-10.000 Y-9.635 F9000 ; travel
G1 E+0.800 F3600 ; unretract
;infill
G1 X9.635 Y10.000 E692.5654 F3600
G1 E-0.800 F9000 ; retract
G0 X-10.000 Y-5.110 F9000 ; travel
G1 E+0.800 F3600 ; unretract
;infill
G1 X5.110 Y10.000 E693.4182 F3600
G1 E-0.800 F9000 ; retract
G0 X-10.000 Y-0.584 F9000 ; travel
G1 E+0.800 F3600 ; unretract
;infill
G1 X0.584 Y10.000 E694.0156 F3600
G1 E-0.800 F9000 ; retract
G0 X-10.000 Y3.941 F9000 ; travel
G1 E+0.800 F3600 ; unretract
;infill
G1 X-3.941 Y10.000 E694.3576 F3600
G1 E-0.800 F9000 ; retract
G0 X-10.000 Y8.467 F9000 ; travel
G1 E+0.800 F3600 ; unretract
;infill
G1 X-8.467 Y10.000 E694.4442 F3600
;LAYER:95 ;Z:19.00
G1 Z19.00 F9000 ; move to layer
G92 E0 ; reset extruder at layer start
G1 E-0.800 F9000 ; retract
G0 X-10.000 Y-10.000 F9000 ; travel
G1 E+0.800 F3600 ; unretract
;perimeter
G1 X9.000 Y-10.000 E695.2025 F3600
G1 X10.000 Y-10.000 E695.2424 F3600
G1 X10.000 Y9.000 E696.0008 F3600
G1 X10.000 Y10.000 E696.0407 F3600
G1 X9.000 Y10.000 E696.0806 F3600
G1 X-10.000 Y10.000 E696.8389 F3600
G1 X-10.000 Y9.000 E696.8788 F3600
G1 E-0.800 F9000 ; retract
G0 X-9.520 Y-9.520 F9000 ; travel
G1 E+0.800 F3600 ; unretract
;perimeter
G1 X9.000 Y-9.520 E697.6180 F3600
G1 X9.520 Y-9.520 E697.6388 F3600
G1 X9.520 Y9.000 E698.3779 F3600
G1 X9.520 Y9.520 E698.3987 F3600
G1 X9.000 Y9.520 E698.4194 F3600
G1 X-9.520 Y9.520 E699.1586 F3600
G1 X-9.520 Y9.000 E699.1794 F3600
G1 E-0.800 F9000 ; retract
G0 X7.737 Y-10.000 F9000 ; travel
G1 E+0.800 F3600 ; unretract
;infill
G1 X10.000 Y-7.737 E699.3071 F3600
G1 E-0.800 F9000 ; retract
G0 X3.212 Y-10.000 F9000 ; travel
G1 E+0.800 F3600 ; unretract
;infill
G1 X10.000 Y-3.212 E699.6902 F3600
G1 E-0.800 F9000 ; retract
G0 X-1.314 Y-10.000 F9000 ; travel
G1 E+0.800 F3600 ; unretract
;infill
G1 X10.000 Y1.314 E700.3288 F3600
G1 E-0.800 F9000 ; retract
G0 X-5.839 Y-10.000 F9000 ; travel
G1 E+0.800 F3600 ; unretract
;infill
G1 X10.000 Y5.839 E701.2229 F3600
G1 E-0.800 F9000 ; retract
G0 X-10.000 Y-9.635 F9000 ; travel
G1 E+0.800 F3600 ; unretract
;infill
G1 X9.635 Y10.000 E702.3312 F3600
G1 E-0.800 F9000 ; retract
G0 X-10.000 Y-5.110 F9000 ; travel
G1 E+0.800 F3600 ; unretract
;infill
G1 X5.110 Y10.000 E703.1840 F3600
G1 E-0.800 F9000 ; retract
G0 X-10.000 Y-0.584 F9000 ; travel
G1 E+0.800 F3600 ; unretract
;infill
G1 X0.584 Y10.000 E703.7815 F3600
G1 E-0.800 F9000 ; retract
G0 X-10.000 Y3.941 F9000 ; travel
G1 E+0.800 F3600 ; unretract
;infill
G1 X-3.941 Y10.000 E704.1235 F3600
G1 E-0.800 F9000 ; retract
G0 X-10.000 Y8.467 F9000 ; travel
G1 E+0.800 F3600 ; unretract
;infill
G1 X-8.467 Y10.000 E704.2100 F3600
;LAYER:96 ;Z:19.20
G1 Z19.20 F9000 ; move to layer
G92 E0 ; reset extruder at layer start
G1 E-0.800 F9000 ; retract
G0 X-10.000 Y-10.000 F9000 ; travel
G1 E+0.800 F3600 ; unretract
;perimeter
G1 X9.200 Y-10.000 E704.9763 F3600
G1 X10.000 Y-10.000 E705.0082 F3600
G1 X10.000 Y9.200 E705.7746 F3600
G1 X10.000 Y10.000 E705.8065 F3600
G1 X9.200 Y10.000 E705.8384 F3600
G1 X-10.000 Y10.000 E706.6047 F3600
G1 X-10.000 Y9.200 E706.6367 F3600
G1 E-0.800 F9000 ; retract
G0 X-9.520 Y-9.520 F9000 ; travel
G1 E+0.800 F3600 ; unretract
;perimeter
G1 X9.200 Y-9.520 E707.3838 F3600
G1 X9.520 Y-9.520 E707.3966 F3600
G1 X9.520 Y9.200 E708.1437 F3600
G1 X9.520 Y9.520 E708.1565 F3600
G1 X9.200 Y9.520 E708.1693 F3600
G1 X-9.520 Y9.520 E708.9164 F3600
G1 X-9.520 Y9.200 E708.9292 F3600
G1 E-0.800 F9000 ; retract
G0 X7.737 Y-10.000 F9000 ; travel
G1 E+0.800 F3600 ; unretract
;infill
G1 X10.000 Y-7.737 E709.0569 F3600
G1 E-0.800 F9000 ; retract
G0 X3.212 Y-10.000 F9000 ; travel
G1 E+0.800 F3600 ; unretract
;infill
G1 X10.000 Y-3.212 E709.4401 F3600
G1 E-0.800 F9000 ; retract
G0 X-1.314 Y-10.000 F9000 ; travel
G1 E+0.800 F3600 ; unretract
;infill
G1 X10.000 Y1.314 E710.0787 F3600
G1 E-0.800 F9000 ; retract
G0 X-5.839 Y-10.000 F9000 ; travel
G1 E+0.800 F3600 ; unretract
;infill
G1 X10.000 Y5.839 E710.9727 F3600
G1 E-0.800 F9000 ; retract
G0 X-10.000 Y-9.635 F9000 ; travel
G1 E+0.800 F3600 ; unretract
;infill
G1 X9.635 Y10.000 E712.0810 F3600
G1 E-0.800 F9000 ; retract
G0 X-10.000 Y-5.110 F9000 ; travel
G1 E+0.800 F3600 ; unretract
;infill
G1 X5.110 Y10.000 E712.9339 F3600
G1 E-0.800 F9000 ; retract
G0 X-10.000 Y-0.584 F9000 ; travel
G1 E+0.800 F3600 ; unretract
;infill
G1 X0.584 Y10.000 E713.5313 F3600
G1 E-0.800 F9000 ; retract
G0 X-10.000 Y3.941 F9000 ; travel
G1 E+0.800 F3600 ; unretract
;infill
G1 X-3.941 Y10.000 E713.8733 F3600
G1 E-0.800 F9000 ; retract
G0 X-10.000 Y8.467 F9000 ; travel
G1 E+0.800 F3600 ; unretract
;infill
G1 X-8.467 Y10.000 E713.9599 F3600
;LAYER:97 ;Z:19.40
G1 Z19.40 F9000 ; move to layer
G92 E0 ; reset extruder at layer start
G1 E-0.800 F9000 ; retract
G0 X-10.000 Y-10.000 F9000 ; travel
G1 E+0.800 F3600 ; unretract
;perimeter
G1 X9.400 Y-10.000 E714.7342 F3600
G1 X10.000 Y-10.000 E714.7581 F3600
G1 X10.000 Y9.400 E715.5324 F3600
G1 X10.000 Y10.000 E715.5563 F3600
G1 X9.400 Y10.000 E715.5803 F3600
G1 X-10.000 Y10.000 E716.3546 F3600
G1 X-10.000 Y9.400 E716.3785 F3600
G1 E-0.800 F9000 ; retract
G0 X-9.520 Y-9.520 F9000 ; travel
G1 E+0.800 F3600 ; unretract
;perimeter
G1 X9.400 Y-9.520 E717.1337 F3600
G1 X9.520 Y-9.520 E717.1385 F3600
G1 X9.520 Y9.400 E717.8936 F3600
G1 X9.520 Y9.520 E717.8984 F3600
G1 X9.400 Y9.520 E717.9032 F3600
G1 X-9.520 Y9.520 E718.6583 F3600
G1 X-9.520 Y9.400 E718.6631 F3600
G1 E-0.800 F9000 ; retract
G0 X7.737 Y-10.000 F9000 ; travel
G1 E+0.800 F3600 ; unretract
;infill
G1 X10.000 Y-7.737 E718.7908 F3600
G1 E-0.800 F9000 ; retract
G0 X3.212 Y-10.000 F9000 ; travel
G1 E+0.800 F3600 ; unretract
;infill
G1 X10.000 Y-3.212 E719.1740 F3600
G1 E-0.800 F9000 ; retract
G0 X-1.314 Y-10.000 F9000 ; travel
G1 E+0.800 F3600 ; unretract
;infill
G1 X10.000 Y1.314 E719.8126 F3600
G1 E-0.800 F9000 ; retract
G0 X-5.839 Y-10.000 F9000 ; travel
G1 E+0.800 F3600 ; unretract
;infill
G1 X10.000 Y5.839 E720.7066 F3600
G1 E-0.800 F9000 ; retract
G0 X-10.000 Y-9.635 F9000 ; travel
G1 E+0.800 F3600 ; unretract
;infill
G1 X9.635 Y10.000 E721.8149 F3600
G1 E-0.800 F9000 ; retract
G0 X-10.000 Y-5.110 F9000 ; travel
G1 E+0.800 F3600 ; unretract
;infill
G1 X5.110 Y10.000 E722.6678 F3600
G1 E-0.800 F9000 ; retract
G0 X-10.000 Y-0.584 F9000 ; travel
G1 E+0.800 F3600 ; unretract
;infill
G1 X0.584 Y10.000 E723.2652 F3600
G1 E-0.800 F9000 ; retract
G0 X-10.000 Y3.941 F9000 ; travel
G1 E+0.800 F3600 ; unretract
;infill
G1 X-3.941 Y10.000 E723.6072 F3600
G1 E-0.800 F9000 ; retract
G0 X-10.000 Y8.467 F9000 ; travel
G1 E+0.800 F3600 ; unretract
;infill
G1 X-8.467 Y10.000 E723.6937 F3600
;LAYER:98 ;Z:19.60
G1 Z19.60 F9000 ; move to layer
G92 E0 ; reset extruder at layer start
G1 E-0.800 F9000 ; retract
G0 X-10.000 Y-10.000 F9000 ; travel
G1 E+0.800 F3600 ; unretract
;perimeter
G1 X9.600 Y-10.000 E724.4760 F3600
G1 X10.000 Y-10.000 E724.4920 F3600
G1 X10.000 Y9.600 E725.2743 F3600
G1 X10.000 Y10.000 E725.2902 F3600
G1 X9.600 Y10.000 E725.3062 F3600
G1 X-10.000 Y10.000 E726.0885 F3600
G1 X-10.000 Y9.600 E726.1044 F3600
G1 E-0.800 F9000 ; retract
G0 X-9.520 Y-9.520 F9000 ; travel
G1 E+0.800 F3600 ; unretract
;perimeter
G1 X9.600 Y-9.520 E726.8676 F3600
G1 X9.520 Y-9.520 E726.8708 F3600
G1 X9.520 Y9.600 E727.6339 F3600
G1 X9.520 Y9.520 E727.6371 F3600
G1 X9.600 Y9.520 E727.6403 F3600
G1 X-9.520 Y9.520 E728.4034 F3600
G1 X-9.520 Y9.600 E728.4066 F3600
G1 E-0.800 F9000 ; retract
G0 X9.661 Y-10.000 F9000 ; travel
G1 E+0.800 F3600 ; unretract
;infill-solid
G1 X10.000 Y-9.661 E728.4257 F3600
G1 E-0.800 F9000 ; retract
G0 X8.982 Y-10.000 F9000 ; travel
G1 E+0.800 F3600 ; unretract
;infill-solid
G1 X10.000 Y-8.982 E728.4832 F3600
G1 E-0.800 F9000 ; retract
G0 X8.303 Y-10.000 F9000 ; travel
G1 E+0.800 F3600 ; unretract
;infill-solid
G1 X10.000 Y-8.303 E728.5790 F3600
G1 E-0.800 F9000 ; retract
G0 X7.624 Y-10.000 F9000 ; travel
G1 E+0.800 F3600 ; unretract
;infill-solid
G1 X10.000 Y-7.624 E728.7131 F3600
G1 E-0.800 F9000 ; retract
G0 X6.945 Y-10.000 F9000 ; travel
G1 E+0.800 F3600 ; unretract
;infill-solid
G1 X10.000 Y-6.945 E728.8855 F3600
G1 E-0.800 F9000 ; retract
G0 X6.266 Y-10.000 F9000 ; travel
G1 E+0.800 F3600 ; unretract
;infill-solid
G1 X10.000 Y-6.266 E729.0963 F3600
G1 E-0.800 F9000 ; retract
G0 X5.588 Y-10.000 F9000 ; travel
G1 E+0.800 F3600 ; unretract
;infill-solid
G1 X10.000 Y-5.588 E729.3453 F3600
G1 E-0.800 F9000 ; retract
G0 X4.909 Y-10.000 F9000 ; travel
G1 E+0.800 F3600 ; unretract
;infill-solid
G1 X10.000 Y-4.909 E729.6327 F3600
G1 E-0.800 F9000 ; retract
G0 X4.230 Y-10.000 F9000 ; travel
G1 E+0.800 F3600 ; unretract
;infill-solid
G1 X10.000 Y-4.230 E729.9584 F3600
G1 E-0.800 F9000 ; retract
G0 X3.551 Y-10.000 F9000 ; travel
G1 E+0.800 F3600 ; unretract
;infill-solid
G1 X10.000 Y-3.551 E730.3224 F3600
G1 E-0.800 F9000 ; retract
G0 X2.872 Y-10.000 F9000 ; travel
G1 E+0.800 F3600 ; unretract
;infill-solid
G1 X10.000 Y-2.872 E730.7247 F3600
G1 E-0.800 F9000 ; retract
G0 X2.194 Y-10.000 F9000 ; travel
G1 E+0.800 F3600 ; unretract
;infill-solid
G1 X10.000 Y-2.194 E731.1653 F3600
G1 E-0.800 F9000 ; retract
G0 X1.515 Y-10.000 F9000 ; travel
G1 E+0.800 F3600 ; unretract
;infill-solid
G1 X10.000 Y-1.515 E731.6442 F3600
G1 E-0.800 F9000 ; retract
G0 X0.836 Y-10.000 F9000 ; travel
G1 E+0.800 F3600 ; unretract
;infill-solid
G1 X10.000 Y-0.836 E732.1615 F3600
G1 E-0.800 F9000 ; retract
G0 X0.157 Y-10.000 F9000 ; travel
G1 E+0.800 F3600 ; unretract
;infill-solid
G1 X10.000 Y-0.157 E732.7171 F3600
G1 E-0.800 F9000 ; retract
G0 X-0.522 Y-10.000 F9000 ; travel
G1 E+0.800 F3600 ; unretract
;infill-solid
G1 X10.000 Y0.522 E733.3110 F3600
G1 E-0.800 F9000 ; retract
G0 X-1.201 Y-10.000 F9000 ; travel
G1 E+0.800 F3600 ; unretract
;infill-solid
G1 X10.000 Y1.201 E733.9432 F3600
G1 E-0.800 F9000 ; retract
G0 X-1.879 Y-10.000 F9000 ; travel
G1 E+0.800 F3600 ; unretract
;infill-solid
G1 X10.000 Y1.879 E734.6137 F3600
G1 E-0.800 F9000 ; retract
G0 X-2.558 Y-10.000 F9000 ; travel
G1 E+0.800 F3600 ; unretract
;infill-solid
G1 X10.000 Y2.558 E735.3225 F3600
G1 E-0.800 F9000 ; retract
G0 X-3.237 Y-10.000 F9000 ; travel
G1 E+0.800 F3600 ; unretract
;infill-solid
G1 X10.000 Y3.237 E736.0697 F3600
G1 E-0.800 F9000 ; retract
G0 X-3.916 Y-10.000 F9000 ; travel
G1 E+0.800 F3600 ; unretract
;infill-solid
G1 X10.000 Y3.916 E736.8552 F3600
G1 E-0.800 F9000 ; retract
G0 X-4.595 Y-10.000 F9000 ; travel
G1 E+0.800 F3600 ; unretract
;infill-solid
G1 X10.000 Y4.595 E737.6790 F3600
G1 E-0.800 F9000 ; retract
G0 X-5.273 Y-10.000 F9000 ; travel
G1 E+0.800 F3600 ; unretract
;infill-solid
G1 X10.000 Y5.273 E738.5411 F3600
G1 E-0.800 F9000 ; retract
G0 X-5.952 Y-10.000 F9000 ; travel
G1 E+0.800 F3600 ; unretract
;infill-solid
G1 X10.000 Y5.952 E739.4415 F3600
G1 E-0.800 F9000 ; retract
G0 X-6.631 Y-10.000 F9000 ; travel
G1 E+0.800 F3600 ; unretract
;infill-solid
G1 X10.000 Y6.631 E740.3802 F3600
G1 E-0.800 F9000 ; retract
G0 X-7.310 Y-10.000 F9000 ; travel
G1 E+0.800 F3600 ; unretract
;infill-solid
G1 X10.000 Y7.310 E741.3573 F3600
G1 E-0.800 F9000 ; retract
G0 X-7.989 Y-10.000 F9000 ; travel
G1 E+0.800 F3600 ; unretract
;infill-solid
G1 X10.000 Y7.989 E742.3726 F3600
G1 E-0.800 F9000 ; retract
G0 X-8.668 Y-10.000 F9000 ; travel
G1 E+0.800 F3600 ; unretract
;infill-solid
G1 X10.000 Y8.668 E743.4263 F3600
G1 E-0.800 F9000 ; retract
G0 X-9.346 Y-10.000 F9000 ; travel
G1 E+0.800 F3600 ; unretract
;infill-solid
G1 X10.000 Y9.346 E744.5183 F3600
G1 E-0.800 F9000 ; retract
G0 X-10.000 Y-9.975 F9000 ; travel
G1 E+0.800 F3600 ; unretract
;infill-solid
G1 X9.975 Y10.000 E745.6458 F3600
G1 E-0.800 F9000 ; retract
G0 X-10.000 Y-9.296 F9000 ; travel
G1 E+0.800 F3600 ; unretract
;infill-solid
G1 X9.296 Y10.000 E746.7349 F3600
G1 E-0.800 F9000 ; retract
G0 X-10.000 Y-8.617 F9000 ; travel
G1 E+0.800 F3600 ; unretract
;infill-solid
G1 X8.617 Y10.000 E747.7857 F3600
G1 E-0.800 F9000 ; retract
G0 X-10.000 Y-7.938 F9000 ; travel
G1 E+0.800 F3600 ; unretract
;infill-solid
G1 X7.938 Y10.000 E748.7983 F3600
G1 E-0.800 F9000 ; retract
G0 X-10.000 Y-7.259 F9000 ; travel
G1 E+0.800 F3600 ; unretract
;infill-solid
G1 X7.259 Y10.000 E749.7725 F3600
G1 E-0.800 F9000 ; retract
G0 X-10.000 Y-6.581 F9000 ; travel
G1 E+0.800 F3600 ; unretract
;infill-solid
G1 X6.581 Y10.000 E750.7083 F3600
G1 E-0.800 F9000 ; retract
G0 X-10.000 Y-5.902 F9000 ; travel
G1 E+0.800 F3600 ; unretract
;infill-solid
G1 X5.902 Y10.000 E751.6059 F3600
G1 E-0.800 F9000 ; retract
G0 X-10.000 Y-5.223 F9000 ; travel
G1 E+0.800 F3600 ; unretract
;infill-solid
G1 X5.223 Y10.000 E752.4652 F3600
G1 E-0.800 F9000 ; retract
G0 X-10.000 Y-4.544 F9000 ; travel
G1 E+0.800 F3600 ; unretract
;infill-solid
G1 X4.544 Y10.000 E753.2861 F3600
G1 E-0.800 F9000 ; retract
G0 X-10.000 Y-3.865 F9000 ; travel
G1 E+0.800 F3600 ; unretract
;infill-solid
G1 X3.865 Y10.000 E754.0687 F3600
G1 E-0.800 F9000 ; retract
G0 X-10.000 Y-3.187 F9000 ; travel
G1 E+0.800 F3600 ; unretract
;infill-solid
G1 X3.187 Y10.000 E754.8130 F3600
G1 E-0.800 F9000 ; retract
G0 X-10.000 Y-2.508 F9000 ; travel
G1 E+0.800 F3600 ; unretract
;infill-solid
G1 X2.508 Y10.000 E755.5190 F3600
G1 E-0.800 F9000 ; retract
G0 X-10.000 Y-1.829 F9000 ; travel
G1 E+0.800 F3600 ; unretract
;infill-solid
G1 X1.829 Y10.000 E756.1867 F3600
G1 E-0.800 F9000 ; retract
G0 X-10.000 Y-1.150 F9000 ; travel
G1 E+0.800 F3600 ; unretract
;infill-solid
G1 X1.150 Y10.000 E756.8160 F3600
G1 E-0.800 F9000 ; retract
G0 X-10.000 Y-0.471 F9000 ; travel
G1 E+0.800 F3600 ; unretract
;infill-solid
G1 X0.471 Y10.000 E757.4071 F3600
G1 E-0.800 F9000 ; retract
G0 X-10.000 Y0.208 F9000 ; travel
G1 E+0.800 F3600 ; unretract
;infill-solid
G1 X-0.208 Y10.000 E757.9598 F3600
G1 E-0.800 F9000 ; retract
G0 X-10.000 Y0.886 F9000 ; travel
G1 E+0.800 F3600 ; unretract
;infill-solid
G1 X-0.886 Y10.000 E758.4742 F3600
G1 E-0.800 F9000 ; retract
G0 X-10.000 Y1.565 F9000 ; travel
G1 E+0.800 F3600 ; unretract
;infill-solid
G1 X-1.565 Y10.000 E758.9503 F3600
G1 E-0.800 F9000 ; retract
G0 X-10.000 Y2.244 F9000 ; travel
G1 E+0.800 F3600 ; unretract
;infill-solid
G1 X-2.244 Y10.000 E759.3881 F3600
G1 E-0.800 F9000 ; retract
G0 X-10.000 Y2.923 F9000 ; travel
G1 E+0.800 F3600 ; unretract
;infill-solid
G1 X-2.923 Y10.000 E759.7875 F3600
G1 E-0.800 F9000 ; retract
G0 X-10.000 Y3.602 F9000 ; travel
G1 E+0.800 F3600 ; unretract
;infill-solid
G1 X-3.602 Y10.000 E760.1487 F3600
G1 E-0.800 F9000 ; retract
G0 X-10.000 Y4.281 F9000 ; travel
G1 E+0.800 F3600 ; unretract
;infill-solid
G1 X-4.281 Y10.000 E760.4715 F3600
G1 E-0.800 F9000 ; retract
G0 X-10.000 Y4.959 F9000 ; travel
G1 E+0.800 F3600 ; unretract
;infill-solid
G1 X-4.959 Y10.000 E760.7560 F3600
G1 E-0.800 F9000 ; retract
G0 X-10.000 Y5.638 F9000 ; travel
G1 E+0.800 F3600 ; unretract
;infill-solid
G1 X-5.638 Y10.000 E761.0022 F3600
G1 E-0.800 F9000 ; retract
G0 X-10.000 Y6.317 F9000 ; travel
G1 E+0.800 F3600 ; unretract
;infill-solid
G1 X-6.317 Y10.000 E761.2101 F3600
G1 E-0.800 F9000 ; retract
G0 X-10.000 Y6.996 F9000 ; travel
G1 E+0.800 F3600 ; unretract
;infill-solid
G1 X-6.996 Y10.000 E761.3797 F3600
G1 E-0.800 F9000 ; retract
G0 X-10.000 Y7.675 F9000 ; travel
G1 E+0.800 F3600 ; unretract
;infill-solid
G1 X-7.675 Y10.000 E761.5109 F3600
G1 E-0.800 F9000 ; retract
G0 X-10.000 Y8.353 F9000 ; travel
G1 E+0.800 F3600 ; unretract
;infill-solid
G1 X-8.353 Y10.000 E761.6039 F3600
G1 E-0.800 F9000 ; retract
G0 X-10.000 Y9.032 F9000 ; travel
G1 E+0.800 F3600 ; unretract
;infill-solid
G1 X-9.032 Y10.000 E761.6585 F3600
G1 E-0.800 F9000 ; retract
G0 X-10.000 Y9.711 F9000 ; travel
G1 E+0.800 F3600 ; unretract
;infill-solid
G1 X-9.711 Y10.000 E761.6748 F3600
;LAYER:99 ;Z:19.80
G1 Z19.80 F9000 ; move to layer
G92 E0 ; reset extruder at layer start
G1 E-0.800 F9000 ; retract
G0 X-10.000 Y-10.000 F9000 ; travel
G1 E+0.800 F3600 ; unretract
;perimeter
G1 X9.800 Y-10.000 E762.4651 F3600
G1 X10.000 Y-10.000 E762.4731 F3600
G1 X10.000 Y9.800 E763.2633 F3600
G1 X10.000 Y10.000 E763.2713 F3600
G1 X9.800 Y10.000 E763.2793 F3600
G1 X-10.000 Y10.000 E764.0695 F3600
G1 X-10.000 Y9.800 E764.0775 F3600
G1 E-0.800 F9000 ; retract
G0 X-9.520 Y-9.520 F9000 ; travel
G1 E+0.800 F3600 ; unretract
;perimeter
G1 X9.800 Y-9.520 E764.8486 F3600
G1 X9.520 Y-9.520 E764.8598 F3600
G1 X9.520 Y9.800 E765.6309 F3600
G1 X9.520 Y9.520 E765.6421 F3600
G1 X9.800 Y9.520 E765.6533 F3600
G1 X-9.520 Y9.520 E766.4244 F3600
G1 X-9.520 Y9.800 E766.4355 F3600
G1 E-0.800 F9000 ; retract
G0 X9.661 Y-10.000 F9000 ; travel
G1 E+0.800 F3600 ; unretract
;infill-solid
G1 X10.000 Y-9.661 E766.4547 F3600
G1 E-0.800 F9000 ; retract
G0 X8.982 Y-10.000 F9000 ; travel
G1 E+0.800 F3600 ; unretract
;infill-solid
G1 X10.000 Y-8.982 E766.5122 F3600
G1 E-0.800 F9000 ; retract
G0 X8.303 Y-10.000 F9000 ; travel
G1 E+0.800 F3600 ; unretract
;infill-solid
G1 X10.000 Y-8.303 E766.6080 F3600
G1 E-0.800 F9000 ; retract
G0 X7.624 Y-10.000 F9000 ; travel
G1 E+0.800 F3600 ; unretract
;infill-solid
G1 X10.000 Y-7.624 E766.7421 F3600
G1 E-0.800 F9000 ; retract
G0 X6.945 Y-10.000 F9000 ; travel
G1 E+0.800 F3600 ; unretract
;infill-solid
G1 X10.000 Y-6.945 E766.9145 F3600
G1 E-0.800 F9000 ; retract
G0 X6.266 Y-10.000 F9000 ; travel
G1 E+0.800 F3600 ; unretract
;infill-solid
G1 X10.000 Y-6.266 E767.1252 F3600
G1 E-0.800 F9000 ; retract
G0 X5.588 Y-10.000 F9000 ; travel
G1 E+0.800 F3600 ; unretract
;infill-solid
G1 X10.000 Y-5.588 E767.3743 F3600
G1 E-0.800 F9000 ; retract
G0 X4.909 Y-10.000 F9000 ; travel
G1 E+0.800 F3600 ; unretract
;infill-solid
G1 X10.000 Y-4.909 E767.6616 F3600
G1 E-0.800 F9000 ; retract
G0 X4.230 Y-10.000 F9000 ; travel
G1 E+0.800 F3600 ; unretract
;infill-solid
G1 X10.000 Y-4.230 E767.9873 F3600
G1 E-0.800 F9000 ; retract
G0 X3.551 Y-10.000 F9000 ; travel
G1 E+0.800 F3600 ; unretract
;infill-solid
G1 X10.000 Y-3.551 E768.3513 F3600
G1 E-0.800 F9000 ; retract
G0 X2.872 Y-10.000 F9000 ; travel
G1 E+0.800 F3600 ; unretract
;infill-solid
G1 X10.000 Y-2.872 E768.7536 F3600
G1 E-0.800 F9000 ; retract
G0 X2.194 Y-10.000 F9000 ; travel
G1 E+0.800 F3600 ; unretract
;infill-solid
G1 X10.000 Y-2.194 E769.1943 F3600
G1 E-0.800 F9000 ; retract
G0 X1.515 Y-10.000 F9000 ; travel
G1 E+0.800 F3600 ; unretract
;infill-solid
G1 X10.000 Y-1.515 E769.6732 F3600
G1 E-0.800 F9000 ; retract
G0 X0.836 Y-10.000 F9000 ; travel
G1 E+0.800 F3600 ; unretract
;infill-solid
G1 X10.000 Y-0.836 E770.1905 F3600
G1 E-0.800 F9000 ; retract
G0 X0.157 Y-10.000 F9000 ; travel
G1 E+0.800 F3600 ; unretract
;infill-solid
G1 X10.000 Y-0.157 E770.7460 F3600
G1 E-0.800 F9000 ; retract
G0 X-0.522 Y-10.000 F9000 ; travel
G1 E+0.800 F3600 ; unretract
;infill-solid
G1 X10.000 Y0.522 E771.3399 F3600
G1 E-0.800 F9000 ; retract
G0 X-1.201 Y-10.000 F9000 ; travel
G1 E+0.800 F3600 ; unretract
;infill-solid
G1 X10.000 Y1.201 E771.9721 F3600
G1 E-0.800 F9000 ; retract
G0 X-1.879 Y-10.000 F9000 ; travel
G1 E+0.800 F3600 ; unretract
;infill-solid
G1 X10.000 Y1.879 E772.6427 F3600
G1 E-0.800 F9000 ; retract
G0 X-2.558 Y-10.000 F9000 ; travel
G1 E+0.800 F3600 ; unretract
;infill-solid
G1 X10.000 Y2.558 E773.3515 F3600
G1 E-0.800 F9000 ; retract
G0 X-3.237 Y-10.000 F9000 ; travel
G1 E+0.800 F3600 ; unretract
;infill-solid
G1 X10.000 Y3.237 E774.0987 F3600
G1 E-0.800 F9000 ; retract
G0 X-3.916 Y-10.000 F9000 ; travel
G1 E+0.800 F3600 ; unretract
;infill-solid
G1 X10.000 Y3.916 E774.8841 F3600
G1 E-0.800 F9000 ; retract
G0 X-4.595 Y-10.000 F9000 ; travel
G1 E+0.800 F3600 ; unretract
;infill-solid
G1 X10.000 Y4.595 E775.7079 F3600
G1 E-0.800 F9000 ; retract
G0 X-5.273 Y-10.000 F9000 ; travel
G1 E+0.800 F3600 ; unretract
;infill-solid
G1 X10.000 Y5.273 E776.5700 F3600
G1 E-0.800 F9000 ; retract
G0 X-5.952 Y-10.000 F9000 ; travel
G1 E+0.800 F3600 ; unretract
;infill-solid
G1 X10.000 Y5.952 E777.4704 F3600
G1 E-0.800 F9000 ; retract
G0 X-6.631 Y-10.000 F9000 ; travel
G1 E+0.800 F3600 ; unretract
;infill-solid
G1 X10.000 Y6.631 E778.4092 F3600
G1 E-0.800 F9000 ; retract
G0 X-7.310 Y-10.000 F9000 ; travel
G1 E+0.800 F3600 ; unretract
;infill-solid
G1 X10.000 Y7.310 E779.3862 F3600
G1 E-0.800 F9000 ; retract
G0 X-7.989 Y-10.000 F9000 ; travel
G1 E+0.800 F3600 ; unretract
;infill-solid
G1 X10.000 Y7.989 E780.4016 F3600
G1 E-0.800 F9000 ; retract
G0 X-8.668 Y-10.000 F9000 ; travel
G1 E+0.800 F3600 ; unretract
;infill-solid
G1 X10.000 Y8.668 E781.4553 F3600
G1 E-0.800 F9000 ; retract
G0 X-9.346 Y-10.000 F9000 ; travel
G1 E+0.800 F3600 ; unretract
;infill-solid
G1 X10.000 Y9.346 E782.5473 F3600
G1 E-0.800 F9000 ; retract
G0 X-10.000 Y-9.975 F9000 ; travel
G1 E+0.800 F3600 ; unretract
;infill-solid
G1 X9.975 Y10.000 E783.6747 F3600
G1 E-0.800 F9000 ; retract
G0 X-10.000 Y-9.296 F9000 ; travel
G1 E+0.800 F3600 ; unretract
;infill-solid
G1 X9.296 Y10.000 E784.7639 F3600
G1 E-0.800 F9000 ; retract
G0 X-10.000 Y-8.617 F9000 ; travel
G1 E+0.800 F3600 ; unretract
;infill-solid
G1 X8.617 Y10.000 E785.8147 F3600
G1 E-0.800 F9000 ; retract
G0 X-10.000 Y-7.938 F9000 ; travel
G1 E+0.800 F3600 ; unretract
;infill-solid
G1 X7.938 Y10.000 E786.8272 F3600
G1 E-0.800 F9000 ; retract
G0 X-10.000 Y-7.259 F9000 ; travel
G1 E+0.800 F3600 ; unretract
;infill-solid
G1 X7.259 Y10.000 E787.8014 F3600
G1 E-0.800 F9000 ; retract
G0 X-10.000 Y-6.581 F9000 ; travel
G1 E+0.800 F3600 ; unretract
;infill-solid
G1 X6.581 Y10.000 E788.7373 F3600
G1 E-0.800 F9000 ; retract
G0 X-10.000 Y-5.902 F9000 ; travel
G1 E+0.800 F3600 ; unretract
;infill-solid
G1 X5.902 Y10.000 E789.6349 F3600
G1 E-0.800 F9000 ; retract
G0 X-10.000 Y-5.223 F9000 ; travel
G1 E+0.800 F3600 ; unretract
;infill-solid
G1 X5.223 Y10.000 E790.4941 F3600
G1 E-0.800 F9000 ; retract
G0 X-10.000 Y-4.544 F9000 ; travel
G1 E+0.800 F3600 ; unretract
;infill-solid
G1 X4.544 Y10.000 E791.3151 F3600
G1 E-0.800 F9000 ; retract
G0 X-10.000 Y-3.865 F9000 ; travel
G1 E+0.800 F3600 ; unretract
;infill-solid
G1 X3.865 Y10.000 E792.0977 F3600
G1 E-0.800 F9000 ; retract
G0 X-10.000 Y-3.187 F9000 ; travel
G1 E+0.800 F3600 ; unretract
;infill-solid
G1 X3.187 Y10.000 E792.8420 F3600
G1 E-0.800 F9000 ; retract
G0 X-10.000 Y-2.508 F9000 ; travel
G1 E+0.800 F3600 ; unretract
;infill-solid
G1 X2.508 Y10.000 E793.5480 F3600
G1 E-0.800 F9000 ; retract
G0 X-10.000 Y-1.829 F9000 ; travel
G1 E+0.800 F3600 ; unretract
;infill-solid
G1 X1.829 Y10.000 E794.2156 F3600
G1 E-0.800 F9000 ; retract
G0 X-10.000 Y-1.150 F9000 ; travel
G1 E+0.800 F3600 ; unretract
;infill-solid
G1 X1.150 Y10.000 E794.8450 F3600
G1 E-0.800 F9000 ; retract
G0 X-10.000 Y-0.471 F9000 ; travel
G1 E+0.800 F3600 ; unretract
;infill-solid
G1 X0.471 Y10.000 E795.4360 F3600
G1 E-0.800 F9000 ; retract
G0 X-10.000 Y0.208 F9000 ; travel
G1 E+0.800 F3600 ; unretract
;infill-solid
G1 X-0.208 Y10.000 E795.9888 F3600
G1 E-0.800 F9000 ; retract
G0 X-10.000 Y0.886 F9000 ; travel
G1 E+0.800 F3600 ; unretract
;infill-solid
G1 X-0.886 Y10.000 E796.5032 F3600
G1 E-0.800 F9000 ; retract
G0 X-10.000 Y1.565 F9000 ; travel
G1 E+0.800 F3600 ; unretract
;infill-solid
G1 X-1.565 Y10.000 E796.9793 F3600
G1 E-0.800 F9000 ; retract
G0 X-10.000 Y2.244 F9000 ; travel
G1 E+0.800 F3600 ; unretract
;infill-solid
G1 X-2.244 Y10.000 E797.4170 F3600
G1 E-0.800 F9000 ; retract
G0 X-10.000 Y2.923 F9000 ; travel
G1 E+0.800 F3600 ; unretract
;infill-solid
G1 X-2.923 Y10.000 E797.8165 F3600
G1 E-0.800 F9000 ; retract
G0 X-10.000 Y3.602 F9000 ; travel
G1 E+0.800 F3600 ; unretract
;infill-solid
G1 X-3.602 Y10.000 E798.1777 F3600
G1 E-0.800 F9000 ; retract
G0 X-10.000 Y4.281 F9000 ; travel
G1 E+0.800 F3600 ; unretract
;infill-solid
G1 X-4.281 Y10.000 E798.5005 F3600
G1 E-0.800 F9000 ; retract
G0 X-10.000 Y4.959 F9000 ; travel
G1 E+0.800 F3600 ; unretract
;infill-solid
G1 X-4.959 Y10.000 E798.7850 F3600
G1 E-0.800 F9000 ; retract
G0 X-10.000 Y5.638 F9000 ; travel
G1 E+0.800 F3600 ; unretract
;infill-solid
G1 X-5.638 Y10.000 E799.0312 F3600
G1 E-0.800 F9000 ; retract
G0 X-10.000 Y6.317 F9000 ; travel
G1 E+0.800 F3600 ; unretract
;infill-solid
G1 X-6.317 Y10.000 E799.2391 F3600
G1 E-0.800 F9000 ; retract
G0 X-10.000 Y6.996 F9000 ; travel
G1 E+0.800 F3600 ; unretract
;infill-solid
G1 X-6.996 Y10.000 E799.4087 F3600
G1 E-0.800 F9000 ; retract
G0 X-10.000 Y7.675 F9000 ; travel
G1 E+0.800 F3600 ; unretract
;infill-solid
G1 X-7.675 Y10.000 E799.5399 F3600
G1 E-0.800 F9000 ; retract
G0 X-10.000 Y8.353 F9000 ; travel
G1 E+0.800 F3600 ; unretract
;infill-solid
G1 X-8.353 Y10.000 E799.6328 F3600
G1 E-0.800 F9000 ; retract
G0 X-10.000 Y9.032 F9000 ; travel
G1 E+0.800 F3600 ; unretract
;infill-solid
G1 X-9.032 Y10.000 E799.6875 F3600
G1 E-0.800 F9000 ; retract
G0 X-10.000 Y9.711 F9000 ; travel
G1 E+0.800 F3600 ; unretract
;infill-solid
G1 X-9.711 Y10.000 E799.7038 F3600
M104 S0 ; hotend off
M140 S0 ; bed off
; auto-eject sequence (release temp 40C)
M190 S40 ; wait for bed cool to release temp
M300 S440 P100 ; alert
M280 P0 S90 ; servo eject
G1 X0 Y0 F3000 ; park
M84 ; motors off
; llc end
;FARM_JOB_END:job2 ;FARM_OK
; llc farm batch end (1/1 ok)
