; llama-cad-eda print farm batch
; printer: printer-A
; jobs: 1
;FARM_JOB:job2 ;FARM_NAME:gear ;FARM_QTY:2
; generated by llama-cad-eda slicer (Orca-style)
; printer: printer-A
; layers: 101 layer_height: 0.20 filament: -nan mm est_time: -nan s
M140 S60
M190 S60
M104 S210
M109 S210
G28 ; home all axes
T1 ; AMS/CFS slot (mapped)
;LAYER:2 ;Z:0.40
G1 Z0.40 F9000 ; move to layer
G92 E0 ; reset extruder at layer start
G0 X-10.000 Y-10.000 F9000 ; travel
G1 E+0.800 F3600 ; unretract
;perimeter
G1 X-9.600 Y-10.000 E0.8160 F3600
G1 X10.000 Y-10.000 E1.5982 F3600
G1 X10.000 Y-9.600 E1.6142 F3600
G1 X10.000 Y10.000 E2.3965 F3600
G1 X-9.600 Y10.000 E3.1788 F3600
G1 X-10.000 Y10.000 E3.1947 F3600
G1 X-10.000 Y-9.600 E3.9770 F3600
G1 E-0.800 F9000 ; retract
G0 X-9.520 Y-9.520 F9000 ; travel
G1 E+0.800 F3600 ; unretract
;perimeter
G1 X-9.600 Y-9.520 E3.9802 F3600
G1 X9.520 Y-9.520 E4.7433 F3600
G1 X9.520 Y-9.600 E4.7465 F3600
G1 X9.520 Y9.520 E5.5096 F3600
G1 X-9.600 Y9.520 E6.2728 F3600
G1 X-9.520 Y9.520 E6.2759 F3600
G1 X-9.520 Y-9.600 E7.0391 F3600
G1 E-0.800 F9000 ; retract
G0 X9.661 Y-10.000 F9000 ; travel
G1 E+0.800 F3600 ; unretract
;infill-solid
G1 X10.000 Y-9.661 E7.0582 F3600
G1 E-0.800 F9000 ; retract
G0 X8.982 Y-10.000 F9000 ; travel
G1 E+0.800 F3600 ; unretract
;infill-solid
G1 X10.000 Y-8.982 E7.1157 F3600
G1 E-0.800 F9000 ; retract
G0 X8.303 Y-10.000 F9000 ; travel
G1 E+0.800 F3600 ; unretract
;infill-solid
G1 X10.000 Y-8.303 E7.2115 F3600
G1 E-0.800 F9000 ; retract
G0 X7.624 Y-10.000 F9000 ; travel
G1 E+0.800 F3600 ; unretract
;infill-solid
G1 X10.000 Y-7.624 E7.3456 F3600
G1 E-0.800 F9000 ; retract
G0 X6.945 Y-10.000 F9000 ; travel
G1 E+0.800 F3600 ; unretract
;infill-solid
G1 X10.000 Y-6.945 E7.5180 F3600
G1 E-0.800 F9000 ; retract
G0 X6.266 Y-10.000 F9000 ; travel
G1 E+0.800 F3600 ; unretract
;infill-solid
G1 X10.000 Y-6.266 E7.7288 F3600
G1 E-0.800 F9000 ; retract
G0 X5.588 Y-10.000 F9000 ; travel
G1 E+0.800 F3600 ; unretract
;infill-solid
G1 X10.000 Y-5.588 E7.9778 F3600
G1 E-0.800 F9000 ; retract
G0 X4.909 Y-10.000 F9000 ; travel
G1 E+0.800 F3600 ; unretract
;infill-solid
G1 X10.000 Y-4.909 E8.2652 F3600
G1 E-0.800 F9000 ; retract
G0 X4.230 Y-10.000 F9000 ; travel
G1 E+0.800 F3600 ; unretract
;infill-solid
G1 X10.000 Y-4.230 E8.5909 F3600
G1 E-0.800 F9000 ; retract
G0 X3.551 Y-10.000 F9000 ; travel
G1 E+0.800 F3600 ; unretract
;infill-solid
G1 X10.000 Y-3.551 E8.9549 F3600
G1 E-0.800 F9000 ; retract
G0 X2.872 Y-10.000 F9000 ; travel
G1 E+0.800 F3600 ; unretract
;infill-solid
G1 X10.000 Y-2.872 E9.3572 F3600
G1 E-0.800 F9000 ; retract
G0 X2.194 Y-10.000 F9000 ; travel
G1 E+0.800 F3600 ; unretract
;infill-solid
G1 X10.000 Y-2.194 E9.7978 F3600
G1 E-0.800 F9000 ; retract
G0 X1.515 Y-10.000 F9000 ; travel
G1 E+0.800 F3600 ; unretract
;infill-solid
G1 X10.000 Y-1.515 E10.2767 F3600
G1 E-0.800 F9000 ; retract
G0 X0.836 Y-10.000 F9000 ; travel
G1 E+0.800 F3600 ; unretract
;infill-solid
G1 X10.000 Y-0.836 E10.7940 F3600
G1 E-0.800 F9000 ; retract
G0 X0.157 Y-10.000 F9000 ; travel
G1 E+0.800 F3600 ; unretract
;infill-solid
G1 X10.000 Y-0.157 E11.3496 F3600
G1 E-0.800 F9000 ; retract
G0 X-0.522 Y-10.000 F9000 ; travel
G1 E+0.800 F3600 ; unretract
;infill-solid
G1 X10.000 Y0.522 E11.9435 F3600
G1 E-0.800 F9000 ; retract
G0 X-1.201 Y-10.000 F9000 ; travel
G1 E+0.800 F3600 ; unretract
;infill-solid
G1 X10.000 Y1.201 E12.5757 F3600
G1 E-0.800 F9000 ; retract
G0 X-1.879 Y-10.000 F9000 ; travel
G1 E+0.800 F3600 ; unretract
;infill-solid
G1 X10.000 Y1.879 E13.2462 F3600
G1 E-0.800 F9000 ; retract
G0 X-2.558 Y-10.000 F9000 ; travel
G1 E+0.800 F3600 ; unretract
;infill-solid
G1 X10.000 Y2.558 E13.9550 F3600
G1 E-0.800 F9000 ; retract
G0 X-3.237 Y-10.000 F9000 ; travel
G1 E+0.800 F3600 ; unretract
;infill-solid
G1 X10.000 Y3.237 E14.7022 F3600
G1 E-0.800 F9000 ; retract
G0 X-3.916 Y-10.000 F9000 ; travel
G1 E+0.800 F3600 ; unretract
;infill-solid
G1 X10.000 Y3.916 E15.4877 F3600
G1 E-0.800 F9000 ; retract
G0 X-4.595 Y-10.000 F9000 ; travel
G1 E+0.800 F3600 ; unretract
;infill-solid
G1 X10.000 Y4.595 E16.3115 F3600
G1 E-0.800 F9000 ; retract
G0 X-5.273 Y-10.000 F9000 ; travel
G1 E+0.800 F3600 ; unretract
;infill-solid
G1 X10.000 Y5.273 E17.1736 F3600
G1 E-0.800 F9000 ; retract
G0 X-5.952 Y-10.000 F9000 ; travel
G1 E+0.800 F3600 ; unretract
;infill-solid
G1 X10.000 Y5.952 E18.0740 F3600
G1 E-0.800 F9000 ; retract
G0 X-6.631 Y-10.000 F9000 ; travel
G1 E+0.800 F3600 ; unretract
;infill-solid
G1 X10.000 Y6.631 E19.0127 F3600
G1 E-0.800 F9000 ; retract
G0 X-7.310 Y-10.000 F9000 ; travel
G1 E+0.800 F3600 ; unretract
;infill-solid
G1 X10.000 Y7.310 E19.9898 F3600
G1 E-0.800 F9000 ; retract
G0 X-7.989 Y-10.000 F9000 ; travel
G1 E+0.800 F3600 ; unretract
;infill-solid
G1 X10.000 Y7.989 E21.0051 F3600
G1 E-0.800 F9000 ; retract
G0 X-8.668 Y-10.000 F9000 ; travel
G1 E+0.800 F3600 ; unretract
;infill-solid
G1 X10.000 Y8.668 E22.0588 F3600
G1 E-0.800 F9000 ; retract
G0 X-9.346 Y-10.000 F9000 ; travel
G1 E+0.800 F3600 ; unretract
;infill-solid
G1 X10.000 Y9.346 E23.1508 F3600
G1 E-0.800 F9000 ; retract
G0 X-10.000 Y-9.975 F9000 ; travel
G1 E+0.800 F3600 ; unretract
;infill-solid
G1 X9.975 Y10.000 E24.2783 F3600
G1 E-0.800 F9000 ; retract
G0 X-10.000 Y-9.296 F9000 ; travel
G1 E+0.800 F3600 ; unretract
;infill-solid
G1 X9.296 Y10.000 E25.3674 F3600
G1 E-0.800 F9000 ; retract
G0 X-10.000 Y-8.617 F9000 ; travel
G1 E+0.800 F3600 ; unretract
;infill-solid
G1 X8.617 Y10.000 E26.4182 F3600
G1 E-0.800 F9000 ; retract
G0 X-10.000 Y-7.938 F9000 ; travel
G1 E+0.800 F3600 ; unretract
;infill-solid
G1 X7.938 Y10.000 E27.4308 F3600
G1 E-0.800 F9000 ; retract
G0 X-10.000 Y-7.259 F9000 ; travel
G1 E+0.800 F3600 ; unretract
;infill-solid
G1 X7.259 Y10.000 E28.4050 F3600
G1 E-0.800 F9000 ; retract
G0 X-10.000 Y-6.581 F9000 ; travel
G1 E+0.800 F3600 ; unretract
;infill-solid
G1 X6.581 Y10.000 E29.3408 F3600
G1 E-0.800 F9000 ; retract
G0 X-10.000 Y-5.902 F9000 ; travel
G1 E+0.800 F3600 ; unretract
;infill-solid
G1 X5.902 Y10.000 E30.2384 F3600
G1 E-0.800 F9000 ; retract
G0 X-10.000 Y-5.223 F9000 ; travel
G1 E+0.800 F3600 ; unretract
;infill-solid
G1 X5.223 Y10.000 E31.0977 F3600
G1 E-0.800 F9000 ; retract
G0 X-10.000 Y-4.544 F9000 ; travel
G1 E+0.800 F3600 ; unretract
;infill-solid
G1 X4.544 Y10.000 E31.9186 F3600
G1 E-0.800 F9000 ; retract
G0 X-10.000 Y-3.865 F9000 ; travel
G1 E+0.800 F3600 ; unretract
;infill-solid
G1 X3.865 Y10.000 E32.7012 F3600
G1 E-0.800 F9000 ; retract
G0 X-10.000 Y-3.187 F9000 ; travel
G1 E+0.800 F3600 ; unretract
;infill-solid
G1 X3.187 Y10.000 E33.4455 F3600
G1 E-0.800 F9000 ; retract
G0 X-10.000 Y-2.508 F9000 ; travel
G1 E+0.800 F3600 ; unretract
;infill-solid
G1 X2.508 Y10.000 E34.1515 F3600
G1 E-0.800 F9000 ; retract
G0 X-10.000 Y-1.829 F9000 ; travel
G1 E+0.800 F3600 ; unretract
;infill-solid
G1 X1.829 Y10.000 E34.8192 F3600
G1 E-0.800 F9000 ; retract
G0 X-10.000 Y-1.150 F9000 ; travel
G1 E+0.800 F3600 ; unretract
;infill-solid
G1 X1.150 Y10.000 E35.4485 F3600
G1 E-0.800 F9000 ; retract
G0 X-10.000 Y-0.471 F9000 ; travel
G1 E+0.800 F3600 ; unretract
;infill-solid
G1 X0.471 Y10.000 E36.0396 F3600
G1 E-0.800 F9000 ; retract
G0 X-10.000 Y0.208 F9000 ; travel
G1 E+0.800 F3600 ; unretract
;infill-solid
G1 X-0.208 Y10.000 E36.5923 F3600
G1 E-0.800 F9000 ; retract
G0 X-10.000 Y0.886 F9000 ; travel
G1 E+0.800 F3600 ; unretract
;infill-solid
G1 X-0.886 Y10.000 E37.1067 F3600
G1 E-0.800 F9000 ; retract
G0 X-10.000 Y1.565 F9000 ; travel
G1 E+0.800 F3600 ; unretract
;infill-solid
G1 X-1.565 Y10.000 E37.5828 F3600
G1 E-0.800 F9000 ; retract
G0 X-10.000 Y2.244 F9000 ; travel
G1 E+0.800 F3600 ; unretract
;infill-solid
G1 X-2.244 Y10.000 E38.0206 F3600
G1 E-0.800 F9000 ; retract
G0 X-10.000 Y2.923 F9000 ; travel
G1 E+0.800 F3600 ; unretract
;infill-solid
G1 X-2.923 Y10.000 E38.4200 F3600
G1 E-0.800 F9000 ; retract
G0 X-10.000 Y3.602 F9000 ; travel
G1 E+0.800 F3600 ; unretract
;infill-solid
G1 X-3.602 Y10.000 E38.7812 F3600
G1 E-0.800 F9000 ; retract
G0 X-10.000 Y4.281 F9000 ; travel
G1 E+0.800 F3600 ; unretract
;infill-solid
G1 X-4.281 Y10.000 E39.1040 F3600
G1 E-0.800 F9000 ; retract
G0 X-10.000 Y4.959 F9000 ; travel
G1 E+0.800 F3600 ; unretract
;infill-solid
G1 X-4.959 Y10.000 E39.3885 F3600
G1 E-0.800 F9000 ; retract
G0 X-10.000 Y5.638 F9000 ; travel
G1 E+0.800 F3600 ; unretract
;infill-solid
G1 X-5.638 Y10.000 E39.6347 F3600
G1 E-0.800 F9000 ; retract
G0 X-10.000 Y6.317 F9000 ; travel
G1 E+0.800 F3600 ; unretract
;infill-solid
G1 X-6.317 Y10.000 E39.8426 F3600
G1 E-0.800 F9000 ; retract
G0 X-10.000 Y6.996 F9000 ; travel
G1 E+0.800 F3600 ; unretract
;infill-solid
G1 X-6.996 Y10.000 E40.0122 F3600
G1 E-0.800 F9000 ; retract
G0 X-10.000 Y7.675 F9000 ; travel
G1 E+0.800 F3600 ; unretract
;infill-solid
G1 X-7.675 Y10.000 E40.1434 F3600
G1 E-0.800 F9000 ; retract
G0 X-10.000 Y8.353 F9000 ; travel
G1 E+0.800 F3600 ; unretract
;infill-solid
G1 X-8.353 Y10.000 E40.2364 F3600
G1 E-0.800 F9000 ; retract
G0 X-10.000 Y9.032 F9000 ; travel
G1 E+0.800 F3600 ; unretract
;infill-solid
G1 X-9.032 Y10.000 E40.2910 F3600
G1 E-0.800 F9000 ; retract
G0 X-10.000 Y9.711 F9000 ; travel
G1 E+0.800 F3600 ; unretract
;infill-solid
G1 X-9.711 Y10.000 E40.3073 F3600
G1 E-0.800 F9000 ; retract
G0 X10.000 Y9.661 F9000 ; travel
G1 E+0.800 F3600 ; unretract
;infill-solid
G1 X9.661 Y10.000 E40.3265 F3600
G1 E-0.800 F9000 ; retract
G0 X10.000 Y8.982 F9000 ; travel
G1 E+0.800 F3600 ; unretract
;infill-solid
G1 X8.982 Y10.000 E40.3839 F3600
G1 E-0.800 F9000 ; retract
G0 X10.000 Y8.303 F9000 ; travel
G1 E+0.800 F3600 ; unretract
;infill-solid
G1 X8.303 Y10.000 E40.4797 F3600
G1 E-0.800 F9000 ; retract
G0 X10.000 Y7.624 F9000 ; travel
G1 E+0.800 F3600 ; unretract
;infill-solid
G1 X7.624 Y10.000 E40.6138 F3600
G1 E-0.800 F9000 ; retract
G0 X10.000 Y6.945 F9000 ; travel
G1 E+0.800 F3600 ; unretract
;infill-solid
G1 X6.945 Y10.000 E40.7863 F3600
G1 E-0.800 F9000 ; retract
G0 X10.000 Y6.266 F9000 ; travel
G1 E+0.800 F3600 ; unretract
;infill-solid
G1 X6.266 Y10.000 E40.9970 F3600
G1 E-0.800 F9000 ; retract
G0 X10.000 Y5.588 F9000 ; travel
G1 E+0.800 F3600 ; unretract
;infill-solid
G1 X5.588 Y10.000 E41.2460 F3600
G1 E-0.800 F9000 ; retract
G0 X10.000 Y4.909 F9000 ; travel
G1 E+0.800 F3600 ; unretract
;infill-solid
G1 X4.909 Y10.000 E41.5334 F3600
G1 E-0.800 F9000 ; retract
G0 X10.000 Y4.230 F9000 ; travel
G1 E+0.800 F3600 ; unretract
;infill-solid
G1 X4.230 Y10.000 E41.8591 F3600
G1 E-0.800 F9000 ; retract
G0 X10.000 Y3.551 F9000 ; travel
G1 E+0.800 F3600 ; unretract
;infill-solid
G1 X3.551 Y10.000 E42.2231 F3600
G1 E-0.800 F9000 ; retract
G0 X10.000 Y2.872 F9000 ; travel
G1 E+0.800 F3600 ; unretract
;infill-solid
G1 X2.872 Y10.000 E42.6254 F3600
G1 E-0.800 F9000 ; retract
G0 X10.000 Y2.194 F9000 ; travel
G1 E+0.800 F3600 ; unretract
;infill-solid
G1 X2.194 Y10.000 E43.0660 F3600
G1 E-0.800 F9000 ; retract
G0 X10.000 Y1.515 F9000 ; travel
G1 E+0.800 F3600 ; unretract
;infill-solid
G1 X1.515 Y10.000 E43.5450 F3600
G1 E-0.800 F9000 ; retract
G0 X10.000 Y0.836 F9000 ; travel
G1 E+0.800 F3600 ; unretract
;infill-solid
G1 X0.836 Y10.000 E44.0622 F3600
G1 E-0.800 F9000 ; retract
G0 X10.000 Y0.157 F9000 ; travel
G1 E+0.800 F3600 ; unretract
;infill-solid
G1 X0.157 Y10.000 E44.6178 F3600
G1 E-0.800 F9000 ; retract
G0 X10.000 Y-0.522 F9000 ; travel
G1 E+0.800 F3600 ; unretract
;infill-solid
G1 X-0.522 Y10.000 E45.2117 F3600
G1 E-0.800 F9000 ; retract
G0 X10.000 Y-1.201 F9000 ; travel
G1 E+0.800 F3600 ; unretract
;infill-solid
G1 X-1.201 Y10.000 E45.8439 F3600
G1 E-0.800 F9000 ; retract
G0 X10.000 Y-1.879 F9000 ; travel
G1 E+0.800 F3600 ; unretract
;infill-solid
G1 X-1.879 Y10.000 E46.5144 F3600
G1 E-0.800 F9000 ; retract
G0 X10.000 Y-2.558 F9000 ; travel
G1 E+0.800 F3600 ; unretract
;infill-solid
G1 X-2.558 Y10.000 E47.2233 F3600
G1 E-0.800 F9000 ; retract
G0 X10.000 Y-3.237 F9000 ; travel
G1 E+0.800 F3600 ; unretract
;infill-solid
G1 X-3.237 Y10.000 E47.9704 F3600
G1 E-0.800 F9000 ; retract
G0 X10.000 Y-3.916 F9000 ; travel
G1 E+0.800 F3600 ; unretract
;infill-solid
G1 X-3.916 Y10.000 E48.7559 F3600
G1 E-0.800 F9000 ; retract
G0 X10.000 Y-4.595 F9000 ; travel
G1 E+0.800 F3600 ; unretract
;infill-solid
G1 X-4.595 Y10.000 E49.5797 F3600
G1 E-0.800 F9000 ; retract
G0 X10.000 Y-5.273 F9000 ; travel
G1 E+0.800 F3600 ; unretract
;infill-solid
G1 X-5.273 Y10.000 E50.4418 F3600
G1 E-0.800 F9000 ; retract
G0 X10.000 Y-5.952 F9000 ; travel
G1 E+0.800 F3600 ; unretract
;infill-solid
G1 X-5.952 Y10.000 E51.3422 F3600
G1 E-0.800 F9000 ; retract
G0 X10.000 Y-6.631 F9000 ; travel
G1 E+0.800 F3600 ; unretract
;infill-solid
G1 X-6.631 Y10.000 E52.2810 F3600
G1 E-0.800 F9000 ; retract
G0 X10.000 Y-7.310 F9000 ; travel
G1 E+0.800 F3600 ; unretract
;infill-solid
G1 X-7.310 Y10.000 E53.2580 F3600
G1 E-0.800 F9000 ; retract
G0 X10.000 Y-7.989 F9000 ; travel
G1 E+0.800 F3600 ; unretract
;infill-solid
G1 X-7.989 Y10.000 E54.2734 F3600
G1 E-0.800 F9000 ; retract
G0 X10.000 Y-8.668 F9000 ; travel
G1 E+0.800 F3600 ; unretract
;infill-solid
G1 X-8.668 Y10.000 E55.3270 F3600
G1 E-0.800 F9000 ; retract
G0 X10.000 Y-9.346 F9000 ; travel
G1 E+0.800 F3600 ; unretract
;infill-solid
G1 X-9.346 Y10.000 E56.4190 F3600
G1 E-0.800 F9000 ; retract
G0 X9.975 Y-10.000 F9000 ; travel
G1 E+0.800 F3600 ; unretract
;infill-solid
G1 X-10.000 Y9.975 E57.5465 F3600
G1 E-0.800 F9000 ; retract
G0 X9.296 Y-10.000 F9000 ; travel
G1 E+0.800 F3600 ; unretract
;infill-solid
G1 X-10.000 Y9.296 E58.6357 F3600
G1 E-0.800 F9000 ; retract
G0 X8.617 Y-10.000 F9000 ; travel
G1 E+0.800 F3600 ; unretract
;infill-solid
G1 X-10.000 Y8.617 E59.6865 F3600
G1 E-0.800 F9000 ; retract
G0 X7.938 Y-10.000 F9000 ; travel
G1 E+0.800 F3600 ; unretract
;infill-solid
G1 X-10.000 Y7.938 E60.6990 F3600
G1 E-0.800 F9000 ; retract
G0 X7.259 Y-10.000 F9000 ; travel
G1 E+0.800 F3600 ; unretract
;infill-solid
G1 X-10.000 Y7.259 E61.6732 F3600
G1 E-0.800 F9000 ; retract
G0 X6.581 Y-10.000 F9000 ; travel
G1 E+0.800 F3600 ; unretract
;infill-solid
G1 X-10.000 Y6.581 E62.6091 F3600
G1 E-0.800 F9000 ; retract
G0 X5.902 Y-10.000 F9000 ; travel
G1 E+0.800 F3600 ; unretract
;infill-solid
G1 X-10.000 Y5.902 E63.5066 F3600
G1 E-0.800 F9000 ; retract
G0 X5.223 Y-10.000 F9000 ; travel
G1 E+0.800 F3600 ; unretract
;infill-solid
G1 X-10.000 Y5.223 E64.3659 F3600
G1 E-0.800 F9000 ; retract
G0 X4.544 Y-10.000 F9000 ; travel
G1 E+0.800 F3600 ; unretract
;infill-solid
G1 X-10.000 Y4.544 E65.1868 F3600
G1 E-0.800 F9000 ; retract
G0 X3.865 Y-10.000 F9000 ; travel
G1 E+0.800 F3600 ; unretract
;infill-solid
G1 X-10.000 Y3.865 E65.9694 F3600
G1 E-0.800 F9000 ; retract
G0 X3.187 Y-10.000 F9000 ; travel
G1 E+0.800 F3600 ; unretract
;infill-solid
G1 X-10.000 Y3.187 E66.7138 F3600
G1 E-0.800 F9000 ; retract
G0 X2.508 Y-10.000 F9000 ; travel
G1 E+0.800 F3600 ; unretract
;infill-solid
G1 X-10.000 Y2.508 E67.4197 F3600
G1 E-0.800 F9000 ; retract
G0 X1.829 Y-10.000 F9000 ; travel
G1 E+0.800 F3600 ; unretract
;infill-solid
G1 X-10.000 Y1.829 E68.0874 F3600
G1 E-0.800 F9000 ; retract
G0 X0.000 Y2.500 F9000 ; travel
G1 E+0.800 F3600 ; unretract
;infill-solid
G1 X0.000 Y0.000 E68.1872 F3600
G1 E-0.800 F9000 ; retract
G0 X0.000 Y0.000 F9000 ; travel
G1 E+0.800 F3600 ; unretract
;infill-solid
G1 X0.000 Y0.000 E68.1872 F3600
G1 E-0.800 F9000 ; retract
G0 X0.000 Y0.480 F9000 ; travel
G1 E+0.800 F3600 ; unretract
;infill-solid
G1 X0.000 Y0.000 E68.2064 F3600
G1 E-0.800 F9000 ; retract
G0 X0.000 Y9.520 F9000 ; travel
G1 E+0.800 F3600 ; unretract
;infill-solid
G1 X0.000 Y0.000 E68.5863 F3600
G1 E-0.800 F9000 ; retract
G0 X0.000 Y0.480 F9000 ; travel
G1 E+0.800 F3600 ; unretract
;infill-solid
G1 X0.000 Y-1.600 E68.6693 F3600
G1 E-0.800 F9000 ; retract
G0 X0.000 Y-nan F9000 ; travel
G1 E+0.800 F3600 ; unretract
;infill-solid
G1 X0.000 Y0.000 E-nan F3600
G0 X0.000 Y0.480 F9000 ; travel
G1 E+0.800 F3600 ; unretract
;infill-solid
G1 X0.000 Y-nan E-nan F3600
G0 X0.000 Y0.000 F9000 ; travel
G1 E+0.800 F3600 ; unretract
;infill-solid
G1 X0.000 Y0.000 E-nan F3600
G0 X0.000 Y0.480 F9000 ; travel
G1 E+0.800 F3600 ; unretract
;infill-solid
G1 X0.000 Y0.000 E-nan F3600
G0 X0.000 Y0.000 F9000 ; travel
G1 E+0.800 F3600 ; unretract
;infill-solid
G1 X0.000 Y0.000 E-nan F3600
G0 X0.000 Y0.480 F9000 ; travel
G1 E+0.800 F3600 ; unretract
;infill-solid
G1 X0.000 Y5.980 E-nan F3600
G0 X0.000 Y5.000 F9000 ; travel
G1 E+0.800 F3600 ; unretract
;infill-solid
G1 X0.000 Y0.000 E-nan F3600
G0 X0.000 Y0.480 F9000 ; travel
G1 E+0.800 F3600 ; unretract
;infill-solid
G1 X0.000 Y0.000 E-nan F3600
G0 X0.000 Y0.480 F9000 ; travel
G1 E+0.800 F3600 ; unretract
;infill-solid
G1 X0.000 Y0.000 E-nan F3600
G0 X0.000 Y0.480 F9000 ; travel
G1 E+0.800 F3600 ; unretract
;infill-solid
G1 X0.000 Y0.000 E-nan F3600
G0 X0.000 Y0.480 F9000 ; travel
G1 E+0.800 F3600 ; unretract
;infill-solid
G1 X0.000 Y0.000 E-nan F3600
G0 X0.000 Y0.480 F9000 ; travel
G1 E+0.800 F3600 ; unretract
;infill-solid
G1 X0.000 Y0.000 E-nan F3600
;LAYER:3 ;Z:0.60
G1 Z0.60 F9000 ; move to layer
G92 E0 ; reset extruder at layer start
G0 X-10.000 Y-10.000 F9000 ; travel
G1 E+0.800 F3600 ; unretract
;perimeter
G1 X-9.400 Y-10.000 E-nan F3600
G1 X10.000 Y-10.000 E-nan F3600
G1 X10.000 Y-9.400 E-nan F3600
G1 X10.000 Y10.000 E-nan F3600
G1 X-9.400 Y10.000 E-nan F3600
G1 X-10.000 Y10.000 E-nan F3600
G1 X-10.000 Y-9.400 E-nan F3600
G0 X-9.520 Y-9.520 F9000 ; travel
G1 E+0.800 F3600 ; unretract
;perimeter
G1 X-9.400 Y-9.520 E-nan F3600
G1 X9.520 Y-9.520 E-nan F3600
G1 X9.520 Y-9.400 E-nan F3600
G1 X9.520 Y9.520 E-nan F3600
G1 X-9.400 Y9.520 E-nan F3600
G1 X-9.520 Y9.520 E-nan F3600
G1 X-9.520 Y-9.400 E-nan F3600
G0 X7.737 Y-10.000 F9000 ; travel
G1 E+0.800 F3600 ; unretract
;infill
G1 X10.000 Y-7.737 E-nan F3600
G0 X3.212 Y-10.000 F9000 ; travel
G1 E+0.800 F3600 ; unretract
;infill
G1 X10.000 Y-3.212 E-nan F3600
G0 X-1.314 Y-10.000 F9000 ; travel
G1 E+0.800 F3600 ; unretract
;infill
G1 X10.000 Y1.314 E-nan F3600
G0 X-5.839 Y-10.000 F9000 ; travel
G1 E+0.800 F3600 ; unretract
;infill
G1 X10.000 Y5.839 E-nan F3600
G0 X-10.000 Y-9.635 F9000 ; travel
G1 E+0.800 F3600 ; unretract
;infill
G1 X9.635 Y10.000 E-nan F3600
G0 X-10.000 Y-5.110 F9000 ; travel
G1 E+0.800 F3600 ; unretract
;infill
G1 X5.110 Y10.000 E-nan F3600
G0 X-10.000 Y-0.584 F9000 ; travel
G1 E+0.800 F3600 ; unretract
;infill
G1 X0.584 Y10.000 E-nan F3600
G0 X-10.000 Y3.941 F9000 ; travel
G1 E+0.800 F3600 ; unretract
;infill
G1 X-3.941 Y10.000 E-nan F3600
G0 X-10.000 Y8.467 F9000 ; travel
G1 E+0.800 F3600 ; unretract
;infill
G1 X-8.467 Y10.000 E-nan F3600
G0 X10.000 Y7.737 F9000 ; travel
G1 E+0.800 F3600 ; unretract
;infill
G1 X7.737 Y10.000 E-nan F3600
G0 X10.000 Y3.212 F9000 ; travel
G1 E+0.800 F3600 ; unretract
;infill
G1 X3.212 Y10.000 E-nan F3600
G0 X10.000 Y-1.314 F9000 ; travel
G1 E+0.800 F3600 ; unretract
;infill
G1 X-1.314 Y10.000 E-nan F3600
G0 X10.000 Y-5.839 F9000 ; travel
G1 E+0.800 F3600 ; unretract
;infill
G1 X-5.839 Y10.000 E-nan F3600
G0 X9.635 Y-10.000 F9000 ; travel
G1 E+0.800 F3600 ; unretract
;infill
G1 X-10.000 Y9.635 E-nan F3600
G0 X5.110 Y-10.000 F9000 ; travel
G1 E+0.800 F3600 ; unretract
;infill
G1 X-10.000 Y5.110 E-nan F3600
G0 X0.584 Y-10.000 F9000 ; travel
G1 E+0.800 F3600 ; unretract
;infill
G1 X-10.000 Y0.584 E-nan F3600
G0 X-3.941 Y-10.000 F9000 ; travel
G1 E+0.800 F3600 ; unretract
;infill
G1 X-10.000 Y-3.941 E-nan F3600
G0 X-8.467 Y-10.000 F9000 ; travel
G1 E+0.800 F3600 ; unretract
;infill
G1 X-10.000 Y-8.467 E-nan F3600
;LAYER:5 ;Z:1.00
G1 Z1.00 F9000 ; move to layer
G92 E0 ; reset extruder at layer start
G0 X-10.000 Y-10.000 F9000 ; travel
G1 E+0.800 F3600 ; unretract
;perimeter
G1 X-9.000 Y-10.000 E-nan F3600
G1 X10.000 Y-10.000 E-nan F3600
G1 X10.000 Y-9.000 E-nan F3600
G1 X10.000 Y10.000 E-nan F3600
G1 X-9.000 Y10.000 E-nan F3600
G1 X-10.000 Y10.000 E-nan F3600
G1 X-10.000 Y-9.000 E-nan F3600
G0 X-9.520 Y-9.520 F9000 ; travel
G1 E+0.800 F3600 ; unretract
;perimeter
G1 X-9.000 Y-9.520 E-nan F3600
G1 X9.520 Y-9.520 E-nan F3600
G1 X9.520 Y-9.000 E-nan F3600
G1 X9.520 Y9.520 E-nan F3600
G1 X-9.000 Y9.520 E-nan F3600
G1 X-9.520 Y9.520 E-nan F3600
G1 X-9.520 Y-9.000 E-nan F3600
G0 X7.737 Y-10.000 F9000 ; travel
G1 E+0.800 F3600 ; unretract
;infill
G1 X10.000 Y-7.737 E-nan F3600
G0 X3.212 Y-10.000 F9000 ; travel
G1 E+0.800 F3600 ; unretract
;infill
G1 X10.000 Y-3.212 E-nan F3600
G0 X-1.314 Y-10.000 F9000 ; travel
G1 E+0.800 F3600 ; unretract
;infill
G1 X10.000 Y1.314 E-nan F3600
G0 X-5.839 Y-10.000 F9000 ; travel
G1 E+0.800 F3600 ; unretract
;infill
G1 X10.000 Y5.839 E-nan F3600
G0 X-10.000 Y-9.635 F9000 ; travel
G1 E+0.800 F3600 ; unretract
;infill
G1 X9.635 Y10.000 E-nan F3600
G0 X-10.000 Y-5.110 F9000 ; travel
G1 E+0.800 F3600 ; unretract
;infill
G1 X5.110 Y10.000 E-nan F3600
G0 X-10.000 Y-0.584 F9000 ; travel
G1 E+0.800 F3600 ; unretract
;infill
G1 X0.584 Y10.000 E-nan F3600
G0 X-10.000 Y3.941 F9000 ; travel
G1 E+0.800 F3600 ; unretract
;infill
G1 X-3.941 Y10.000 E-nan F3600
G0 X-10.000 Y8.467 F9000 ; travel
G1 E+0.800 F3600 ; unretract
;infill
G1 X-8.467 Y10.000 E-nan F3600
G0 X10.000 Y7.737 F9000 ; travel
G1 E+0.800 F3600 ; unretract
;infill
G1 X7.737 Y10.000 E-nan F3600
G0 X10.000 Y3.212 F9000 ; travel
G1 E+0.800 F3600 ; unretract
;infill
G1 X3.212 Y10.000 E-nan F3600
G0 X10.000 Y-1.314 F9000 ; travel
G1 E+0.800 F3600 ; unretract
;infill
G1 X-1.314 Y10.000 E-nan F3600
G0 X10.000 Y-5.839 F9000 ; travel
G1 E+0.800 F3600 ; unretract
;infill
G1 X-5.839 Y10.000 E-nan F3600
G0 X9.635 Y-10.000 F9000 ; travel
G1 E+0.800 F3600 ; unretract
;infill
G1 X-10.000 Y9.635 E-nan F3600
G0 X5.110 Y-10.000 F9000 ; travel
G1 E+0.800 F3600 ; unretract
;infill
G1 X-10.000 Y5.110 E-nan F3600
G0 X0.584 Y-10.000 F9000 ; travel
G1 E+0.800 F3600 ; unretract
;infill
G1 X-10.000 Y0.584 E-nan F3600
G0 X-3.941 Y-10.000 F9000 ; travel
G1 E+0.800 F3600 ; unretract
;infill
G1 X-10.000 Y-3.941 E-nan F3600
G0 X-8.467 Y-10.000 F9000 ; travel
G1 E+0.800 F3600 ; unretract
;infill
G1 X-10.000 Y-8.467 E-nan F3600
;LAYER:7 ;Z:1.40
G1 Z1.40 F9000 ; move to layer
G92 E0 ; reset extruder at layer start
G0 X-10.000 Y-10.000 F9000 ; travel
G1 E+0.800 F3600 ; unretract
;perimeter
G1 X-8.600 Y-10.000 E-nan F3600
G1 X10.000 Y-10.000 E-nan F3600
G1 X10.000 Y-8.600 E-nan F3600
G1 X10.000 Y10.000 E-nan F3600
G1 X-8.600 Y10.000 E-nan F3600
G1 X-10.000 Y10.000 E-nan F3600
G1 X-10.000 Y-8.600 E-nan F3600
G0 X-9.520 Y-9.520 F9000 ; travel
G1 E+0.800 F3600 ; unretract
;perimeter
G1 X-8.600 Y-9.520 E-nan F3600
G1 X9.520 Y-9.520 E-nan F3600
G1 X9.520 Y-8.600 E-nan F3600
G1 X9.520 Y9.520 E-nan F3600
G1 X-8.600 Y9.520 E-nan F3600
G1 X-9.520 Y9.520 E-nan F3600
G1 X-9.520 Y-8.600 E-nan F3600
G0 X7.737 Y-10.000 F9000 ; travel
G1 E+0.800 F3600 ; unretract
;infill
G1 X10.000 Y-7.737 E-nan F3600
G0 X3.212 Y-10.000 F9000 ; travel
G1 E+0.800 F3600 ; unretract
;infill
G1 X10.000 Y-3.212 E-nan F3600
G0 X-1.314 Y-10.000 F9000 ; travel
G1 E+0.800 F3600 ; unretract
;infill
G1 X10.000 Y1.314 E-nan F3600
G0 X-5.839 Y-10.000 F9000 ; travel
G1 E+0.800 F3600 ; unretract
;infill
G1 X10.000 Y5.839 E-nan F3600
G0 X-10.000 Y-9.635 F9000 ; travel
G1 E+0.800 F3600 ; unretract
;infill
G1 X9.635 Y10.000 E-nan F3600
G0 X-10.000 Y-5.110 F9000 ; travel
G1 E+0.800 F3600 ; unretract
;infill
G1 X5.110 Y10.000 E-nan F3600
G0 X-10.000 Y-0.584 F9000 ; travel
G1 E+0.800 F3600 ; unretract
;infill
G1 X0.584 Y10.000 E-nan F3600
G0 X-10.000 Y3.941 F9000 ; travel
G1 E+0.800 F3600 ; unretract
;infill
G1 X-3.941 Y10.000 E-nan F3600
G0 X-10.000 Y8.467 F9000 ; travel
G1 E+0.800 F3600 ; unretract
;infill
G1 X-8.467 Y10.000 E-nan F3600
G0 X10.000 Y7.737 F9000 ; travel
G1 E+0.800 F3600 ; unretract
;infill
G1 X7.737 Y10.000 E-nan F3600
G0 X10.000 Y3.212 F9000 ; travel
G1 E+0.800 F3600 ; unretract
;infill
G1 X3.212 Y10.000 E-nan F3600
G0 X10.000 Y-1.314 F9000 ; travel
G1 E+0.800 F3600 ; unretract
;infill
G1 X-1.314 Y10.000 E-nan F3600
G0 X10.000 Y-5.839 F9000 ; travel
G1 E+0.800 F3600 ; unretract
;infill
G1 X-5.839 Y10.000 E-nan F3600
G0 X9.635 Y-10.000 F9000 ; travel
G1 E+0.800 F3600 ; unretract
;infill
G1 X-10.000 Y9.635 E-nan F3600
G0 X5.110 Y-10.000 F9000 ; travel
G1 E+0.800 F3600 ; unretract
;infill
G1 X-10.000 Y5.110 E-nan F3600
G0 X0.584 Y-10.000 F9000 ; travel
G1 E+0.800 F3600 ; unretract
;infill
G1 X-10.000 Y0.584 E-nan F3600
G0 X-3.941 Y-10.000 F9000 ; travel
G1 E+0.800 F3600 ; unretract
;infill
G1 X-10.000 Y-3.941 E-nan F3600
G0 X-8.467 Y-10.000 F9000 ; travel
G1 E+0.800 F3600 ; unretract
;infill
G1 X-10.000 Y-8.467 E-nan F3600
;LAYER:8 ;Z:1.60
G1 Z1.60 F9000 ; move to layer
G92 E0 ; reset extruder at layer start
G0 X-10.000 Y-10.000 F9000 ; travel
G1 E+0.800 F3600 ; unretract
;perimeter
G1 X-8.400 Y-10.000 E-nan F3600
G1 X10.000 Y-10.000 E-nan F3600
G1 X10.000 Y-8.400 E-nan F3600
G1 X10.000 Y10.000 E-nan F3600
G1 X-8.400 Y10.000 E-nan F3600
G1 X-10.000 Y10.000 E-nan F3600
G1 X-10.000 Y-8.400 E-nan F3600
G0 X-9.520 Y-9.520 F9000 ; travel
G1 E+0.800 F3600 ; unretract
;perimeter
G1 X-8.400 Y-9.520 E-nan F3600
G1 X9.520 Y-9.520 E-nan F3600
G1 X9.520 Y-8.400 E-nan F3600
G1 X9.520 Y9.520 E-nan F3600
G1 X-8.400 Y9.520 E-nan F3600
G1 X-9.520 Y9.520 E-nan F3600
G1 X-9.520 Y-8.400 E-nan F3600
G0 X7.737 Y-10.000 F9000 ; travel
G1 E+0.800 F3600 ; unretract
;infill
G1 X10.000 Y-7.737 E-nan F3600
G0 X3.212 Y-10.000 F9000 ; travel
G1 E+0.800 F3600 ; unretract
;infill
G1 X10.000 Y-3.212 E-nan F3600
G0 X-1.314 Y-10.000 F9000 ; travel
G1 E+0.800 F3600 ; unretract
;infill
G1 X10.000 Y1.314 E-nan F3600
G0 X-5.839 Y-10.000 F9000 ; travel
G1 E+0.800 F3600 ; unretract
;infill
G1 X10.000 Y5.839 E-nan F3600
G0 X-10.000 Y-9.635 F9000 ; travel
G1 E+0.800 F3600 ; unretract
;infill
G1 X9.635 Y10.000 E-nan F3600
G0 X-10.000 Y-5.110 F9000 ; travel
G1 E+0.800 F3600 ; unretract
;infill
G1 X5.110 Y10.000 E-nan F3600
G0 X-10.000 Y-0.584 F9000 ; travel
G1 E+0.800 F3600 ; unretract
;infill
G1 X0.584 Y10.000 E-nan F3600
G0 X-10.000 Y3.941 F9000 ; travel
G1 E+0.800 F3600 ; unretract
;infill
G1 X-3.941 Y10.000 E-nan F3600
G0 X-10.000 Y8.467 F9000 ; travel
G1 E+0.800 F3600 ; unretract
;infill
G1 X-8.467 Y10.000 E-nan F3600
G0 X10.000 Y7.737 F9000 ; travel
G1 E+0.800 F3600 ; unretract
;infill
G1 X7.737 Y10.000 E-nan F3600
G0 X10.000 Y3.212 F9000 ; travel
G1 E+0.800 F3600 ; unretract
;infill
G1 X3.212 Y10.000 E-nan F3600
G0 X10.000 Y-1.314 F9000 ; travel
G1 E+0.800 F3600 ; unretract
;infill
G1 X-1.314 Y10.000 E-nan F3600
G0 X10.000 Y-5.839 F9000 ; travel
G1 E+0.800 F3600 ; unretract
;infill
G1 X-5.839 Y10.000 E-nan F3600
G0 X9.635 Y-10.000 F9000 ; travel
G1 E+0.800 F3600 ; unretract
;infill
G1 X-10.000 Y9.635 E-nan F3600
G0 X5.110 Y-10.000 F9000 ; travel
G1 E+0.800 F3600 ; unretract
;infill
G1 X-10.000 Y5.110 E-nan F3600
G0 X0.584 Y-10.000 F9000 ; travel
G1 E+0.800 F3600 ; unretract
;infill
G1 X-10.000 Y0.584 E-nan F3600
G0 X-3.941 Y-10.000 F9000 ; travel
G1 E+0.800 F3600 ; unretract
;infill
G1 X-10.000 Y-3.941 E-nan F3600
G0 X-8.467 Y-10.000 F9000 ; travel
G1 E+0.800 F3600 ; unretract
;infill
G1 X-10.000 Y-8.467 E-nan F3600
;LAYER:10 ;Z:2.00
G1 Z2.00 F9000 ; move to layer
G92 E0 ; reset extruder at layer start
G0 X-10.000 Y-10.000 F9000 ; travel
G1 E+0.800 F3600 ; unretract
;perimeter
G1 X-8.000 Y-10.000 E-nan F3600
G1 X10.000 Y-10.000 E-nan F3600
G1 X10.000 Y-8.000 E-nan F3600
G1 X10.000 Y10.000 E-nan F3600
G1 X-8.000 Y10.000 E-nan F3600
G1 X-10.000 Y10.000 E-nan F3600
G1 X-10.000 Y-8.000 E-nan F3600
G0 X-9.520 Y-9.520 F9000 ; travel
G1 E+0.800 F3600 ; unretract
;perimeter
G1 X-8.000 Y-9.520 E-nan F3600
G1 X9.520 Y-9.520 E-nan F3600
G1 X9.520 Y-8.000 E-nan F3600
G1 X9.520 Y9.520 E-nan F3600
G1 X-8.000 Y9.520 E-nan F3600
G1 X-9.520 Y9.520 E-nan F3600
G1 X-9.520 Y-8.000 E-nan F3600
G0 X7.737 Y-10.000 F9000 ; travel
G1 E+0.800 F3600 ; unretract
;infill
G1 X10.000 Y-7.737 E-nan F3600
G0 X3.212 Y-10.000 F9000 ; travel
G1 E+0.800 F3600 ; unretract
;infill
G1 X10.000 Y-3.212 E-nan F3600
G0 X-1.314 Y-10.000 F9000 ; travel
G1 E+0.800 F3600 ; unretract
;infill
G1 X10.000 Y1.314 E-nan F3600
G0 X-5.839 Y-10.000 F9000 ; travel
G1 E+0.800 F3600 ; unretract
;infill
G1 X10.000 Y5.839 E-nan F3600
G0 X-10.000 Y-9.635 F9000 ; travel
G1 E+0.800 F3600 ; unretract
;infill
G1 X9.635 Y10.000 E-nan F3600
G0 X-10.000 Y-5.110 F9000 ; travel
G1 E+0.800 F3600 ; unretract
;infill
G1 X5.110 Y10.000 E-nan F3600
G0 X-10.000 Y-0.584 F9000 ; travel
G1 E+0.800 F3600 ; unretract
;infill
G1 X0.584 Y10.000 E-nan F3600
G0 X-10.000 Y3.941 F9000 ; travel
G1 E+0.800 F3600 ; unretract
;infill
G1 X-3.941 Y10.000 E-nan F3600
G0 X-10.000 Y8.467 F9000 ; travel
G1 E+0.800 F3600 ; unretract
;infill
G1 X-8.467 Y10.000 E-nan F3600
G0 X10.000 Y7.737 F9000 ; travel
G1 E+0.800 F3600 ; unretract
;infill
G1 X7.737 Y10.000 E-nan F3600
G0 X10.000 Y3.212 F9000 ; travel
G1 E+0.800 F3600 ; unretract
;infill
G1 X3.212 Y10.000 E-nan F3600
G0 X10.000 Y-1.314 F9000 ; travel
G1 E+0.800 F3600 ; unretract
;infill
G1 X-1.314 Y10.000 E-nan F3600
G0 X10.000 Y-5.839 F9000 ; travel
G1 E+0.800 F3600 ; unretract
;infill
G1 X-5.839 Y10.000 E-nan F3600
G0 X9.635 Y-10.000 F9000 ; travel
G1 E+0.800 F3600 ; unretract
;infill
G1 X-10.000 Y9.635 E-nan F3600
G0 X5.110 Y-10.000 F9000 ; travel
G1 E+0.800 F3600 ; unretract
;infill
G1 X-10.000 Y5.110 E-nan F3600
G0 X0.584 Y-10.000 F9000 ; travel
G1 E+0.800 F3600 ; unretract
;infill
G1 X-10.000 Y0.584 E-nan F3600
G0 X-3.941 Y-10.000 F9000 ; travel
G1 E+0.800 F3600 ; unretract
;infill
G1 X-10.000 Y-3.941 E-nan F3600
G0 X-8.467 Y-10.000 F9000 ; travel
G1 E+0.800 F3600 ; unretract
;infill
G1 X-10.000 Y-8.467 E-nan F3600
;LAYER:13 ;Z:2.60
G1 Z2.60 F9000 ; move to layer
G92 E0 ; reset extruder at layer start
G0 X-10.000 Y-10.000 F9000 ; travel
G1 E+0.800 F3600 ; unretract
;perimeter
G1 X-7.400 Y-10.000 E-nan F3600
G1 X10.000 Y-10.000 E-nan F3600
G1 X10.000 Y-7.400 E-nan F3600
G1 X10.000 Y10.000 E-nan F3600
G1 X-7.400 Y10.000 E-nan F3600
G1 X-10.000 Y10.000 E-nan F3600
G1 X-10.000 Y-7.400 E-nan F3600
G0 X-9.520 Y-9.520 F9000 ; travel
G1 E+0.800 F3600 ; unretract
;perimeter
G1 X-7.400 Y-9.520 E-nan F3600
G1 X9.520 Y-9.520 E-nan F3600
G1 X9.520 Y-7.400 E-nan F3600
G1 X9.520 Y9.520 E-nan F3600
G1 X-7.400 Y9.520 E-nan F3600
G1 X-9.520 Y9.520 E-nan F3600
G1 X-9.520 Y-7.400 E-nan F3600
G0 X7.737 Y-10.000 F9000 ; travel
G1 E+0.800 F3600 ; unretract
;infill
G1 X10.000 Y-7.737 E-nan F3600
G0 X3.212 Y-10.000 F9000 ; travel
G1 E+0.800 F3600 ; unretract
;infill
G1 X10.000 Y-3.212 E-nan F3600
G0 X-1.314 Y-10.000 F9000 ; travel
G1 E+0.800 F3600 ; unretract
;infill
G1 X10.000 Y1.314 E-nan F3600
G0 X-5.839 Y-10.000 F9000 ; travel
G1 E+0.800 F3600 ; unretract
;infill
G1 X10.000 Y5.839 E-nan F3600
G0 X-10.000 Y-9.635 F9000 ; travel
G1 E+0.800 F3600 ; unretract
;infill
G1 X9.635 Y10.000 E-nan F3600
G0 X-10.000 Y-5.110 F9000 ; travel
G1 E+0.800 F3600 ; unretract
;infill
G1 X5.110 Y10.000 E-nan F3600
G0 X-10.000 Y-0.584 F9000 ; travel
G1 E+0.800 F3600 ; unretract
;infill
G1 X0.584 Y10.000 E-nan F3600
G0 X-10.000 Y3.941 F9000 ; travel
G1 E+0.800 F3600 ; unretract
;infill
G1 X-3.941 Y10.000 E-nan F3600
G0 X-10.000 Y8.467 F9000 ; travel
G1 E+0.800 F3600 ; unretract
;infill
G1 X-8.467 Y10.000 E-nan F3600
G0 X10.000 Y7.737 F9000 ; travel
G1 E+0.800 F3600 ; unretract
;infill
G1 X7.737 Y10.000 E-nan F3600
G0 X10.000 Y3.212 F9000 ; travel
G1 E+0.800 F3600 ; unretract
;infill
G1 X3.212 Y10.000 E-nan F3600
G0 X10.000 Y-1.314 F9000 ; travel
G1 E+0.800 F3600 ; unretract
;infill
G1 X-1.314 Y10.000 E-nan F3600
G0 X10.000 Y-5.839 F9000 ; travel
G1 E+0.800 F3600 ; unretract
;infill
G1 X-5.839 Y10.000 E-nan F3600
G0 X9.635 Y-10.000 F9000 ; travel
G1 E+0.800 F3600 ; unretract
;infill
G1 X-10.000 Y9.635 E-nan F3600
G0 X5.110 Y-10.000 F9000 ; travel
G1 E+0.800 F3600 ; unretract
;infill
G1 X-10.000 Y5.110 E-nan F3600
G0 X0.584 Y-10.000 F9000 ; travel
G1 E+0.800 F3600 ; unretract
;infill
G1 X-10.000 Y0.584 E-nan F3600
G0 X-3.941 Y-10.000 F9000 ; travel
G1 E+0.800 F3600 ; unretract
;infill
G1 X-10.000 Y-3.941 E-nan F3600
G0 X-8.467 Y-10.000 F9000 ; travel
G1 E+0.800 F3600 ; unretract
;infill
G1 X-10.000 Y-8.467 E-nan F3600
;LAYER:15 ;Z:3.00
G1 Z3.00 F9000 ; move to layer
G92 E0 ; reset extruder at layer start
G0 X-10.000 Y-10.000 F9000 ; travel
G1 E+0.800 F3600 ; unretract
;perimeter
G1 X-7.000 Y-10.000 E-nan F3600
G1 X10.000 Y-10.000 E-nan F3600
G1 X10.000 Y-7.000 E-nan F3600
G1 X10.000 Y10.000 E-nan F3600
G1 X-7.000 Y10.000 E-nan F3600
G1 X-10.000 Y10.000 E-nan F3600
G1 X-10.000 Y-7.000 E-nan F3600
G0 X-9.520 Y-9.520 F9000 ; travel
G1 E+0.800 F3600 ; unretract
;perimeter
G1 X-7.000 Y-9.520 E-nan F3600
G1 X9.520 Y-9.520 E-nan F3600
G1 X9.520 Y-7.000 E-nan F3600
G1 X9.520 Y9.520 E-nan F3600
G1 X-7.000 Y9.520 E-nan F3600
G1 X-9.520 Y9.520 E-nan F3600
G1 X-9.520 Y-7.000 E-nan F3600
G0 X7.737 Y-10.000 F9000 ; travel
G1 E+0.800 F3600 ; unretract
;infill
G1 X10.000 Y-7.737 E-nan F3600
G0 X3.212 Y-10.000 F9000 ; travel
G1 E+0.800 F3600 ; unretract
;infill
G1 X10.000 Y-3.212 E-nan F3600
G0 X-1.314 Y-10.000 F9000 ; travel
G1 E+0.800 F3600 ; unretract
;infill
G1 X10.000 Y1.314 E-nan F3600
G0 X-5.839 Y-10.000 F9000 ; travel
G1 E+0.800 F3600 ; unretract
;infill
G1 X10.000 Y5.839 E-nan F3600
G0 X-10.000 Y-9.635 F9000 ; travel
G1 E+0.800 F3600 ; unretract
;infill
G1 X9.635 Y10.000 E-nan F3600
G0 X-10.000 Y-5.110 F9000 ; travel
G1 E+0.800 F3600 ; unretract
;infill
G1 X5.110 Y10.000 E-nan F3600
G0 X-10.000 Y-0.584 F9000 ; travel
G1 E+0.800 F3600 ; unretract
;infill
G1 X0.584 Y10.000 E-nan F3600
G0 X-10.000 Y3.941 F9000 ; travel
G1 E+0.800 F3600 ; unretract
;infill
G1 X-3.941 Y10.000 E-nan F3600
G0 X-10.000 Y8.467 F9000 ; travel
G1 E+0.800 F3600 ; unretract
;infill
G1 X-8.467 Y10.000 E-nan F3600
G0 X10.000 Y7.737 F9000 ; travel
G1 E+0.800 F3600 ; unretract
;infill
G1 X7.737 Y10.000 E-nan F3600
G0 X10.000 Y3.212 F9000 ; travel
G1 E+0.800 F3600 ; unretract
;infill
G1 X3.212 Y10.000 E-nan F3600
G0 X10.000 Y-1.314 F9000 ; travel
G1 E+0.800 F3600 ; unretract
;infill
G1 X-1.314 Y10.000 E-nan F3600
G0 X10.000 Y-5.839 F9000 ; travel
G1 E+0.800 F3600 ; unretract
;infill
G1 X-5.839 Y10.000 E-nan F3600
G0 X9.635 Y-10.000 F9000 ; travel
G1 E+0.800 F3600 ; unretract
;infill
G1 X-10.000 Y9.635 E-nan F3600
G0 X5.110 Y-10.000 F9000 ; travel
G1 E+0.800 F3600 ; unretract
;infill
G1 X-10.000 Y5.110 E-nan F3600
G0 X0.584 Y-10.000 F9000 ; travel
G1 E+0.800 F3600 ; unretract
;infill
G1 X-10.000 Y0.584 E-nan F3600
G0 X-3.941 Y-10.000 F9000 ; travel
G1 E+0.800 F3600 ; unretract
;infill
G1 X-10.000 Y-3.941 E-nan F3600
G0 X-8.467 Y-10.000 F9000 ; travel
G1 E+0.800 F3600 ; unretract
;infill
G1 X-10.000 Y-8.467 E-nan F3600
;LAYER:18 ;Z:3.60
G1 Z3.60 F9000 ; move to layer
G92 E0 ; reset extruder at layer start
G0 X-10.000 Y-10.000 F9000 ; travel
G1 E+0.800 F3600 ; unretract
;perimeter
G1 X-6.400 Y-10.000 E-nan F3600
G1 X10.000 Y-10.000 E-nan F3600
G1 X10.000 Y-6.400 E-nan F3600
G1 X10.000 Y10.000 E-nan F3600
G1 X-6.400 Y10.000 E-nan F3600
G1 X-10.000 Y10.000 E-nan F3600
G1 X-10.000 Y-6.400 E-nan F3600
G0 X-9.520 Y-9.520 F9000 ; travel
G1 E+0.800 F3600 ; unretract
;perimeter
G1 X-6.400 Y-9.520 E-nan F3600
G1 X9.520 Y-9.520 E-nan F3600
G1 X9.520 Y-6.400 E-nan F3600
G1 X9.520 Y9.520 E-nan F3600
G1 X-6.400 Y9.520 E-nan F3600
G1 X-9.520 Y9.520 E-nan F3600
G1 X-9.520 Y-6.400 E-nan F3600
G0 X7.737 Y-10.000 F9000 ; travel
G1 E+0.800 F3600 ; unretract
;infill
G1 X10.000 Y-7.737 E-nan F3600
G0 X3.212 Y-10.000 F9000 ; travel
G1 E+0.800 F3600 ; unretract
;infill
G1 X10.000 Y-3.212 E-nan F3600
G0 X-1.314 Y-10.000 F9000 ; travel
G1 E+0.800 F3600 ; unretract
;infill
G1 X10.000 Y1.314 E-nan F3600
G0 X-5.839 Y-10.000 F9000 ; travel
G1 E+0.800 F3600 ; unretract
;infill
G1 X10.000 Y5.839 E-nan F3600
G0 X-10.000 Y-9.635 F9000 ; travel
G1 E+0.800 F3600 ; unretract
;infill
G1 X9.635 Y10.000 E-nan F3600
G0 X-10.000 Y-5.110 F9000 ; travel
G1 E+0.800 F3600 ; unretract
;infill
G1 X5.110 Y10.000 E-nan F3600
G0 X-10.000 Y-0.584 F9000 ; travel
G1 E+0.800 F3600 ; unretract
;infill
G1 X0.584 Y10.000 E-nan F3600
G0 X-10.000 Y3.941 F9000 ; travel
G1 E+0.800 F3600 ; unretract
;infill
G1 X-3.941 Y10.000 E-nan F3600
G0 X-10.000 Y8.467 F9000 ; travel
G1 E+0.800 F3600 ; unretract
;infill
G1 X-8.467 Y10.000 E-nan F3600
G0 X10.000 Y7.737 F9000 ; travel
G1 E+0.800 F3600 ; unretract
;infill
G1 X7.737 Y10.000 E-nan F3600
G0 X10.000 Y3.212 F9000 ; travel
G1 E+0.800 F3600 ; unretract
;infill
G1 X3.212 Y10.000 E-nan F3600
G0 X10.000 Y-1.314 F9000 ; travel
G1 E+0.800 F3600 ; unretract
;infill
G1 X-1.314 Y10.000 E-nan F3600
G0 X10.000 Y-5.839 F9000 ; travel
G1 E+0.800 F3600 ; unretract
;infill
G1 X-5.839 Y10.000 E-nan F3600
G0 X9.635 Y-10.000 F9000 ; travel
G1 E+0.800 F3600 ; unretract
;infill
G1 X-10.000 Y9.635 E-nan F3600
G0 X5.110 Y-10.000 F9000 ; travel
G1 E+0.800 F3600 ; unretract
;infill
G1 X-10.000 Y5.110 E-nan F3600
G0 X0.584 Y-10.000 F9000 ; travel
G1 E+0.800 F3600 ; unretract
;infill
G1 X-10.000 Y0.584 E-nan F3600
G0 X-3.941 Y-10.000 F9000 ; travel
G1 E+0.800 F3600 ; unretract
;infill
G1 X-10.000 Y-3.941 E-nan F3600
G0 X-8.467 Y-10.000 F9000 ; travel
G1 E+0.800 F3600 ; unretract
;infill
G1 X-10.000 Y-8.467 E-nan F3600
;LAYER:20 ;Z:4.00
G1 Z4.00 F9000 ; move to layer
G92 E0 ; reset extruder at layer start
G0 X-10.000 Y-10.000 F9000 ; travel
G1 E+0.800 F3600 ; unretract
;perimeter
G1 X-6.000 Y-10.000 E-nan F3600
G1 X10.000 Y-10.000 E-nan F3600
G1 X10.000 Y-6.000 E-nan F3600
G1 X10.000 Y10.000 E-nan F3600
G1 X-6.000 Y10.000 E-nan F3600
G1 X-10.000 Y10.000 E-nan F3600
G1 X-10.000 Y-6.000 E-nan F3600
G0 X-9.520 Y-9.520 F9000 ; travel
G1 E+0.800 F3600 ; unretract
;perimeter
G1 X-6.000 Y-9.520 E-nan F3600
G1 X9.520 Y-9.520 E-nan F3600
G1 X9.520 Y-6.000 E-nan F3600
G1 X9.520 Y9.520 E-nan F3600
G1 X-6.000 Y9.520 E-nan F3600
G1 X-9.520 Y9.520 E-nan F3600
G1 X-9.520 Y-6.000 E-nan F3600
G0 X7.737 Y-10.000 F9000 ; travel
G1 E+0.800 F3600 ; unretract
;infill
G1 X10.000 Y-7.737 E-nan F3600
G0 X3.212 Y-10.000 F9000 ; travel
G1 E+0.800 F3600 ; unretract
;infill
G1 X10.000 Y-3.212 E-nan F3600
G0 X-1.314 Y-10.000 F9000 ; travel
G1 E+0.800 F3600 ; unretract
;infill
G1 X10.000 Y1.314 E-nan F3600
G0 X-5.839 Y-10.000 F9000 ; travel
G1 E+0.800 F3600 ; unretract
;infill
G1 X10.000 Y5.839 E-nan F3600
G0 X-10.000 Y-9.635 F9000 ; travel
G1 E+0.800 F3600 ; unretract
;infill
G1 X9.635 Y10.000 E-nan F3600
G0 X-10.000 Y-5.110 F9000 ; travel
G1 E+0.800 F3600 ; unretract
;infill
G1 X5.110 Y10.000 E-nan F3600
G0 X-10.000 Y-0.584 F9000 ; travel
G1 E+0.800 F3600 ; unretract
;infill
G1 X0.584 Y10.000 E-nan F3600
G0 X-10.000 Y3.941 F9000 ; travel
G1 E+0.800 F3600 ; unretract
;infill
G1 X-3.941 Y10.000 E-nan F3600
G0 X-10.000 Y8.467 F9000 ; travel
G1 E+0.800 F3600 ; unretract
;infill
G1 X-8.467 Y10.000 E-nan F3600
G0 X10.000 Y7.737 F9000 ; travel
G1 E+0.800 F3600 ; unretract
;infill
G1 X7.737 Y10.000 E-nan F3600
G0 X10.000 Y3.212 F9000 ; travel
G1 E+0.800 F3600 ; unretract
;infill
G1 X3.212 Y10.000 E-nan F3600
G0 X10.000 Y-1.314 F9000 ; travel
G1 E+0.800 F3600 ; unretract
;infill
G1 X-1.314 Y10.000 E-nan F3600
G0 X10.000 Y-5.839 F9000 ; travel
G1 E+0.800 F3600 ; unretract
;infill
G1 X-5.839 Y10.000 E-nan F3600
G0 X9.635 Y-10.000 F9000 ; travel
G1 E+0.800 F3600 ; unretract
;infill
G1 X-10.000 Y9.635 E-nan F3600
G0 X5.110 Y-10.000 F9000 ; travel
G1 E+0.800 F3600 ; unretract
;infill
G1 X-10.000 Y5.110 E-nan F3600
G0 X0.584 Y-10.000 F9000 ; travel
G1 E+0.800 F3600 ; unretract
;infill
G1 X-10.000 Y0.584 E-nan F3600
G0 X-3.941 Y-10.000 F9000 ; travel
G1 E+0.800 F3600 ; unretract
;infill
G1 X-10.000 Y-3.941 E-nan F3600
G0 X-8.467 Y-10.000 F9000 ; travel
G1 E+0.800 F3600 ; unretract
;infill
G1 X-10.000 Y-8.467 E-nan F3600
;LAYER:24 ;Z:4.80
G1 Z4.80 F9000 ; move to layer
G92 E0 ; reset extruder at layer start
G0 X-10.000 Y-10.000 F9000 ; travel
G1 E+0.800 F3600 ; unretract
;perimeter
G1 X-5.200 Y-10.000 E-nan F3600
G1 X10.000 Y-10.000 E-nan F3600
G1 X10.000 Y-5.200 E-nan F3600
G1 X10.000 Y10.000 E-nan F3600
G1 X-5.200 Y10.000 E-nan F3600
G1 X-10.000 Y10.000 E-nan F3600
G1 X-10.000 Y-5.200 E-nan F3600
G0 X-9.520 Y-9.520 F9000 ; travel
G1 E+0.800 F3600 ; unretract
;perimeter
G1 X-5.200 Y-9.520 E-nan F3600
G1 X9.520 Y-9.520 E-nan F3600
G1 X9.520 Y-5.200 E-nan F3600
G1 X9.520 Y9.520 E-nan F3600
G1 X-5.200 Y9.520 E-nan F3600
G1 X-9.520 Y9.520 E-nan F3600
G1 X-9.520 Y-5.200 E-nan F3600
G0 X7.737 Y-10.000 F9000 ; travel
G1 E+0.800 F3600 ; unretract
;infill
G1 X10.000 Y-7.737 E-nan F3600
G0 X3.212 Y-10.000 F9000 ; travel
G1 E+0.800 F3600 ; unretract
;infill
G1 X10.000 Y-3.212 E-nan F3600
G0 X-1.314 Y-10.000 F9000 ; travel
G1 E+0.800 F3600 ; unretract
;infill
G1 X10.000 Y1.314 E-nan F3600
G0 X-5.839 Y-10.000 F9000 ; travel
G1 E+0.800 F3600 ; unretract
;infill
G1 X10.000 Y5.839 E-nan F3600
G0 X-10.000 Y-9.635 F9000 ; travel
G1 E+0.800 F3600 ; unretract
;infill
G1 X9.635 Y10.000 E-nan F3600
G0 X-10.000 Y-5.110 F9000 ; travel
G1 E+0.800 F3600 ; unretract
;infill
G1 X5.110 Y10.000 E-nan F3600
G0 X-10.000 Y-0.584 F9000 ; travel
G1 E+0.800 F3600 ; unretract
;infill
G1 X0.584 Y10.000 E-nan F3600
G0 X-10.000 Y3.941 F9000 ; travel
G1 E+0.800 F3600 ; unretract
;infill
G1 X-3.941 Y10.000 E-nan F3600
G0 X-10.000 Y8.467 F9000 ; travel
G1 E+0.800 F3600 ; unretract
;infill
G1 X-8.467 Y10.000 E-nan F3600
G0 X10.000 Y7.737 F9000 ; travel
G1 E+0.800 F3600 ; unretract
;infill
G1 X7.737 Y10.000 E-nan F3600
G0 X10.000 Y3.212 F9000 ; travel
G1 E+0.800 F3600 ; unretract
;infill
G1 X3.212 Y10.000 E-nan F3600
G0 X10.000 Y-1.314 F9000 ; travel
G1 E+0.800 F3600 ; unretract
;infill
G1 X-1.314 Y10.000 E-nan F3600
G0 X10.000 Y-5.839 F9000 ; travel
G1 E+0.800 F3600 ; unretract
;infill
G1 X-5.839 Y10.000 E-nan F3600
G0 X9.635 Y-10.000 F9000 ; travel
G1 E+0.800 F3600 ; unretract
;infill
G1 X-10.000 Y9.635 E-nan F3600
G0 X5.110 Y-10.000 F9000 ; travel
G1 E+0.800 F3600 ; unretract
;infill
G1 X-10.000 Y5.110 E-nan F3600
G0 X0.584 Y-10.000 F9000 ; travel
G1 E+0.800 F3600 ; unretract
;infill
G1 X-10.000 Y0.584 E-nan F3600
G0 X-3.941 Y-10.000 F9000 ; travel
G1 E+0.800 F3600 ; unretract
;infill
G1 X-10.000 Y-3.941 E-nan F3600
G0 X-8.467 Y-10.000 F9000 ; travel
G1 E+0.800 F3600 ; unretract
;infill
G1 X-10.000 Y-8.467 E-nan F3600
;LAYER:25 ;Z:5.00
G1 Z5.00 F9000 ; move to layer
G92 E0 ; reset extruder at layer start
G0 X-10.000 Y-10.000 F9000 ; travel
G1 E+0.800 F3600 ; unretract
;perimeter
G1 X-5.000 Y-10.000 E-nan F3600
G1 X10.000 Y-10.000 E-nan F3600
G1 X10.000 Y-5.000 E-nan F3600
G1 X10.000 Y10.000 E-nan F3600
G1 X-5.000 Y10.000 E-nan F3600
G1 X-10.000 Y10.000 E-nan F3600
G1 X-10.000 Y-5.000 E-nan F3600
G0 X-9.520 Y-9.520 F9000 ; travel
G1 E+0.800 F3600 ; unretract
;perimeter
G1 X-5.000 Y-9.520 E-nan F3600
G1 X9.520 Y-9.520 E-nan F3600
G1 X9.520 Y-5.000 E-nan F3600
G1 X9.520 Y9.520 E-nan F3600
G1 X-5.000 Y9.520 E-nan F3600
G1 X-9.520 Y9.520 E-nan F3600
G1 X-9.520 Y-5.000 E-nan F3600
G0 X7.737 Y-10.000 F9000 ; travel
G1 E+0.800 F3600 ; unretract
;infill
G1 X10.000 Y-7.737 E-nan F3600
G0 X3.212 Y-10.000 F9000 ; travel
G1 E+0.800 F3600 ; unretract
;infill
G1 X10.000 Y-3.212 E-nan F3600
G0 X-1.314 Y-10.000 F9000 ; travel
G1 E+0.800 F3600 ; unretract
;infill
G1 X10.000 Y1.314 E-nan F3600
G0 X-5.839 Y-10.000 F9000 ; travel
G1 E+0.800 F3600 ; unretract
;infill
G1 X10.000 Y5.839 E-nan F3600
G0 X-10.000 Y-9.635 F9000 ; travel
G1 E+0.800 F3600 ; unretract
;infill
G1 X9.635 Y10.000 E-nan F3600
G0 X-10.000 Y-5.110 F9000 ; travel
G1 E+0.800 F3600 ; unretract
;infill
G1 X5.110 Y10.000 E-nan F3600
G0 X-10.000 Y-0.584 F9000 ; travel
G1 E+0.800 F3600 ; unretract
;infill
G1 X0.584 Y10.000 E-nan F3600
G0 X-10.000 Y3.941 F9000 ; travel
G1 E+0.800 F3600 ; unretract
;infill
G1 X-3.941 Y10.000 E-nan F3600
G0 X-10.000 Y8.467 F9000 ; travel
G1 E+0.800 F3600 ; unretract
;infill
G1 X-8.467 Y10.000 E-nan F3600
G0 X10.000 Y7.737 F9000 ; travel
G1 E+0.800 F3600 ; unretract
;infill
G1 X7.737 Y10.000 E-nan F3600
G0 X10.000 Y3.212 F9000 ; travel
G1 E+0.800 F3600 ; unretract
;infill
G1 X3.212 Y10.000 E-nan F3600
G0 X10.000 Y-1.314 F9000 ; travel
G1 E+0.800 F3600 ; unretract
;infill
G1 X-1.314 Y10.000 E-nan F3600
G0 X10.000 Y-5.839 F9000 ; travel
G1 E+0.800 F3600 ; unretract
;infill
G1 X-5.839 Y10.000 E-nan F3600
G0 X9.635 Y-10.000 F9000 ; travel
G1 E+0.800 F3600 ; unretract
;infill
G1 X-10.000 Y9.635 E-nan F3600
G0 X5.110 Y-10.000 F9000 ; travel
G1 E+0.800 F3600 ; unretract
;infill
G1 X-10.000 Y5.110 E-nan F3600
G0 X0.584 Y-10.000 F9000 ; travel
G1 E+0.800 F3600 ; unretract
;infill
G1 X-10.000 Y0.584 E-nan F3600
G0 X-3.941 Y-10.000 F9000 ; travel
G1 E+0.800 F3600 ; unretract
;infill
G1 X-10.000 Y-3.941 E-nan F3600
G0 X-8.467 Y-10.000 F9000 ; travel
G1 E+0.800 F3600 ; unretract
;infill
G1 X-10.000 Y-8.467 E-nan F3600
;LAYER:29 ;Z:5.80
G1 Z5.80 F9000 ; move to layer
G92 E0 ; reset extruder at layer start
G0 X-10.000 Y-10.000 F9000 ; travel
G1 E+0.800 F3600 ; unretract
;perimeter
G1 X-4.200 Y-10.000 E-nan F3600
G1 X10.000 Y-10.000 E-nan F3600
G1 X10.000 Y-4.200 E-nan F3600
G1 X10.000 Y10.000 E-nan F3600
G1 X-4.200 Y10.000 E-nan F3600
G1 X-10.000 Y10.000 E-nan F3600
G1 X-10.000 Y-4.200 E-nan F3600
G0 X-9.520 Y-9.520 F9000 ; travel
G1 E+0.800 F3600 ; unretract
;perimeter
G1 X-4.200 Y-9.520 E-nan F3600
G1 X9.520 Y-9.520 E-nan F3600
G1 X9.520 Y-4.200 E-nan F3600
G1 X9.520 Y9.520 E-nan F3600
G1 X-4.200 Y9.520 E-nan F3600
G1 X-9.520 Y9.520 E-nan F3600
G1 X-9.520 Y-4.200 E-nan F3600
G0 X7.737 Y-10.000 F9000 ; travel
G1 E+0.800 F3600 ; unretract
;infill
G1 X10.000 Y-7.737 E-nan F3600
G0 X3.212 Y-10.000 F9000 ; travel
G1 E+0.800 F3600 ; unretract
;infill
G1 X10.000 Y-3.212 E-nan F3600
G0 X-1.314 Y-10.000 F9000 ; travel
G1 E+0.800 F3600 ; unretract
;infill
G1 X10.000 Y1.314 E-nan F3600
G0 X-5.839 Y-10.000 F9000 ; travel
G1 E+0.800 F3600 ; unretract
;infill
G1 X10.000 Y5.839 E-nan F3600
G0 X-10.000 Y-9.635 F9000 ; travel
G1 E+0.800 F3600 ; unretract
;infill
G1 X9.635 Y10.000 E-nan F3600
G0 X-10.000 Y-5.110 F9000 ; travel
G1 E+0.800 F3600 ; unretract
;infill
G1 X5.110 Y10.000 E-nan F3600
G0 X-10.000 Y-0.584 F9000 ; travel
G1 E+0.800 F3600 ; unretract
;infill
G1 X0.584 Y10.000 E-nan F3600
G0 X-10.000 Y3.941 F9000 ; travel
G1 E+0.800 F3600 ; unretract
;infill
G1 X-3.941 Y10.000 E-nan F3600
G0 X-10.000 Y8.467 F9000 ; travel
G1 E+0.800 F3600 ; unretract
;infill
G1 X-8.467 Y10.000 E-nan F3600
G0 X10.000 Y7.737 F9000 ; travel
G1 E+0.800 F3600 ; unretract
;infill
G1 X7.737 Y10.000 E-nan F3600
G0 X10.000 Y3.212 F9000 ; travel
G1 E+0.800 F3600 ; unretract
;infill
G1 X3.212 Y10.000 E-nan F3600
G0 X10.000 Y-1.314 F9000 ; travel
G1 E+0.800 F3600 ; unretract
;infill
G1 X-1.314 Y10.000 E-nan F3600
G0 X10.000 Y-5.839 F9000 ; travel
G1 E+0.800 F3600 ; unretract
;infill
G1 X-5.839 Y10.000 E-nan F3600
G0 X9.635 Y-10.000 F9000 ; travel
G1 E+0.800 F3600 ; unretract
;infill
G1 X-10.000 Y9.635 E-nan F3600
G0 X5.110 Y-10.000 F9000 ; travel
G1 E+0.800 F3600 ; unretract
;infill
G1 X-10.000 Y5.110 E-nan F3600
G0 X0.584 Y-10.000 F9000 ; travel
G1 E+0.800 F3600 ; unretract
;infill
G1 X-10.000 Y0.584 E-nan F3600
G0 X-3.941 Y-10.000 F9000 ; travel
G1 E+0.800 F3600 ; unretract
;infill
G1 X-10.000 Y-3.941 E-nan F3600
G0 X-8.467 Y-10.000 F9000 ; travel
G1 E+0.800 F3600 ; unretract
;infill
G1 X-10.000 Y-8.467 E-nan F3600
;LAYER:30 ;Z:6.00
G1 Z6.00 F9000 ; move to layer
G92 E0 ; reset extruder at layer start
G0 X-10.000 Y-10.000 F9000 ; travel
G1 E+0.800 F3600 ; unretract
;perimeter
G1 X-4.000 Y-10.000 E-nan F3600
G1 X10.000 Y-10.000 E-nan F3600
G1 X10.000 Y-4.000 E-nan F3600
G1 X10.000 Y10.000 E-nan F3600
G1 X-4.000 Y10.000 E-nan F3600
G1 X-10.000 Y10.000 E-nan F3600
G1 X-10.000 Y-4.000 E-nan F3600
G0 X-9.520 Y-9.520 F9000 ; travel
G1 E+0.800 F3600 ; unretract
;perimeter
G1 X-4.000 Y-9.520 E-nan F3600
G1 X9.520 Y-9.520 E-nan F3600
G1 X9.520 Y-4.000 E-nan F3600
G1 X9.520 Y9.520 E-nan F3600
G1 X-4.000 Y9.520 E-nan F3600
G1 X-9.520 Y9.520 E-nan F3600
G1 X-9.520 Y-4.000 E-nan F3600
G0 X7.737 Y-10.000 F9000 ; travel
G1 E+0.800 F3600 ; unretract
;infill
G1 X10.000 Y-7.737 E-nan F3600
G0 X3.212 Y-10.000 F9000 ; travel
G1 E+0.800 F3600 ; unretract
;infill
G1 X10.000 Y-3.212 E-nan F3600
G0 X-1.314 Y-10.000 F9000 ; travel
G1 E+0.800 F3600 ; unretract
;infill
G1 X10.000 Y1.314 E-nan F3600
G0 X-5.839 Y-10.000 F9000 ; travel
G1 E+0.800 F3600 ; unretract
;infill
G1 X10.000 Y5.839 E-nan F3600
G0 X-10.000 Y-9.635 F9000 ; travel
G1 E+0.800 F3600 ; unretract
;infill
G1 X9.635 Y10.000 E-nan F3600
G0 X-10.000 Y-5.110 F9000 ; travel
G1 E+0.800 F3600 ; unretract
;infill
G1 X5.110 Y10.000 E-nan F3600
G0 X-10.000 Y-0.584 F9000 ; travel
G1 E+0.800 F3600 ; unretract
;infill
G1 X0.584 Y10.000 E-nan F3600
G0 X-10.000 Y3.941 F9000 ; travel
G1 E+0.800 F3600 ; unretract
;infill
G1 X-3.941 Y10.000 E-nan F3600
G0 X-10.000 Y8.467 F9000 ; travel
G1 E+0.800 F3600 ; unretract
;infill
G1 X-8.467 Y10.000 E-nan F3600
G0 X10.000 Y7.737 F9000 ; travel
G1 E+0.800 F3600 ; unretract
;infill
G1 X7.737 Y10.000 E-nan F3600
G0 X10.000 Y3.212 F9000 ; travel
G1 E+0.800 F3600 ; unretract
;infill
G1 X3.212 Y10.000 E-nan F3600
G0 X10.000 Y-1.314 F9000 ; travel
G1 E+0.800 F3600 ; unretract
;infill
G1 X-1.314 Y10.000 E-nan F3600
G0 X10.000 Y-5.839 F9000 ; travel
G1 E+0.800 F3600 ; unretract
;infill
G1 X-5.839 Y10.000 E-nan F3600
G0 X9.635 Y-10.000 F9000 ; travel
G1 E+0.800 F3600 ; unretract
;infill
G1 X-10.000 Y9.635 E-nan F3600
G0 X5.110 Y-10.000 F9000 ; travel
G1 E+0.800 F3600 ; unretract
;infill
G1 X-10.000 Y5.110 E-nan F3600
G0 X0.584 Y-10.000 F9000 ; travel
G1 E+0.800 F3600 ; unretract
;infill
G1 X-10.000 Y0.584 E-nan F3600
G0 X-3.941 Y-10.000 F9000 ; travel
G1 E+0.800 F3600 ; unretract
;infill
G1 X-10.000 Y-3.941 E-nan F3600
G0 X-8.467 Y-10.000 F9000 ; travel
G1 E+0.800 F3600 ; unretract
;infill
G1 X-10.000 Y-8.467 E-nan F3600
;LAYER:32 ;Z:6.40
G1 Z6.40 F9000 ; move to layer
G92 E0 ; reset extruder at layer start
G0 X-10.000 Y-10.000 F9000 ; travel
G1 E+0.800 F3600 ; unretract
;perimeter
G1 X-3.600 Y-10.000 E-nan F3600
G1 X10.000 Y-10.000 E-nan F3600
G1 X10.000 Y-3.600 E-nan F3600
G1 X10.000 Y10.000 E-nan F3600
G1 X-3.600 Y10.000 E-nan F3600
G1 X-10.000 Y10.000 E-nan F3600
G1 X-10.000 Y-3.600 E-nan F3600
G0 X-9.520 Y-9.520 F9000 ; travel
G1 E+0.800 F3600 ; unretract
;perimeter
G1 X-3.600 Y-9.520 E-nan F3600
G1 X9.520 Y-9.520 E-nan F3600
G1 X9.520 Y-3.600 E-nan F3600
G1 X9.520 Y9.520 E-nan F3600
G1 X-3.600 Y9.520 E-nan F3600
G1 X-9.520 Y9.520 E-nan F3600
G1 X-9.520 Y-3.600 E-nan F3600
G0 X7.737 Y-10.000 F9000 ; travel
G1 E+0.800 F3600 ; unretract
;infill
G1 X10.000 Y-7.737 E-nan F3600
G0 X3.212 Y-10.000 F9000 ; travel
G1 E+0.800 F3600 ; unretract
;infill
G1 X10.000 Y-3.212 E-nan F3600
G0 X-1.314 Y-10.000 F9000 ; travel
G1 E+0.800 F3600 ; unretract
;infill
G1 X10.000 Y1.314 E-nan F3600
G0 X-5.839 Y-10.000 F9000 ; travel
G1 E+0.800 F3600 ; unretract
;infill
G1 X10.000 Y5.839 E-nan F3600
G0 X-10.000 Y-9.635 F9000 ; travel
G1 E+0.800 F3600 ; unretract
;infill
G1 X9.635 Y10.000 E-nan F3600
G0 X-10.000 Y-5.110 F9000 ; travel
G1 E+0.800 F3600 ; unretract
;infill
G1 X5.110 Y10.000 E-nan F3600
G0 X-10.000 Y-0.584 F9000 ; travel
G1 E+0.800 F3600 ; unretract
;infill
G1 X0.584 Y10.000 E-nan F3600
G0 X-10.000 Y3.941 F9000 ; travel
G1 E+0.800 F3600 ; unretract
;infill
G1 X-3.941 Y10.000 E-nan F3600
G0 X-10.000 Y8.467 F9000 ; travel
G1 E+0.800 F3600 ; unretract
;infill
G1 X-8.467 Y10.000 E-nan F3600
G0 X10.000 Y7.737 F9000 ; travel
G1 E+0.800 F3600 ; unretract
;infill
G1 X7.737 Y10.000 E-nan F3600
G0 X10.000 Y3.212 F9000 ; travel
G1 E+0.800 F3600 ; unretract
;infill
G1 X3.212 Y10.000 E-nan F3600
G0 X10.000 Y-1.314 F9000 ; travel
G1 E+0.800 F3600 ; unretract
;infill
G1 X-1.314 Y10.000 E-nan F3600
G0 X10.000 Y-5.839 F9000 ; travel
G1 E+0.800 F3600 ; unretract
;infill
G1 X-5.839 Y10.000 E-nan F3600
G0 X9.635 Y-10.000 F9000 ; travel
G1 E+0.800 F3600 ; unretract
;infill
G1 X-10.000 Y9.635 E-nan F3600
G0 X5.110 Y-10.000 F9000 ; travel
G1 E+0.800 F3600 ; unretract
;infill
G1 X-10.000 Y5.110 E-nan F3600
G0 X0.584 Y-10.000 F9000 ; travel
G1 E+0.800 F3600 ; unretract
;infill
G1 X-10.000 Y0.584 E-nan F3600
G0 X-3.941 Y-10.000 F9000 ; travel
G1 E+0.800 F3600 ; unretract
;infill
G1 X-10.000 Y-3.941 E-nan F3600
G0 X-8.467 Y-10.000 F9000 ; travel
G1 E+0.800 F3600 ; unretract
;infill
G1 X-10.000 Y-8.467 E-nan F3600
;LAYER:35 ;Z:7.00
G1 Z7.00 F9000 ; move to layer
G92 E0 ; reset extruder at layer start
G0 X-10.000 Y-10.000 F9000 ; travel
G1 E+0.800 F3600 ; unretract
;perimeter
G1 X-3.000 Y-10.000 E-nan F3600
G1 X10.000 Y-10.000 E-nan F3600
G1 X10.000 Y-3.000 E-nan F3600
G1 X10.000 Y10.000 E-nan F3600
G1 X-3.000 Y10.000 E-nan F3600
G1 X-10.000 Y10.000 E-nan F3600
G1 X-10.000 Y-3.000 E-nan F3600
G0 X-9.520 Y-9.520 F9000 ; travel
G1 E+0.800 F3600 ; unretract
;perimeter
G1 X-3.000 Y-9.520 E-nan F3600
G1 X9.520 Y-9.520 E-nan F3600
G1 X9.520 Y-3.000 E-nan F3600
G1 X9.520 Y9.520 E-nan F3600
G1 X-3.000 Y9.520 E-nan F3600
G1 X-9.520 Y9.520 E-nan F3600
G1 X-9.520 Y-3.000 E-nan F3600
G0 X7.737 Y-10.000 F9000 ; travel
G1 E+0.800 F3600 ; unretract
;infill
G1 X10.000 Y-7.737 E-nan F3600
G0 X3.212 Y-10.000 F9000 ; travel
G1 E+0.800 F3600 ; unretract
;infill
G1 X10.000 Y-3.212 E-nan F3600
G0 X-1.314 Y-10.000 F9000 ; travel
G1 E+0.800 F3600 ; unretract
;infill
G1 X10.000 Y1.314 E-nan F3600
G0 X-5.839 Y-10.000 F9000 ; travel
G1 E+0.800 F3600 ; unretract
;infill
G1 X10.000 Y5.839 E-nan F3600
G0 X-10.000 Y-9.635 F9000 ; travel
G1 E+0.800 F3600 ; unretract
;infill
G1 X9.635 Y10.000 E-nan F3600
G0 X-10.000 Y-5.110 F9000 ; travel
G1 E+0.800 F3600 ; unretract
;infill
G1 X5.110 Y10.000 E-nan F3600
G0 X-10.000 Y-0.584 F9000 ; travel
G1 E+0.800 F3600 ; unretract
;infill
G1 X0.584 Y10.000 E-nan F3600
G0 X-10.000 Y3.941 F9000 ; travel
G1 E+0.800 F3600 ; unretract
;infill
G1 X-3.941 Y10.000 E-nan F3600
G0 X-10.000 Y8.467 F9000 ; travel
G1 E+0.800 F3600 ; unretract
;infill
G1 X-8.467 Y10.000 E-nan F3600
G0 X10.000 Y7.737 F9000 ; travel
G1 E+0.800 F3600 ; unretract
;infill
G1 X7.737 Y10.000 E-nan F3600
G0 X10.000 Y3.212 F9000 ; travel
G1 E+0.800 F3600 ; unretract
;infill
G1 X3.212 Y10.000 E-nan F3600
G0 X10.000 Y-1.314 F9000 ; travel
G1 E+0.800 F3600 ; unretract
;infill
G1 X-1.314 Y10.000 E-nan F3600
G0 X10.000 Y-5.839 F9000 ; travel
G1 E+0.800 F3600 ; unretract
;infill
G1 X-5.839 Y10.000 E-nan F3600
G0 X9.635 Y-10.000 F9000 ; travel
G1 E+0.800 F3600 ; unretract
;infill
G1 X-10.000 Y9.635 E-nan F3600
G0 X5.110 Y-10.000 F9000 ; travel
G1 E+0.800 F3600 ; unretract
;infill
G1 X-10.000 Y5.110 E-nan F3600
G0 X0.584 Y-10.000 F9000 ; travel
G1 E+0.800 F3600 ; unretract
;infill
G1 X-10.000 Y0.584 E-nan F3600
G0 X-3.941 Y-10.000 F9000 ; travel
G1 E+0.800 F3600 ; unretract
;infill
G1 X-10.000 Y-3.941 E-nan F3600
G0 X-8.467 Y-10.000 F9000 ; travel
G1 E+0.800 F3600 ; unretract
;infill
G1 X-10.000 Y-8.467 E-nan F3600
;LAYER:40 ;Z:8.00
G1 Z8.00 F9000 ; move to layer
G92 E0 ; reset extruder at layer start
G0 X-10.000 Y-10.000 F9000 ; travel
G1 E+0.800 F3600 ; unretract
;perimeter
G1 X-2.000 Y-10.000 E-nan F3600
G1 X10.000 Y-10.000 E-nan F3600
G1 X10.000 Y-2.000 E-nan F3600
G1 X10.000 Y10.000 E-nan F3600
G1 X-2.000 Y10.000 E-nan F3600
G1 X-10.000 Y10.000 E-nan F3600
G1 X-10.000 Y-2.000 E-nan F3600
G0 X-9.520 Y-9.520 F9000 ; travel
G1 E+0.800 F3600 ; unretract
;perimeter
G1 X-2.000 Y-9.520 E-nan F3600
G1 X9.520 Y-9.520 E-nan F3600
G1 X9.520 Y-2.000 E-nan F3600
G1 X9.520 Y9.520 E-nan F3600
G1 X-2.000 Y9.520 E-nan F3600
G1 X-9.520 Y9.520 E-nan F3600
G1 X-9.520 Y-2.000 E-nan F3600
G0 X7.737 Y-10.000 F9000 ; travel
G1 E+0.800 F3600 ; unretract
;infill
G1 X10.000 Y-7.737 E-nan F3600
G0 X3.212 Y-10.000 F9000 ; travel
G1 E+0.800 F3600 ; unretract
;infill
G1 X10.000 Y-3.212 E-nan F3600
G0 X-1.314 Y-10.000 F9000 ; travel
G1 E+0.800 F3600 ; unretract
;infill
G1 X10.000 Y1.314 E-nan F3600
G0 X-5.839 Y-10.000 F9000 ; travel
G1 E+0.800 F3600 ; unretract
;infill
G1 X10.000 Y5.839 E-nan F3600
G0 X-10.000 Y-9.635 F9000 ; travel
G1 E+0.800 F3600 ; unretract
;infill
G1 X9.635 Y10.000 E-nan F3600
G0 X-10.000 Y-5.110 F9000 ; travel
G1 E+0.800 F3600 ; unretract
;infill
G1 X5.110 Y10.000 E-nan F3600
G0 X-10.000 Y-0.584 F9000 ; travel
G1 E+0.800 F3600 ; unretract
;infill
G1 X0.584 Y10.000 E-nan F3600
G0 X-10.000 Y3.941 F9000 ; travel
G1 E+0.800 F3600 ; unretract
;infill
G1 X-3.941 Y10.000 E-nan F3600
G0 X-10.000 Y8.467 F9000 ; travel
G1 E+0.800 F3600 ; unretract
;infill
G1 X-8.467 Y10.000 E-nan F3600
G0 X10.000 Y7.737 F9000 ; travel
G1 E+0.800 F3600 ; unretract
;infill
G1 X7.737 Y10.000 E-nan F3600
G0 X10.000 Y3.212 F9000 ; travel
G1 E+0.800 F3600 ; unretract
;infill
G1 X3.212 Y10.000 E-nan F3600
G0 X10.000 Y-1.314 F9000 ; travel
G1 E+0.800 F3600 ; unretract
;infill
G1 X-1.314 Y10.000 E-nan F3600
G0 X10.000 Y-5.839 F9000 ; travel
G1 E+0.800 F3600 ; unretract
;infill
G1 X-5.839 Y10.000 E-nan F3600
G0 X9.635 Y-10.000 F9000 ; travel
G1 E+0.800 F3600 ; unretract
;infill
G1 X-10.000 Y9.635 E-nan F3600
G0 X5.110 Y-10.000 F9000 ; travel
G1 E+0.800 F3600 ; unretract
;infill
G1 X-10.000 Y5.110 E-nan F3600
G0 X0.584 Y-10.000 F9000 ; travel
G1 E+0.800 F3600 ; unretract
;infill
G1 X-10.000 Y0.584 E-nan F3600
G0 X-3.941 Y-10.000 F9000 ; travel
G1 E+0.800 F3600 ; unretract
;infill
G1 X-10.000 Y-3.941 E-nan F3600
G0 X-8.467 Y-10.000 F9000 ; travel
G1 E+0.800 F3600 ; unretract
;infill
G1 X-10.000 Y-8.467 E-nan F3600
;LAYER:42 ;Z:8.40
G1 Z8.40 F9000 ; move to layer
G92 E0 ; reset extruder at layer start
G0 X-10.000 Y-10.000 F9000 ; travel
G1 E+0.800 F3600 ; unretract
;perimeter
G1 X-1.600 Y-10.000 E-nan F3600
G1 X10.000 Y-10.000 E-nan F3600
G1 X10.000 Y-1.600 E-nan F3600
G1 X10.000 Y10.000 E-nan F3600
G1 X-1.600 Y10.000 E-nan F3600
G1 X-10.000 Y10.000 E-nan F3600
G1 X-10.000 Y-1.600 E-nan F3600
G0 X-9.520 Y-9.520 F9000 ; travel
G1 E+0.800 F3600 ; unretract
;perimeter
G1 X-1.600 Y-9.520 E-nan F3600
G1 X9.520 Y-9.520 E-nan F3600
G1 X9.520 Y-1.600 E-nan F3600
G1 X9.520 Y9.520 E-nan F3600
G1 X-1.600 Y9.520 E-nan F3600
G1 X-9.520 Y9.520 E-nan F3600
G1 X-9.520 Y-1.600 E-nan F3600
G0 X7.737 Y-10.000 F9000 ; travel
G1 E+0.800 F3600 ; unretract
;infill
G1 X10.000 Y-7.737 E-nan F3600
G0 X3.212 Y-10.000 F9000 ; travel
G1 E+0.800 F3600 ; unretract
;infill
G1 X10.000 Y-3.212 E-nan F3600
G0 X-1.314 Y-10.000 F9000 ; travel
G1 E+0.800 F3600 ; unretract
;infill
G1 X10.000 Y1.314 E-nan F3600
G0 X-5.839 Y-10.000 F9000 ; travel
G1 E+0.800 F3600 ; unretract
;infill
G1 X10.000 Y5.839 E-nan F3600
G0 X-10.000 Y-9.635 F9000 ; travel
G1 E+0.800 F3600 ; unretract
;infill
G1 X9.635 Y10.000 E-nan F3600
G0 X-10.000 Y-5.110 F9000 ; travel
G1 E+0.800 F3600 ; unretract
;infill
G1 X5.110 Y10.000 E-nan F3600
G0 X-10.000 Y-0.584 F9000 ; travel
G1 E+0.800 F3600 ; unretract
;infill
G1 X0.584 Y10.000 E-nan F3600
G0 X-10.000 Y3.941 F9000 ; travel
G1 E+0.800 F3600 ; unretract
;infill
G1 X-3.941 Y10.000 E-nan F3600
G0 X-10.000 Y8.467 F9000 ; travel
G1 E+0.800 F3600 ; unretract
;infill
G1 X-8.467 Y10.000 E-nan F3600
G0 X10.000 Y7.737 F9000 ; travel
G1 E+0.800 F3600 ; unretract
;infill
G1 X7.737 Y10.000 E-nan F3600
G0 X10.000 Y3.212 F9000 ; travel
G1 E+0.800 F3600 ; unretract
;infill
G1 X3.212 Y10.000 E-nan F3600
G0 X10.000 Y-1.314 F9000 ; travel
G1 E+0.800 F3600 ; unretract
;infill
G1 X-1.314 Y10.000 E-nan F3600
G0 X10.000 Y-5.839 F9000 ; travel
G1 E+0.800 F3600 ; unretract
;infill
G1 X-5.839 Y10.000 E-nan F3600
G0 X9.635 Y-10.000 F9000 ; travel
G1 E+0.800 F3600 ; unretract
;infill
G1 X-10.000 Y9.635 E-nan F3600
G0 X5.110 Y-10.000 F9000 ; travel
G1 E+0.800 F3600 ; unretract
;infill
G1 X-10.000 Y5.110 E-nan F3600
G0 X0.584 Y-10.000 F9000 ; travel
G1 E+0.800 F3600 ; unretract
;infill
G1 X-10.000 Y0.584 E-nan F3600
G0 X-3.941 Y-10.000 F9000 ; travel
G1 E+0.800 F3600 ; unretract
;infill
G1 X-10.000 Y-3.941 E-nan F3600
G0 X-8.467 Y-10.000 F9000 ; travel
G1 E+0.800 F3600 ; unretract
;infill
G1 X-10.000 Y-8.467 E-nan F3600
;LAYER:43 ;Z:8.60
G1 Z8.60 F9000 ; move to layer
G92 E0 ; reset extruder at layer start
G0 X-10.000 Y-10.000 F9000 ; travel
G1 E+0.800 F3600 ; unretract
;perimeter
G1 X-1.400 Y-10.000 E-nan F3600
G1 X10.000 Y-10.000 E-nan F3600
G1 X10.000 Y-1.400 E-nan F3600
G1 X10.000 Y10.000 E-nan F3600
G1 X-1.400 Y10.000 E-nan F3600
G1 X-10.000 Y10.000 E-nan F3600
G1 X-10.000 Y-1.400 E-nan F3600
G0 X-9.520 Y-9.520 F9000 ; travel
G1 E+0.800 F3600 ; unretract
;perimeter
G1 X-1.400 Y-9.520 E-nan F3600
G1 X9.520 Y-9.520 E-nan F3600
G1 X9.520 Y-1.400 E-nan F3600
G1 X9.520 Y9.520 E-nan F3600
G1 X-1.400 Y9.520 E-nan F3600
G1 X-9.520 Y9.520 E-nan F3600
G1 X-9.520 Y-1.400 E-nan F3600
G0 X7.737 Y-10.000 F9000 ; travel
G1 E+0.800 F3600 ; unretract
;infill
G1 X10.000 Y-7.737 E-nan F3600
G0 X3.212 Y-10.000 F9000 ; travel
G1 E+0.800 F3600 ; unretract
;infill
G1 X10.000 Y-3.212 E-nan F3600
G0 X-1.314 Y-10.000 F9000 ; travel
G1 E+0.800 F3600 ; unretract
;infill
G1 X10.000 Y1.314 E-nan F3600
G0 X-5.839 Y-10.000 F9000 ; travel
G1 E+0.800 F3600 ; unretract
;infill
G1 X10.000 Y5.839 E-nan F3600
G0 X-10.000 Y-9.635 F9000 ; travel
G1 E+0.800 F3600 ; unretract
;infill
G1 X9.635 Y10.000 E-nan F3600
G0 X-10.000 Y-5.110 F9000 ; travel
G1 E+0.800 F3600 ; unretract
;infill
G1 X5.110 Y10.000 E-nan F3600
G0 X-10.000 Y-0.584 F9000 ; travel
G1 E+0.800 F3600 ; unretract
;infill
G1 X0.584 Y10.000 E-nan F3600
G0 X-10.000 Y3.941 F9000 ; travel
G1 E+0.800 F3600 ; unretract
;infill
G1 X-3.941 Y10.000 E-nan F3600
G0 X-10.000 Y8.467 F9000 ; travel
G1 E+0.800 F3600 ; unretract
;infill
G1 X-8.467 Y10.000 E-nan F3600
G0 X10.000 Y7.737 F9000 ; travel
G1 E+0.800 F3600 ; unretract
;infill
G1 X7.737 Y10.000 E-nan F3600
G0 X10.000 Y3.212 F9000 ; travel
G1 E+0.800 F3600 ; unretract
;infill
G1 X3.212 Y10.000 E-nan F3600
G0 X10.000 Y-1.314 F9000 ; travel
G1 E+0.800 F3600 ; unretract
;infill
G1 X-1.314 Y10.000 E-nan F3600
G0 X10.000 Y-5.839 F9000 ; travel
G1 E+0.800 F3600 ; unretract
;infill
G1 X-5.839 Y10.000 E-nan F3600
G0 X9.635 Y-10.000 F9000 ; travel
G1 E+0.800 F3600 ; unretract
;infill
G1 X-10.000 Y9.635 E-nan F3600
G0 X5.110 Y-10.000 F9000 ; travel
G1 E+0.800 F3600 ; unretract
;infill
G1 X-10.000 Y5.110 E-nan F3600
G0 X0.584 Y-10.000 F9000 ; travel
G1 E+0.800 F3600 ; unretract
;infill
G1 X-10.000 Y0.584 E-nan F3600
G0 X-3.941 Y-10.000 F9000 ; travel
G1 E+0.800 F3600 ; unretract
;infill
G1 X-10.000 Y-3.941 E-nan F3600
G0 X-8.467 Y-10.000 F9000 ; travel
G1 E+0.800 F3600 ; unretract
;infill
G1 X-10.000 Y-8.467 E-nan F3600
;LAYER:44 ;Z:8.80
G1 Z8.80 F9000 ; move to layer
G92 E0 ; reset extruder at layer start
G0 X-10.000 Y-10.000 F9000 ; travel
G1 E+0.800 F3600 ; unretract
;perimeter
G1 X-1.200 Y-10.000 E-nan F3600
G1 X10.000 Y-10.000 E-nan F3600
G1 X10.000 Y-1.200 E-nan F3600
G1 X10.000 Y10.000 E-nan F3600
G1 X-1.200 Y10.000 E-nan F3600
G1 X-10.000 Y10.000 E-nan F3600
G1 X-10.000 Y-1.200 E-nan F3600
G0 X-9.520 Y-9.520 F9000 ; travel
G1 E+0.800 F3600 ; unretract
;perimeter
G1 X-1.200 Y-9.520 E-nan F3600
G1 X9.520 Y-9.520 E-nan F3600
G1 X9.520 Y-1.200 E-nan F3600
G1 X9.520 Y9.520 E-nan F3600
G1 X-1.200 Y9.520 E-nan F3600
G1 X-9.520 Y9.520 E-nan F3600
G1 X-9.520 Y-1.200 E-nan F3600
G0 X7.737 Y-10.000 F9000 ; travel
G1 E+0.800 F3600 ; unretract
;infill
G1 X10.000 Y-7.737 E-nan F3600
G0 X3.212 Y-10.000 F9000 ; travel
G1 E+0.800 F3600 ; unretract
;infill
G1 X10.000 Y-3.212 E-nan F3600
G0 X-1.314 Y-10.000 F9000 ; travel
G1 E+0.800 F3600 ; unretract
;infill
G1 X10.000 Y1.314 E-nan F3600
G0 X-5.839 Y-10.000 F9000 ; travel
G1 E+0.800 F3600 ; unretract
;infill
G1 X10.000 Y5.839 E-nan F3600
G0 X-10.000 Y-9.635 F9000 ; travel
G1 E+0.800 F3600 ; unretract
;infill
G1 X9.635 Y10.000 E-nan F3600
G0 X-10.000 Y-5.110 F9000 ; travel
G1 E+0.800 F3600 ; unretract
;infill
G1 X5.110 Y10.000 E-nan F3600
G0 X-10.000 Y-0.584 F9000 ; travel
G1 E+0.800 F3600 ; unretract
;infill
G1 X0.584 Y10.000 E-nan F3600
G0 X-10.000 Y3.941 F9000 ; travel
G1 E+0.800 F3600 ; unretract
;infill
G1 X-3.941 Y10.000 E-nan F3600
G0 X-10.000 Y8.467 F9000 ; travel
G1 E+0.800 F3600 ; unretract
;infill
G1 X-8.467 Y10.000 E-nan F3600
G0 X10.000 Y7.737 F9000 ; travel
G1 E+0.800 F3600 ; unretract
;infill
G1 X7.737 Y10.000 E-nan F3600
G0 X10.000 Y3.212 F9000 ; travel
G1 E+0.800 F3600 ; unretract
;infill
G1 X3.212 Y10.000 E-nan F3600
G0 X10.000 Y-1.314 F9000 ; travel
G1 E+0.800 F3600 ; unretract
;infill
G1 X-1.314 Y10.000 E-nan F3600
G0 X10.000 Y-5.839 F9000 ; travel
G1 E+0.800 F3600 ; unretract
;infill
G1 X-5.839 Y10.000 E-nan F3600
G0 X9.635 Y-10.000 F9000 ; travel
G1 E+0.800 F3600 ; unretract
;infill
G1 X-10.000 Y9.635 E-nan F3600
G0 X5.110 Y-10.000 F9000 ; travel
G1 E+0.800 F3600 ; unretract
;infill
G1 X-10.000 Y5.110 E-nan F3600
G0 X0.584 Y-10.000 F9000 ; travel
G1 E+0.800 F3600 ; unretract
;infill
G1 X-10.000 Y0.584 E-nan F3600
G0 X-3.941 Y-10.000 F9000 ; travel
G1 E+0.800 F3600 ; unretract
;infill
G1 X-10.000 Y-3.941 E-nan F3600
G0 X-8.467 Y-10.000 F9000 ; travel
G1 E+0.800 F3600 ; unretract
;infill
G1 X-10.000 Y-8.467 E-nan F3600
;LAYER:45 ;Z:9.00
G1 Z9.00 F9000 ; move to layer
G92 E0 ; reset extruder at layer start
G0 X-10.000 Y-10.000 F9000 ; travel
G1 E+0.800 F3600 ; unretract
;perimeter
G1 X-1.000 Y-10.000 E-nan F3600
G1 X10.000 Y-10.000 E-nan F3600
G1 X10.000 Y-1.000 E-nan F3600
G1 X10.000 Y10.000 E-nan F3600
G1 X-1.000 Y10.000 E-nan F3600
G1 X-10.000 Y10.000 E-nan F3600
G1 X-10.000 Y-1.000 E-nan F3600
G0 X-9.520 Y-9.520 F9000 ; travel
G1 E+0.800 F3600 ; unretract
;perimeter
G1 X-1.000 Y-9.520 E-nan F3600
G1 X9.520 Y-9.520 E-nan F3600
G1 X9.520 Y-1.000 E-nan F3600
G1 X9.520 Y9.520 E-nan F3600
G1 X-1.000 Y9.520 E-nan F3600
G1 X-9.520 Y9.520 E-nan F3600
G1 X-9.520 Y-1.000 E-nan F3600
G0 X7.737 Y-10.000 F9000 ; travel
G1 E+0.800 F3600 ; unretract
;infill
G1 X10.000 Y-7.737 E-nan F3600
G0 X3.212 Y-10.000 F9000 ; travel
G1 E+0.800 F3600 ; unretract
;infill
G1 X10.000 Y-3.212 E-nan F3600
G0 X-1.314 Y-10.000 F9000 ; travel
G1 E+0.800 F3600 ; unretract
;infill
G1 X10.000 Y1.314 E-nan F3600
G0 X-5.839 Y-10.000 F9000 ; travel
G1 E+0.800 F3600 ; unretract
;infill
G1 X10.000 Y5.839 E-nan F3600
G0 X-10.000 Y-9.635 F9000 ; travel
G1 E+0.800 F3600 ; unretract
;infill
G1 X9.635 Y10.000 E-nan F3600
G0 X-10.000 Y-5.110 F9000 ; travel
G1 E+0.800 F3600 ; unretract
;infill
G1 X5.110 Y10.000 E-nan F3600
G0 X-10.000 Y-0.584 F9000 ; travel
G1 E+0.800 F3600 ; unretract
;infill
G1 X0.584 Y10.000 E-nan F3600
G0 X-10.000 Y3.941 F9000 ; travel
G1 E+0.800 F3600 ; unretract
;infill
G1 X-3.941 Y10.000 E-nan F3600
G0 X-10.000 Y8.467 F9000 ; travel
G1 E+0.800 F3600 ; unretract
;infill
G1 X-8.467 Y10.000 E-nan F3600
G0 X10.000 Y7.737 F9000 ; travel
G1 E+0.800 F3600 ; unretract
;infill
G1 X7.737 Y10.000 E-nan F3600
G0 X10.000 Y3.212 F9000 ; travel
G1 E+0.800 F3600 ; unretract
;infill
G1 X3.212 Y10.000 E-nan F3600
G0 X10.000 Y-1.314 F9000 ; travel
G1 E+0.800 F3600 ; unretract
;infill
G1 X-1.314 Y10.000 E-nan F3600
G0 X10.000 Y-5.839 F9000 ; travel
G1 E+0.800 F3600 ; unretract
;infill
G1 X-5.839 Y10.000 E-nan F3600
G0 X9.635 Y-10.000 F9000 ; travel
G1 E+0.800 F3600 ; unretract
;infill
G1 X-10.000 Y9.635 E-nan F3600
G0 X5.110 Y-10.000 F9000 ; travel
G1 E+0.800 F3600 ; unretract
;infill
G1 X-10.000 Y5.110 E-nan F3600
G0 X0.584 Y-10.000 F9000 ; travel
G1 E+0.800 F3600 ; unretract
;infill
G1 X-10.000 Y0.584 E-nan F3600
G0 X-3.941 Y-10.000 F9000 ; travel
G1 E+0.800 F3600 ; unretract
;infill
G1 X-10.000 Y-3.941 E-nan F3600
G0 X-8.467 Y-10.000 F9000 ; travel
G1 E+0.800 F3600 ; unretract
;infill
G1 X-10.000 Y-8.467 E-nan F3600
;LAYER:46 ;Z:9.20
G1 Z9.20 F9000 ; move to layer
G92 E0 ; reset extruder at layer start
G0 X-10.000 Y-10.000 F9000 ; travel
G1 E+0.800 F3600 ; unretract
;perimeter
G1 X-0.800 Y-10.000 E-nan F3600
G1 X10.000 Y-10.000 E-nan F3600
G1 X10.000 Y-0.800 E-nan F3600
G1 X10.000 Y10.000 E-nan F3600
G1 X-0.800 Y10.000 E-nan F3600
G1 X-10.000 Y10.000 E-nan F3600
G1 X-10.000 Y-0.800 E-nan F3600
G0 X-9.520 Y-9.520 F9000 ; travel
G1 E+0.800 F3600 ; unretract
;perimeter
G1 X-0.800 Y-9.520 E-nan F3600
G1 X9.520 Y-9.520 E-nan F3600
G1 X9.520 Y-0.800 E-nan F3600
G1 X9.520 Y9.520 E-nan F3600
G1 X-0.800 Y9.520 E-nan F3600
G1 X-9.520 Y9.520 E-nan F3600
G1 X-9.520 Y-0.800 E-nan F3600
G0 X7.737 Y-10.000 F9000 ; travel
G1 E+0.800 F3600 ; unretract
;infill
G1 X10.000 Y-7.737 E-nan F3600
G0 X3.212 Y-10.000 F9000 ; travel
G1 E+0.800 F3600 ; unretract
;infill
G1 X10.000 Y-3.212 E-nan F3600
G0 X-1.314 Y-10.000 F9000 ; travel
G1 E+0.800 F3600 ; unretract
;infill
G1 X10.000 Y1.314 E-nan F3600
G0 X-5.839 Y-10.000 F9000 ; travel
G1 E+0.800 F3600 ; unretract
;infill
G1 X10.000 Y5.839 E-nan F3600
G0 X-10.000 Y-9.635 F9000 ; travel
G1 E+0.800 F3600 ; unretract
;infill
G1 X9.635 Y10.000 E-nan F3600
G0 X-10.000 Y-5.110 F9000 ; travel
G1 E+0.800 F3600 ; unretract
;infill
G1 X5.110 Y10.000 E-nan F3600
G0 X-10.000 Y-0.584 F9000 ; travel
G1 E+0.800 F3600 ; unretract
;infill
G1 X0.584 Y10.000 E-nan F3600
G0 X-10.000 Y3.941 F9000 ; travel
G1 E+0.800 F3600 ; unretract
;infill
G1 X-3.941 Y10.000 E-nan F3600
G0 X-10.000 Y8.467 F9000 ; travel
G1 E+0.800 F3600 ; unretract
;infill
G1 X-8.467 Y10.000 E-nan F3600
G0 X10.000 Y7.737 F9000 ; travel
G1 E+0.800 F3600 ; unretract
;infill
G1 X7.737 Y10.000 E-nan F3600
G0 X10.000 Y3.212 F9000 ; travel
G1 E+0.800 F3600 ; unretract
;infill
G1 X3.212 Y10.000 E-nan F3600
G0 X10.000 Y-1.314 F9000 ; travel
G1 E+0.800 F3600 ; unretract
;infill
G1 X-1.314 Y10.000 E-nan F3600
G0 X10.000 Y-5.839 F9000 ; travel
G1 E+0.800 F3600 ; unretract
;infill
G1 X-5.839 Y10.000 E-nan F3600
G0 X9.635 Y-10.000 F9000 ; travel
G1 E+0.800 F3600 ; unretract
;infill
G1 X-10.000 Y9.635 E-nan F3600
G0 X5.110 Y-10.000 F9000 ; travel
G1 E+0.800 F3600 ; unretract
;infill
G1 X-10.000 Y5.110 E-nan F3600
G0 X0.584 Y-10.000 F9000 ; travel
G1 E+0.800 F3600 ; unretract
;infill
G1 X-10.000 Y0.584 E-nan F3600
G0 X-3.941 Y-10.000 F9000 ; travel
G1 E+0.800 F3600 ; unretract
;infill
G1 X-10.000 Y-3.941 E-nan F3600
G0 X-8.467 Y-10.000 F9000 ; travel
G1 E+0.800 F3600 ; unretract
;infill
G1 X-10.000 Y-8.467 E-nan F3600
;LAYER:47 ;Z:9.40
G1 Z9.40 F9000 ; move to layer
G92 E0 ; reset extruder at layer start
G0 X-10.000 Y-10.000 F9000 ; travel
G1 E+0.800 F3600 ; unretract
;perimeter
G1 X-0.600 Y-10.000 E-nan F3600
G1 X10.000 Y-10.000 E-nan F3600
G1 X10.000 Y-0.600 E-nan F3600
G1 X10.000 Y10.000 E-nan F3600
G1 X-0.600 Y10.000 E-nan F3600
G1 X-10.000 Y10.000 E-nan F3600
G1 X-10.000 Y-0.600 E-nan F3600
G0 X-9.520 Y-9.520 F9000 ; travel
G1 E+0.800 F3600 ; unretract
;perimeter
G1 X-0.600 Y-9.520 E-nan F3600
G1 X9.520 Y-9.520 E-nan F3600
G1 X9.520 Y-0.600 E-nan F3600
G1 X9.520 Y9.520 E-nan F3600
G1 X-0.600 Y9.520 E-nan F3600
G1 X-9.520 Y9.520 E-nan F3600
G1 X-9.520 Y-0.600 E-nan F3600
G0 X7.737 Y-10.000 F9000 ; travel
G1 E+0.800 F3600 ; unretract
;infill
G1 X10.000 Y-7.737 E-nan F3600
G0 X3.212 Y-10.000 F9000 ; travel
G1 E+0.800 F3600 ; unretract
;infill
G1 X10.000 Y-3.212 E-nan F3600
G0 X-1.314 Y-10.000 F9000 ; travel
G1 E+0.800 F3600 ; unretract
;infill
G1 X10.000 Y1.314 E-nan F3600
G0 X-5.839 Y-10.000 F9000 ; travel
G1 E+0.800 F3600 ; unretract
;infill
G1 X10.000 Y5.839 E-nan F3600
G0 X-10.000 Y-9.635 F9000 ; travel
G1 E+0.800 F3600 ; unretract
;infill
G1 X9.635 Y10.000 E-nan F3600
G0 X-10.000 Y-5.110 F9000 ; travel
G1 E+0.800 F3600 ; unretract
;infill
G1 X5.110 Y10.000 E-nan F3600
G0 X-10.000 Y-0.584 F9000 ; travel
G1 E+0.800 F3600 ; unretract
;infill
G1 X0.584 Y10.000 E-nan F3600
G0 X-10.000 Y3.941 F9000 ; travel
G1 E+0.800 F3600 ; unretract
;infill
G1 X-3.941 Y10.000 E-nan F3600
G0 X-10.000 Y8.467 F9000 ; travel
G1 E+0.800 F3600 ; unretract
;infill
G1 X-8.467 Y10.000 E-nan F3600
G0 X10.000 Y7.737 F9000 ; travel
G1 E+0.800 F3600 ; unretract
;infill
G1 X7.737 Y10.000 E-nan F3600
G0 X10.000 Y3.212 F9000 ; travel
G1 E+0.800 F3600 ; unretract
;infill
G1 X3.212 Y10.000 E-nan F3600
G0 X10.000 Y-1.314 F9000 ; travel
G1 E+0.800 F3600 ; unretract
;infill
G1 X-1.314 Y10.000 E-nan F3600
G0 X10.000 Y-5.839 F9000 ; travel
G1 E+0.800 F3600 ; unretract
;infill
G1 X-5.839 Y10.000 E-nan F3600
G0 X9.635 Y-10.000 F9000 ; travel
G1 E+0.800 F3600 ; unretract
;infill
G1 X-10.000 Y9.635 E-nan F3600
G0 X5.110 Y-10.000 F9000 ; travel
G1 E+0.800 F3600 ; unretract
;infill
G1 X-10.000 Y5.110 E-nan F3600
G0 X0.584 Y-10.000 F9000 ; travel
G1 E+0.800 F3600 ; unretract
;infill
G1 X-10.000 Y0.584 E-nan F3600
G0 X-3.941 Y-10.000 F9000 ; travel
G1 E+0.800 F3600 ; unretract
;infill
G1 X-10.000 Y-3.941 E-nan F3600
G0 X-8.467 Y-10.000 F9000 ; travel
G1 E+0.800 F3600 ; unretract
;infill
G1 X-10.000 Y-8.467 E-nan F3600
;LAYER:48 ;Z:9.60
G1 Z9.60 F9000 ; move to layer
G92 E0 ; reset extruder at layer start
G0 X-10.000 Y-10.000 F9000 ; travel
G1 E+0.800 F3600 ; unretract
;perimeter
G1 X-0.400 Y-10.000 E-nan F3600
G1 X10.000 Y-10.000 E-nan F3600
G1 X10.000 Y-0.400 E-nan F3600
G1 X10.000 Y10.000 E-nan F3600
G1 X-0.400 Y10.000 E-nan F3600
G1 X-10.000 Y10.000 E-nan F3600
G1 X-10.000 Y-0.400 E-nan F3600
G0 X-9.520 Y-9.520 F9000 ; travel
G1 E+0.800 F3600 ; unretract
;perimeter
G1 X-0.400 Y-9.520 E-nan F3600
G1 X9.520 Y-9.520 E-nan F3600
G1 X9.520 Y-0.400 E-nan F3600
G1 X9.520 Y9.520 E-nan F3600
G1 X-0.400 Y9.520 E-nan F3600
G1 X-9.520 Y9.520 E-nan F3600
G1 X-9.520 Y-0.400 E-nan F3600
G0 X7.737 Y-10.000 F9000 ; travel
G1 E+0.800 F3600 ; unretract
;infill
G1 X10.000 Y-7.737 E-nan F3600
G0 X3.212 Y-10.000 F9000 ; travel
G1 E+0.800 F3600 ; unretract
;infill
G1 X10.000 Y-3.212 E-nan F3600
G0 X-1.314 Y-10.000 F9000 ; travel
G1 E+0.800 F3600 ; unretract
;infill
G1 X10.000 Y1.314 E-nan F3600
G0 X-5.839 Y-10.000 F9000 ; travel
G1 E+0.800 F3600 ; unretract
;infill
G1 X10.000 Y5.839 E-nan F3600
G0 X-10.000 Y-9.635 F9000 ; travel
G1 E+0.800 F3600 ; unretract
;infill
G1 X9.635 Y10.000 E-nan F3600
G0 X-10.000 Y-5.110 F9000 ; travel
G1 E+0.800 F3600 ; unretract
;infill
G1 X5.110 Y10.000 E-nan F3600
G0 X-10.000 Y-0.584 F9000 ; travel
G1 E+0.800 F3600 ; unretract
;infill
G1 X0.584 Y10.000 E-nan F3600
G0 X-10.000 Y3.941 F9000 ; travel
G1 E+0.800 F3600 ; unretract
;infill
G1 X-3.941 Y10.000 E-nan F3600
G0 X-10.000 Y8.467 F9000 ; travel
G1 E+0.800 F3600 ; unretract
;infill
G1 X-8.467 Y10.000 E-nan F3600
G0 X10.000 Y7.737 F9000 ; travel
G1 E+0.800 F3600 ; unretract
;infill
G1 X7.737 Y10.000 E-nan F3600
G0 X10.000 Y3.212 F9000 ; travel
G1 E+0.800 F3600 ; unretract
;infill
G1 X3.212 Y10.000 E-nan F3600
G0 X10.000 Y-1.314 F9000 ; travel
G1 E+0.800 F3600 ; unretract
;infill
G1 X-1.314 Y10.000 E-nan F3600
G0 X10.000 Y-5.839 F9000 ; travel
G1 E+0.800 F3600 ; unretract
;infill
G1 X-5.839 Y10.000 E-nan F3600
G0 X9.635 Y-10.000 F9000 ; travel
G1 E+0.800 F3600 ; unretract
;infill
G1 X-10.000 Y9.635 E-nan F3600
G0 X5.110 Y-10.000 F9000 ; travel
G1 E+0.800 F3600 ; unretract
;infill
G1 X-10.000 Y5.110 E-nan F3600
G0 X0.584 Y-10.000 F9000 ; travel
G1 E+0.800 F3600 ; unretract
;infill
G1 X-10.000 Y0.584 E-nan F3600
G0 X-3.941 Y-10.000 F9000 ; travel
G1 E+0.800 F3600 ; unretract
;infill
G1 X-10.000 Y-3.941 E-nan F3600
G0 X-8.467 Y-10.000 F9000 ; travel
G1 E+0.800 F3600 ; unretract
;infill
G1 X-10.000 Y-8.467 E-nan F3600
;LAYER:49 ;Z:9.80
G1 Z9.80 F9000 ; move to layer
G92 E0 ; reset extruder at layer start
G0 X-10.000 Y-10.000 F9000 ; travel
G1 E+0.800 F3600 ; unretract
;perimeter
G1 X-0.200 Y-10.000 E-nan F3600
G1 X10.000 Y-10.000 E-nan F3600
G1 X10.000 Y-0.200 E-nan F3600
G1 X10.000 Y10.000 E-nan F3600
G1 X-0.200 Y10.000 E-nan F3600
G1 X-10.000 Y10.000 E-nan F3600
G1 X-10.000 Y-0.200 E-nan F3600
G0 X-9.520 Y-9.520 F9000 ; travel
G1 E+0.800 F3600 ; unretract
;perimeter
G1 X-0.200 Y-9.520 E-nan F3600
G1 X9.520 Y-9.520 E-nan F3600
G1 X9.520 Y-0.200 E-nan F3600
G1 X9.520 Y9.520 E-nan F3600
G1 X-0.200 Y9.520 E-nan F3600
G1 X-9.520 Y9.520 E-nan F3600
G1 X-9.520 Y-0.200 E-nan F3600
G0 X7.737 Y-10.000 F9000 ; travel
G1 E+0.800 F3600 ; unretract
;infill
G1 X10.000 Y-7.737 E-nan F3600
G0 X3.212 Y-10.000 F9000 ; travel
G1 E+0.800 F3600 ; unretract
;infill
G1 X10.000 Y-3.212 E-nan F3600
G0 X-1.314 Y-10.000 F9000 ; travel
G1 E+0.800 F3600 ; unretract
;infill
G1 X10.000 Y1.314 E-nan F3600
G0 X-5.839 Y-10.000 F9000 ; travel
G1 E+0.800 F3600 ; unretract
;infill
G1 X10.000 Y5.839 E-nan F3600
G0 X-10.000 Y-9.635 F9000 ; travel
G1 E+0.800 F3600 ; unretract
;infill
G1 X9.635 Y10.000 E-nan F3600
G0 X-10.000 Y-5.110 F9000 ; travel
G1 E+0.800 F3600 ; unretract
;infill
G1 X5.110 Y10.000 E-nan F3600
G0 X-10.000 Y-0.584 F9000 ; travel
G1 E+0.800 F3600 ; unretract
;infill
G1 X0.584 Y10.000 E-nan F3600
G0 X-10.000 Y3.941 F9000 ; travel
G1 E+0.800 F3600 ; unretract
;infill
G1 X-3.941 Y10.000 E-nan F3600
G0 X-10.000 Y8.467 F9000 ; travel
G1 E+0.800 F3600 ; unretract
;infill
G1 X-8.467 Y10.000 E-nan F3600
G0 X10.000 Y7.737 F9000 ; travel
G1 E+0.800 F3600 ; unretract
;infill
G1 X7.737 Y10.000 E-nan F3600
G0 X10.000 Y3.212 F9000 ; travel
G1 E+0.800 F3600 ; unretract
;infill
G1 X3.212 Y10.000 E-nan F3600
G0 X10.000 Y-1.314 F9000 ; travel
G1 E+0.800 F3600 ; unretract
;infill
G1 X-1.314 Y10.000 E-nan F3600
G0 X10.000 Y-5.839 F9000 ; travel
G1 E+0.800 F3600 ; unretract
;infill
G1 X-5.839 Y10.000 E-nan F3600
G0 X9.635 Y-10.000 F9000 ; travel
G1 E+0.800 F3600 ; unretract
;infill
G1 X-10.000 Y9.635 E-nan F3600
G0 X5.110 Y-10.000 F9000 ; travel
G1 E+0.800 F3600 ; unretract
;infill
G1 X-10.000 Y5.110 E-nan F3600
G0 X0.584 Y-10.000 F9000 ; travel
G1 E+0.800 F3600 ; unretract
;infill
G1 X-10.000 Y0.584 E-nan F3600
G0 X-3.941 Y-10.000 F9000 ; travel
G1 E+0.800 F3600 ; unretract
;infill
G1 X-10.000 Y-3.941 E-nan F3600
G0 X-8.467 Y-10.000 F9000 ; travel
G1 E+0.800 F3600 ; unretract
;infill
G1 X-10.000 Y-8.467 E-nan F3600
;LAYER:50 ;Z:10.00
G1 Z10.00 F9000 ; move to layer
G92 E0 ; reset extruder at layer start
G0 X-10.000 Y-10.000 F9000 ; travel
G1 E+0.800 F3600 ; unretract
;perimeter
G1 X0.000 Y-10.000 E-nan F3600
G1 X10.000 Y-10.000 E-nan F3600
G1 X10.000 Y0.000 E-nan F3600
G1 X10.000 Y10.000 E-nan F3600
G1 X0.000 Y10.000 E-nan F3600
G1 X-10.000 Y10.000 E-nan F3600
G1 X-10.000 Y0.000 E-nan F3600
G0 X-9.520 Y-9.520 F9000 ; travel
G1 E+0.800 F3600 ; unretract
;perimeter
G1 X0.000 Y-9.520 E-nan F3600
G1 X9.520 Y-9.520 E-nan F3600
G1 X9.520 Y0.000 E-nan F3600
G1 X9.520 Y9.520 E-nan F3600
G1 X0.000 Y9.520 E-nan F3600
G1 X-9.520 Y9.520 E-nan F3600
G1 X-9.520 Y0.000 E-nan F3600
G0 X7.737 Y-10.000 F9000 ; travel
G1 E+0.800 F3600 ; unretract
;infill
G1 X10.000 Y-7.737 E-nan F3600
G0 X3.212 Y-10.000 F9000 ; travel
G1 E+0.800 F3600 ; unretract
;infill
G1 X10.000 Y-3.212 E-nan F3600
G0 X-1.314 Y-10.000 F9000 ; travel
G1 E+0.800 F3600 ; unretract
;infill
G1 X10.000 Y1.314 E-nan F3600
G0 X-5.839 Y-10.000 F9000 ; travel
G1 E+0.800 F3600 ; unretract
;infill
G1 X10.000 Y5.839 E-nan F3600
G0 X-10.000 Y-9.635 F9000 ; travel
G1 E+0.800 F3600 ; unretract
;infill
G1 X9.635 Y10.000 E-nan F3600
G0 X-10.000 Y-5.110 F9000 ; travel
G1 E+0.800 F3600 ; unretract
;infill
G1 X5.110 Y10.000 E-nan F3600
G0 X-10.000 Y-0.584 F9000 ; travel
G1 E+0.800 F3600 ; unretract
;infill
G1 X0.584 Y10.000 E-nan F3600
G0 X-10.000 Y3.941 F9000 ; travel
G1 E+0.800 F3600 ; unretract
;infill
G1 X-3.941 Y10.000 E-nan F3600
G0 X-10.000 Y8.467 F9000 ; travel
G1 E+0.800 F3600 ; unretract
;infill
G1 X-8.467 Y10.000 E-nan F3600
G0 X10.000 Y7.737 F9000 ; travel
G1 E+0.800 F3600 ; unretract
;infill
G1 X7.737 Y10.000 E-nan F3600
G0 X10.000 Y3.212 F9000 ; travel
G1 E+0.800 F3600 ; unretract
;infill
G1 X3.212 Y10.000 E-nan F3600
G0 X10.000 Y-1.314 F9000 ; travel
G1 E+0.800 F3600 ; unretract
;infill
G1 X-1.314 Y10.000 E-nan F3600
G0 X10.000 Y-5.839 F9000 ; travel
G1 E+0.800 F3600 ; unretract
;infill
G1 X-5.839 Y10.000 E-nan F3600
G0 X9.635 Y-10.000 F9000 ; travel
G1 E+0.800 F3600 ; unretract
;infill
G1 X-10.000 Y9.635 E-nan F3600
G0 X5.110 Y-10.000 F9000 ; travel
G1 E+0.800 F3600 ; unretract
;infill
G1 X-10.000 Y5.110 E-nan F3600
G0 X0.584 Y-10.000 F9000 ; travel
G1 E+0.800 F3600 ; unretract
;infill
G1 X-10.000 Y0.584 E-nan F3600
G0 X-3.941 Y-10.000 F9000 ; travel
G1 E+0.800 F3600 ; unretract
;infill
G1 X-10.000 Y-3.941 E-nan F3600
G0 X-8.467 Y-10.000 F9000 ; travel
G1 E+0.800 F3600 ; unretract
;infill
G1 X-10.000 Y-8.467 E-nan F3600
;LAYER:51 ;Z:10.20
G1 Z10.20 F9000 ; move to layer
G92 E0 ; reset extruder at layer start
G0 X-10.000 Y-10.000 F9000 ; travel
G1 E+0.800 F3600 ; unretract
;perimeter
G1 X0.200 Y-10.000 E-nan F3600
G1 X10.000 Y-10.000 E-nan F3600
G1 X10.000 Y0.200 E-nan F3600
G1 X10.000 Y10.000 E-nan F3600
G1 X0.200 Y10.000 E-nan F3600
G1 X-10.000 Y10.000 E-nan F3600
G1 X-10.000 Y0.200 E-nan F3600
G0 X-9.520 Y-9.520 F9000 ; travel
G1 E+0.800 F3600 ; unretract
;perimeter
G1 X0.200 Y-9.520 E-nan F3600
G1 X9.520 Y-9.520 E-nan F3600
G1 X9.520 Y0.200 E-nan F3600
G1 X9.520 Y9.520 E-nan F3600
G1 X0.200 Y9.520 E-nan F3600
G1 X-9.520 Y9.520 E-nan F3600
G1 X-9.520 Y0.200 E-nan F3600
G0 X7.737 Y-10.000 F9000 ; travel
G1 E+0.800 F3600 ; unretract
;infill
G1 X10.000 Y-7.737 E-nan F3600
G0 X3.212 Y-10.000 F9000 ; travel
G1 E+0.800 F3600 ; unretract
;infill
G1 X10.000 Y-3.212 E-nan F3600
G0 X-1.314 Y-10.000 F9000 ; travel
G1 E+0.800 F3600 ; unretract
;infill
G1 X10.000 Y1.314 E-nan F3600
G0 X-5.839 Y-10.000 F9000 ; travel
G1 E+0.800 F3600 ; unretract
;infill
G1 X10.000 Y5.839 E-nan F3600
G0 X-10.000 Y-9.635 F9000 ; travel
G1 E+0.800 F3600 ; unretract
;infill
G1 X9.635 Y10.000 E-nan F3600
G0 X-10.000 Y-5.110 F9000 ; travel
G1 E+0.800 F3600 ; unretract
;infill
G1 X5.110 Y10.000 E-nan F3600
G0 X-10.000 Y-0.584 F9000 ; travel
G1 E+0.800 F3600 ; unretract
;infill
G1 X0.584 Y10.000 E-nan F3600
G0 X-10.000 Y3.941 F9000 ; travel
G1 E+0.800 F3600 ; unretract
;infill
G1 X-3.941 Y10.000 E-nan F3600
G0 X-10.000 Y8.467 F9000 ; travel
G1 E+0.800 F3600 ; unretract
;infill
G1 X-8.467 Y10.000 E-nan F3600
G0 X10.000 Y7.737 F9000 ; travel
G1 E+0.800 F3600 ; unretract
;infill
G1 X7.737 Y10.000 E-nan F3600
G0 X10.000 Y3.212 F9000 ; travel
G1 E+0.800 F3600 ; unretract
;infill
G1 X3.212 Y10.000 E-nan F3600
G0 X10.000 Y-1.314 F9000 ; travel
G1 E+0.800 F3600 ; unretract
;infill
G1 X-1.314 Y10.000 E-nan F3600
G0 X10.000 Y-5.839 F9000 ; travel
G1 E+0.800 F3600 ; unretract
;infill
G1 X-5.839 Y10.000 E-nan F3600
G0 X9.635 Y-10.000 F9000 ; travel
G1 E+0.800 F3600 ; unretract
;infill
G1 X-10.000 Y9.635 E-nan F3600
G0 X5.110 Y-10.000 F9000 ; travel
G1 E+0.800 F3600 ; unretract
;infill
G1 X-10.000 Y5.110 E-nan F3600
G0 X0.584 Y-10.000 F9000 ; travel
G1 E+0.800 F3600 ; unretract
;infill
G1 X-10.000 Y0.584 E-nan F3600
G0 X-3.941 Y-10.000 F9000 ; travel
G1 E+0.800 F3600 ; unretract
;infill
G1 X-10.000 Y-3.941 E-nan F3600
G0 X-8.467 Y-10.000 F9000 ; travel
G1 E+0.800 F3600 ; unretract
;infill
G1 X-10.000 Y-8.467 E-nan F3600
;LAYER:52 ;Z:10.40
G1 Z10.40 F9000 ; move to layer
G92 E0 ; reset extruder at layer start
G0 X-10.000 Y-10.000 F9000 ; travel
G1 E+0.800 F3600 ; unretract
;perimeter
G1 X0.400 Y-10.000 E-nan F3600
G1 X10.000 Y-10.000 E-nan F3600
G1 X10.000 Y0.400 E-nan F3600
G1 X10.000 Y10.000 E-nan F3600
G1 X0.400 Y10.000 E-nan F3600
G1 X-10.000 Y10.000 E-nan F3600
G1 X-10.000 Y0.400 E-nan F3600
G0 X-9.520 Y-9.520 F9000 ; travel
G1 E+0.800 F3600 ; unretract
;perimeter
G1 X0.400 Y-9.520 E-nan F3600
G1 X9.520 Y-9.520 E-nan F3600
G1 X9.520 Y0.400 E-nan F3600
G1 X9.520 Y9.520 E-nan F3600
G1 X0.400 Y9.520 E-nan F3600
G1 X-9.520 Y9.520 E-nan F3600
G1 X-9.520 Y0.400 E-nan F3600
G0 X7.737 Y-10.000 F9000 ; travel
G1 E+0.800 F3600 ; unretract
;infill
G1 X10.000 Y-7.737 E-nan F3600
G0 X3.212 Y-10.000 F9000 ; travel
G1 E+0.800 F3600 ; unretract
;infill
G1 X10.000 Y-3.212 E-nan F3600
G0 X-1.314 Y-10.000 F9000 ; travel
G1 E+0.800 F3600 ; unretract
;infill
G1 X10.000 Y1.314 E-nan F3600
G0 X-5.839 Y-10.000 F9000 ; travel
G1 E+0.800 F3600 ; unretract
;infill
G1 X10.000 Y5.839 E-nan F3600
G0 X-10.000 Y-9.635 F9000 ; travel
G1 E+0.800 F3600 ; unretract
;infill
G1 X9.635 Y10.000 E-nan F3600
G0 X-10.000 Y-5.110 F9000 ; travel
G1 E+0.800 F3600 ; unretract
;infill
G1 X5.110 Y10.000 E-nan F3600
G0 X-10.000 Y-0.584 F9000 ; travel
G1 E+0.800 F3600 ; unretract
;infill
G1 X0.584 Y10.000 E-nan F3600
G0 X-10.000 Y3.941 F9000 ; travel
G1 E+0.800 F3600 ; unretract
;infill
G1 X-3.941 Y10.000 E-nan F3600
G0 X-10.000 Y8.467 F9000 ; travel
G1 E+0.800 F3600 ; unretract
;infill
G1 X-8.467 Y10.000 E-nan F3600
G0 X10.000 Y7.737 F9000 ; travel
G1 E+0.800 F3600 ; unretract
;infill
G1 X7.737 Y10.000 E-nan F3600
G0 X10.000 Y3.212 F9000 ; travel
G1 E+0.800 F3600 ; unretract
;infill
G1 X3.212 Y10.000 E-nan F3600
G0 X10.000 Y-1.314 F9000 ; travel
G1 E+0.800 F3600 ; unretract
;infill
G1 X-1.314 Y10.000 E-nan F3600
G0 X10.000 Y-5.839 F9000 ; travel
G1 E+0.800 F3600 ; unretract
;infill
G1 X-5.839 Y10.000 E-nan F3600
G0 X9.635 Y-10.000 F9000 ; travel
G1 E+0.800 F3600 ; unretract
;infill
G1 X-10.000 Y9.635 E-nan F3600
G0 X5.110 Y-10.000 F9000 ; travel
G1 E+0.800 F3600 ; unretract
;infill
G1 X-10.000 Y5.110 E-nan F3600
G0 X0.584 Y-10.000 F9000 ; travel
G1 E+0.800 F3600 ; unretract
;infill
G1 X-10.000 Y0.584 E-nan F3600
G0 X-3.941 Y-10.000 F9000 ; travel
G1 E+0.800 F3600 ; unretract
;infill
G1 X-10.000 Y-3.941 E-nan F3600
G0 X-8.467 Y-10.000 F9000 ; travel
G1 E+0.800 F3600 ; unretract
;infill
G1 X-10.000 Y-8.467 E-nan F3600
;LAYER:53 ;Z:10.60
G1 Z10.60 F9000 ; move to layer
G92 E0 ; reset extruder at layer start
G0 X-10.000 Y-10.000 F9000 ; travel
G1 E+0.800 F3600 ; unretract
;perimeter
G1 X0.600 Y-10.000 E-nan F3600
G1 X10.000 Y-10.000 E-nan F3600
G1 X10.000 Y0.600 E-nan F3600
G1 X10.000 Y10.000 E-nan F3600
G1 X0.600 Y10.000 E-nan F3600
G1 X-10.000 Y10.000 E-nan F3600
G1 X-10.000 Y0.600 E-nan F3600
G0 X-9.520 Y-9.520 F9000 ; travel
G1 E+0.800 F3600 ; unretract
;perimeter
G1 X0.600 Y-9.520 E-nan F3600
G1 X9.520 Y-9.520 E-nan F3600
G1 X9.520 Y0.600 E-nan F3600
G1 X9.520 Y9.520 E-nan F3600
G1 X0.600 Y9.520 E-nan F3600
G1 X-9.520 Y9.520 E-nan F3600
G1 X-9.520 Y0.600 E-nan F3600
G0 X7.737 Y-10.000 F9000 ; travel
G1 E+0.800 F3600 ; unretract
;infill
G1 X10.000 Y-7.737 E-nan F3600
G0 X3.212 Y-10.000 F9000 ; travel
G1 E+0.800 F3600 ; unretract
;infill
G1 X10.000 Y-3.212 E-nan F3600
G0 X-1.314 Y-10.000 F9000 ; travel
G1 E+0.800 F3600 ; unretract
;infill
G1 X10.000 Y1.314 E-nan F3600
G0 X-5.839 Y-10.000 F9000 ; travel
G1 E+0.800 F3600 ; unretract
;infill
G1 X10.000 Y5.839 E-nan F3600
G0 X-10.000 Y-9.635 F9000 ; travel
G1 E+0.800 F3600 ; unretract
;infill
G1 X9.635 Y10.000 E-nan F3600
G0 X-10.000 Y-5.110 F9000 ; travel
G1 E+0.800 F3600 ; unretract
;infill
G1 X5.110 Y10.000 E-nan F3600
G0 X-10.000 Y-0.584 F9000 ; travel
G1 E+0.800 F3600 ; unretract
;infill
G1 X0.584 Y10.000 E-nan F3600
G0 X-10.000 Y3.941 F9000 ; travel
G1 E+0.800 F3600 ; unretract
;infill
G1 X-3.941 Y10.000 E-nan F3600
G0 X-10.000 Y8.467 F9000 ; travel
G1 E+0.800 F3600 ; unretract
;infill
G1 X-8.467 Y10.000 E-nan F3600
G0 X10.000 Y7.737 F9000 ; travel
G1 E+0.800 F3600 ; unretract
;infill
G1 X7.737 Y10.000 E-nan F3600
G0 X10.000 Y3.212 F9000 ; travel
G1 E+0.800 F3600 ; unretract
;infill
G1 X3.212 Y10.000 E-nan F3600
G0 X10.000 Y-1.314 F9000 ; travel
G1 E+0.800 F3600 ; unretract
;infill
G1 X-1.314 Y10.000 E-nan F3600
G0 X10.000 Y-5.839 F9000 ; travel
G1 E+0.800 F3600 ; unretract
;infill
G1 X-5.839 Y10.000 E-nan F3600
G0 X9.635 Y-10.000 F9000 ; travel
G1 E+0.800 F3600 ; unretract
;infill
G1 X-10.000 Y9.635 E-nan F3600
G0 X5.110 Y-10.000 F9000 ; travel
G1 E+0.800 F3600 ; unretract
;infill
G1 X-10.000 Y5.110 E-nan F3600
G0 X0.584 Y-10.000 F9000 ; travel
G1 E+0.800 F3600 ; unretract
;infill
G1 X-10.000 Y0.584 E-nan F3600
G0 X-3.941 Y-10.000 F9000 ; travel
G1 E+0.800 F3600 ; unretract
;infill
G1 X-10.000 Y-3.941 E-nan F3600
G0 X-8.467 Y-10.000 F9000 ; travel
G1 E+0.800 F3600 ; unretract
;infill
G1 X-10.000 Y-8.467 E-nan F3600
;LAYER:54 ;Z:10.80
G1 Z10.80 F9000 ; move to layer
G92 E0 ; reset extruder at layer start
G0 X-10.000 Y-10.000 F9000 ; travel
G1 E+0.800 F3600 ; unretract
;perimeter
G1 X0.800 Y-10.000 E-nan F3600
G1 X10.000 Y-10.000 E-nan F3600
G1 X10.000 Y0.800 E-nan F3600
G1 X10.000 Y10.000 E-nan F3600
G1 X0.800 Y10.000 E-nan F3600
G1 X-10.000 Y10.000 E-nan F3600
G1 X-10.000 Y0.800 E-nan F3600
G0 X-9.520 Y-9.520 F9000 ; travel
G1 E+0.800 F3600 ; unretract
;perimeter
G1 X0.800 Y-9.520 E-nan F3600
G1 X9.520 Y-9.520 E-nan F3600
G1 X9.520 Y0.800 E-nan F3600
G1 X9.520 Y9.520 E-nan F3600
G1 X0.800 Y9.520 E-nan F3600
G1 X-9.520 Y9.520 E-nan F3600
G1 X-9.520 Y0.800 E-nan F3600
G0 X7.737 Y-10.000 F9000 ; travel
G1 E+0.800 F3600 ; unretract
;infill
G1 X10.000 Y-7.737 E-nan F3600
G0 X3.212 Y-10.000 F9000 ; travel
G1 E+0.800 F3600 ; unretract
;infill
G1 X10.000 Y-3.212 E-nan F3600
G0 X-1.314 Y-10.000 F9000 ; travel
G1 E+0.800 F3600 ; unretract
;infill
G1 X10.000 Y1.314 E-nan F3600
G0 X-5.839 Y-10.000 F9000 ; travel
G1 E+0.800 F3600 ; unretract
;infill
G1 X10.000 Y5.839 E-nan F3600
G0 X-10.000 Y-9.635 F9000 ; travel
G1 E+0.800 F3600 ; unretract
;infill
G1 X9.635 Y10.000 E-nan F3600
G0 X-10.000 Y-5.110 F9000 ; travel
G1 E+0.800 F3600 ; unretract
;infill
G1 X5.110 Y10.000 E-nan F3600
G0 X-10.000 Y-0.584 F9000 ; travel
G1 E+0.800 F3600 ; unretract
;infill
G1 X0.584 Y10.000 E-nan F3600
G0 X-10.000 Y3.941 F9000 ; travel
G1 E+0.800 F3600 ; unretract
;infill
G1 X-3.941 Y10.000 E-nan F3600
G0 X-10.000 Y8.467 F9000 ; travel
G1 E+0.800 F3600 ; unretract
;infill
G1 X-8.467 Y10.000 E-nan F3600
G0 X10.000 Y7.737 F9000 ; travel
G1 E+0.800 F3600 ; unretract
;infill
G1 X7.737 Y10.000 E-nan F3600
G0 X10.000 Y3.212 F9000 ; travel
G1 E+0.800 F3600 ; unretract
;infill
G1 X3.212 Y10.000 E-nan F3600
G0 X10.000 Y-1.314 F9000 ; travel
G1 E+0.800 F3600 ; unretract
;infill
G1 X-1.314 Y10.000 E-nan F3600
G0 X10.000 Y-5.839 F9000 ; travel
G1 E+0.800 F3600 ; unretract
;infill
G1 X-5.839 Y10.000 E-nan F3600
G0 X9.635 Y-10.000 F9000 ; travel
G1 E+0.800 F3600 ; unretract
;infill
G1 X-10.000 Y9.635 E-nan F3600
G0 X5.110 Y-10.000 F9000 ; travel
G1 E+0.800 F3600 ; unretract
;infill
G1 X-10.000 Y5.110 E-nan F3600
G0 X0.584 Y-10.000 F9000 ; travel
G1 E+0.800 F3600 ; unretract
;infill
G1 X-10.000 Y0.584 E-nan F3600
G0 X-3.941 Y-10.000 F9000 ; travel
G1 E+0.800 F3600 ; unretract
;infill
G1 X-10.000 Y-3.941 E-nan F3600
G0 X-8.467 Y-10.000 F9000 ; travel
G1 E+0.800 F3600 ; unretract
;infill
G1 X-10.000 Y-8.467 E-nan F3600
;LAYER:55 ;Z:11.00
G1 Z11.00 F9000 ; move to layer
G92 E0 ; reset extruder at layer start
G0 X-10.000 Y-10.000 F9000 ; travel
G1 E+0.800 F3600 ; unretract
;perimeter
G1 X1.000 Y-10.000 E-nan F3600
G1 X10.000 Y-10.000 E-nan F3600
G1 X10.000 Y1.000 E-nan F3600
G1 X10.000 Y10.000 E-nan F3600
G1 X1.000 Y10.000 E-nan F3600
G1 X-10.000 Y10.000 E-nan F3600
G1 X-10.000 Y1.000 E-nan F3600
G0 X-9.520 Y-9.520 F9000 ; travel
G1 E+0.800 F3600 ; unretract
;perimeter
G1 X1.000 Y-9.520 E-nan F3600
G1 X9.520 Y-9.520 E-nan F3600
G1 X9.520 Y1.000 E-nan F3600
G1 X9.520 Y9.520 E-nan F3600
G1 X1.000 Y9.520 E-nan F3600
G1 X-9.520 Y9.520 E-nan F3600
G1 X-9.520 Y1.000 E-nan F3600
G0 X7.737 Y-10.000 F9000 ; travel
G1 E+0.800 F3600 ; unretract
;infill
G1 X10.000 Y-7.737 E-nan F3600
G0 X3.212 Y-10.000 F9000 ; travel
G1 E+0.800 F3600 ; unretract
;infill
G1 X10.000 Y-3.212 E-nan F3600
G0 X-1.314 Y-10.000 F9000 ; travel
G1 E+0.800 F3600 ; unretract
;infill
G1 X10.000 Y1.314 E-nan F3600
G0 X-5.839 Y-10.000 F9000 ; travel
G1 E+0.800 F3600 ; unretract
;infill
G1 X10.000 Y5.839 E-nan F3600
G0 X-10.000 Y-9.635 F9000 ; travel
G1 E+0.800 F3600 ; unretract
;infill
G1 X9.635 Y10.000 E-nan F3600
G0 X-10.000 Y-5.110 F9000 ; travel
G1 E+0.800 F3600 ; unretract
;infill
G1 X5.110 Y10.000 E-nan F3600
G0 X-10.000 Y-0.584 F9000 ; travel
G1 E+0.800 F3600 ; unretract
;infill
G1 X0.584 Y10.000 E-nan F3600
G0 X-10.000 Y3.941 F9000 ; travel
G1 E+0.800 F3600 ; unretract
;infill
G1 X-3.941 Y10.000 E-nan F3600
G0 X-10.000 Y8.467 F9000 ; travel
G1 E+0.800 F3600 ; unretract
;infill
G1 X-8.467 Y10.000 E-nan F3600
G0 X10.000 Y7.737 F9000 ; travel
G1 E+0.800 F3600 ; unretract
;infill
G1 X7.737 Y10.000 E-nan F3600
G0 X10.000 Y3.212 F9000 ; travel
G1 E+0.800 F3600 ; unretract
;infill
G1 X3.212 Y10.000 E-nan F3600
G0 X10.000 Y-1.314 F9000 ; travel
G1 E+0.800 F3600 ; unretract
;infill
G1 X-1.314 Y10.000 E-nan F3600
G0 X10.000 Y-5.839 F9000 ; travel
G1 E+0.800 F3600 ; unretract
;infill
G1 X-5.839 Y10.000 E-nan F3600
G0 X9.635 Y-10.000 F9000 ; travel
G1 E+0.800 F3600 ; unretract
;infill
G1 X-10.000 Y9.635 E-nan F3600
G0 X5.110 Y-10.000 F9000 ; travel
G1 E+0.800 F3600 ; unretract
;infill
G1 X-10.000 Y5.110 E-nan F3600
G0 X0.584 Y-10.000 F9000 ; travel
G1 E+0.800 F3600 ; unretract
;infill
G1 X-10.000 Y0.584 E-nan F3600
G0 X-3.941 Y-10.000 F9000 ; travel
G1 E+0.800 F3600 ; unretract
;infill
G1 X-10.000 Y-3.941 E-nan F3600
G0 X-8.467 Y-10.000 F9000 ; travel
G1 E+0.800 F3600 ; unretract
;infill
G1 X-10.000 Y-8.467 E-nan F3600
;LAYER:56 ;Z:11.20
G1 Z11.20 F9000 ; move to layer
G92 E0 ; reset extruder at layer start
G0 X-10.000 Y-10.000 F9000 ; travel
G1 E+0.800 F3600 ; unretract
;perimeter
G1 X1.200 Y-10.000 E-nan F3600
G1 X10.000 Y-10.000 E-nan F3600
G1 X10.000 Y1.200 E-nan F3600
G1 X10.000 Y10.000 E-nan F3600
G1 X1.200 Y10.000 E-nan F3600
G1 X-10.000 Y10.000 E-nan F3600
G1 X-10.000 Y1.200 E-nan F3600
G0 X-9.520 Y-9.520 F9000 ; travel
G1 E+0.800 F3600 ; unretract
;perimeter
G1 X1.200 Y-9.520 E-nan F3600
G1 X9.520 Y-9.520 E-nan F3600
G1 X9.520 Y1.200 E-nan F3600
G1 X9.520 Y9.520 E-nan F3600
G1 X1.200 Y9.520 E-nan F3600
G1 X-9.520 Y9.520 E-nan F3600
G1 X-9.520 Y1.200 E-nan F3600
G0 X7.737 Y-10.000 F9000 ; travel
G1 E+0.800 F3600 ; unretract
;infill
G1 X10.000 Y-7.737 E-nan F3600
G0 X3.212 Y-10.000 F9000 ; travel
G1 E+0.800 F3600 ; unretract
;infill
G1 X10.000 Y-3.212 E-nan F3600
G0 X-1.314 Y-10.000 F9000 ; travel
G1 E+0.800 F3600 ; unretract
;infill
G1 X10.000 Y1.314 E-nan F3600
G0 X-5.839 Y-10.000 F9000 ; travel
G1 E+0.800 F3600 ; unretract
;infill
G1 X10.000 Y5.839 E-nan F3600
G0 X-10.000 Y-9.635 F9000 ; travel
G1 E+0.800 F3600 ; unretract
;infill
G1 X9.635 Y10.000 E-nan F3600
G0 X-10.000 Y-5.110 F9000 ; travel
G1 E+0.800 F3600 ; unretract
;infill
G1 X5.110 Y10.000 E-nan F3600
G0 X-10.000 Y-0.584 F9000 ; travel
G1 E+0.800 F3600 ; unretract
;infill
G1 X0.584 Y10.000 E-nan F3600
G0 X-10.000 Y3.941 F9000 ; travel
G1 E+0.800 F3600 ; unretract
;infill
G1 X-3.941 Y10.000 E-nan F3600
G0 X-10.000 Y8.467 F9000 ; travel
G1 E+0.800 F3600 ; unretract
;infill
G1 X-8.467 Y10.000 E-nan F3600
G0 X10.000 Y7.737 F9000 ; travel
G1 E+0.800 F3600 ; unretract
;infill
G1 X7.737 Y10.000 E-nan F3600
G0 X10.000 Y3.212 F9000 ; travel
G1 E+0.800 F3600 ; unretract
;infill
G1 X3.212 Y10.000 E-nan F3600
G0 X10.000 Y-1.314 F9000 ; travel
G1 E+0.800 F3600 ; unretract
;infill
G1 X-1.314 Y10.000 E-nan F3600
G0 X10.000 Y-5.839 F9000 ; travel
G1 E+0.800 F3600 ; unretract
;infill
G1 X-5.839 Y10.000 E-nan F3600
G0 X9.635 Y-10.000 F9000 ; travel
G1 E+0.800 F3600 ; unretract
;infill
G1 X-10.000 Y9.635 E-nan F3600
G0 X5.110 Y-10.000 F9000 ; travel
G1 E+0.800 F3600 ; unretract
;infill
G1 X-10.000 Y5.110 E-nan F3600
G0 X0.584 Y-10.000 F9000 ; travel
G1 E+0.800 F3600 ; unretract
;infill
G1 X-10.000 Y0.584 E-nan F3600
G0 X-3.941 Y-10.000 F9000 ; travel
G1 E+0.800 F3600 ; unretract
;infill
G1 X-10.000 Y-3.941 E-nan F3600
G0 X-8.467 Y-10.000 F9000 ; travel
G1 E+0.800 F3600 ; unretract
;infill
G1 X-10.000 Y-8.467 E-nan F3600
;LAYER:58 ;Z:11.60
G1 Z11.60 F9000 ; move to layer
G92 E0 ; reset extruder at layer start
G0 X-10.000 Y-10.000 F9000 ; travel
G1 E+0.800 F3600 ; unretract
;perimeter
G1 X1.600 Y-10.000 E-nan F3600
G1 X10.000 Y-10.000 E-nan F3600
G1 X10.000 Y1.600 E-nan F3600
G1 X10.000 Y10.000 E-nan F3600
G1 X1.600 Y10.000 E-nan F3600
G1 X-10.000 Y10.000 E-nan F3600
G1 X-10.000 Y1.600 E-nan F3600
G0 X-9.520 Y-9.520 F9000 ; travel
G1 E+0.800 F3600 ; unretract
;perimeter
G1 X1.600 Y-9.520 E-nan F3600
G1 X9.520 Y-9.520 E-nan F3600
G1 X9.520 Y1.600 E-nan F3600
G1 X9.520 Y9.520 E-nan F3600
G1 X1.600 Y9.520 E-nan F3600
G1 X-9.520 Y9.520 E-nan F3600
G1 X-9.520 Y1.600 E-nan F3600
G0 X7.737 Y-10.000 F9000 ; travel
G1 E+0.800 F3600 ; unretract
;infill
G1 X10.000 Y-7.737 E-nan F3600
G0 X3.212 Y-10.000 F9000 ; travel
G1 E+0.800 F3600 ; unretract
;infill
G1 X10.000 Y-3.212 E-nan F3600
G0 X-1.314 Y-10.000 F9000 ; travel
G1 E+0.800 F3600 ; unretract
;infill
G1 X10.000 Y1.314 E-nan F3600
G0 X-5.839 Y-10.000 F9000 ; travel
G1 E+0.800 F3600 ; unretract
;infill
G1 X10.000 Y5.839 E-nan F3600
G0 X-10.000 Y-9.635 F9000 ; travel
G1 E+0.800 F3600 ; unretract
;infill
G1 X9.635 Y10.000 E-nan F3600
G0 X-10.000 Y-5.110 F9000 ; travel
G1 E+0.800 F3600 ; unretract
;infill
G1 X5.110 Y10.000 E-nan F3600
G0 X-10.000 Y-0.584 F9000 ; travel
G1 E+0.800 F3600 ; unretract
;infill
G1 X0.584 Y10.000 E-nan F3600
G0 X-10.000 Y3.941 F9000 ; travel
G1 E+0.800 F3600 ; unretract
;infill
G1 X-3.941 Y10.000 E-nan F3600
G0 X-10.000 Y8.467 F9000 ; travel
G1 E+0.800 F3600 ; unretract
;infill
G1 X-8.467 Y10.000 E-nan F3600
G0 X10.000 Y7.737 F9000 ; travel
G1 E+0.800 F3600 ; unretract
;infill
G1 X7.737 Y10.000 E-nan F3600
G0 X10.000 Y3.212 F9000 ; travel
G1 E+0.800 F3600 ; unretract
;infill
G1 X3.212 Y10.000 E-nan F3600
G0 X10.000 Y-1.314 F9000 ; travel
G1 E+0.800 F3600 ; unretract
;infill
G1 X-1.314 Y10.000 E-nan F3600
G0 X10.000 Y-5.839 F9000 ; travel
G1 E+0.800 F3600 ; unretract
;infill
G1 X-5.839 Y10.000 E-nan F3600
G0 X9.635 Y-10.000 F9000 ; travel
G1 E+0.800 F3600 ; unretract
;infill
G1 X-10.000 Y9.635 E-nan F3600
G0 X5.110 Y-10.000 F9000 ; travel
G1 E+0.800 F3600 ; unretract
;infill
G1 X-10.000 Y5.110 E-nan F3600
G0 X0.584 Y-10.000 F9000 ; travel
G1 E+0.800 F3600 ; unretract
;infill
G1 X-10.000 Y0.584 E-nan F3600
G0 X-3.941 Y-10.000 F9000 ; travel
G1 E+0.800 F3600 ; unretract
;infill
G1 X-10.000 Y-3.941 E-nan F3600
G0 X-8.467 Y-10.000 F9000 ; travel
G1 E+0.800 F3600 ; unretract
;infill
G1 X-10.000 Y-8.467 E-nan F3600
;LAYER:60 ;Z:12.00
G1 Z12.00 F9000 ; move to layer
G92 E0 ; reset extruder at layer start
G0 X-10.000 Y-10.000 F9000 ; travel
G1 E+0.800 F3600 ; unretract
;perimeter
G1 X2.000 Y-10.000 E-nan F3600
G1 X10.000 Y-10.000 E-nan F3600
G1 X10.000 Y2.000 E-nan F3600
G1 X10.000 Y10.000 E-nan F3600
G1 X2.000 Y10.000 E-nan F3600
G1 X-10.000 Y10.000 E-nan F3600
G1 X-10.000 Y2.000 E-nan F3600
G0 X-9.520 Y-9.520 F9000 ; travel
G1 E+0.800 F3600 ; unretract
;perimeter
G1 X2.000 Y-9.520 E-nan F3600
G1 X9.520 Y-9.520 E-nan F3600
G1 X9.520 Y2.000 E-nan F3600
G1 X9.520 Y9.520 E-nan F3600
G1 X2.000 Y9.520 E-nan F3600
G1 X-9.520 Y9.520 E-nan F3600
G1 X-9.520 Y2.000 E-nan F3600
G0 X7.737 Y-10.000 F9000 ; travel
G1 E+0.800 F3600 ; unretract
;infill
G1 X10.000 Y-7.737 E-nan F3600
G0 X3.212 Y-10.000 F9000 ; travel
G1 E+0.800 F3600 ; unretract
;infill
G1 X10.000 Y-3.212 E-nan F3600
G0 X-1.314 Y-10.000 F9000 ; travel
G1 E+0.800 F3600 ; unretract
;infill
G1 X10.000 Y1.314 E-nan F3600
G0 X-5.839 Y-10.000 F9000 ; travel
G1 E+0.800 F3600 ; unretract
;infill
G1 X10.000 Y5.839 E-nan F3600
G0 X-10.000 Y-9.635 F9000 ; travel
G1 E+0.800 F3600 ; unretract
;infill
G1 X9.635 Y10.000 E-nan F3600
G0 X-10.000 Y-5.110 F9000 ; travel
G1 E+0.800 F3600 ; unretract
;infill
G1 X5.110 Y10.000 E-nan F3600
G0 X-10.000 Y-0.584 F9000 ; travel
G1 E+0.800 F3600 ; unretract
;infill
G1 X0.584 Y10.000 E-nan F3600
G0 X-10.000 Y3.941 F9000 ; travel
G1 E+0.800 F3600 ; unretract
;infill
G1 X-3.941 Y10.000 E-nan F3600
G0 X-10.000 Y8.467 F9000 ; travel
G1 E+0.800 F3600 ; unretract
;infill
G1 X-8.467 Y10.000 E-nan F3600
G0 X10.000 Y7.737 F9000 ; travel
G1 E+0.800 F3600 ; unretract
;infill
G1 X7.737 Y10.000 E-nan F3600
G0 X10.000 Y3.212 F9000 ; travel
G1 E+0.800 F3600 ; unretract
;infill
G1 X3.212 Y10.000 E-nan F3600
G0 X10.000 Y-1.314 F9000 ; travel
G1 E+0.800 F3600 ; unretract
;infill
G1 X-1.314 Y10.000 E-nan F3600
G0 X10.000 Y-5.839 F9000 ; travel
G1 E+0.800 F3600 ; unretract
;infill
G1 X-5.839 Y10.000 E-nan F3600
G0 X9.635 Y-10.000 F9000 ; travel
G1 E+0.800 F3600 ; unretract
;infill
G1 X-10.000 Y9.635 E-nan F3600
G0 X5.110 Y-10.000 F9000 ; travel
G1 E+0.800 F3600 ; unretract
;infill
G1 X-10.000 Y5.110 E-nan F3600
G0 X0.584 Y-10.000 F9000 ; travel
G1 E+0.800 F3600 ; unretract
;infill
G1 X-10.000 Y0.584 E-nan F3600
G0 X-3.941 Y-10.000 F9000 ; travel
G1 E+0.800 F3600 ; unretract
;infill
G1 X-10.000 Y-3.941 E-nan F3600
G0 X-8.467 Y-10.000 F9000 ; travel
G1 E+0.800 F3600 ; unretract
;infill
G1 X-10.000 Y-8.467 E-nan F3600
;LAYER:63 ;Z:12.60
G1 Z12.60 F9000 ; move to layer
G92 E0 ; reset extruder at layer start
G0 X-10.000 Y-10.000 F9000 ; travel
G1 E+0.800 F3600 ; unretract
;perimeter
G1 X2.600 Y-10.000 E-nan F3600
G1 X10.000 Y-10.000 E-nan F3600
G1 X10.000 Y2.600 E-nan F3600
G1 X10.000 Y10.000 E-nan F3600
G1 X2.600 Y10.000 E-nan F3600
G1 X-10.000 Y10.000 E-nan F3600
G1 X-10.000 Y2.600 E-nan F3600
G0 X-9.520 Y-9.520 F9000 ; travel
G1 E+0.800 F3600 ; unretract
;perimeter
G1 X2.600 Y-9.520 E-nan F3600
G1 X9.520 Y-9.520 E-nan F3600
G1 X9.520 Y2.600 E-nan F3600
G1 X9.520 Y9.520 E-nan F3600
G1 X2.600 Y9.520 E-nan F3600
G1 X-9.520 Y9.520 E-nan F3600
G1 X-9.520 Y2.600 E-nan F3600
G0 X7.737 Y-10.000 F9000 ; travel
G1 E+0.800 F3600 ; unretract
;infill
G1 X10.000 Y-7.737 E-nan F3600
G0 X3.212 Y-10.000 F9000 ; travel
G1 E+0.800 F3600 ; unretract
;infill
G1 X10.000 Y-3.212 E-nan F3600
G0 X-1.314 Y-10.000 F9000 ; travel
G1 E+0.800 F3600 ; unretract
;infill
G1 X10.000 Y1.314 E-nan F3600
G0 X-5.839 Y-10.000 F9000 ; travel
G1 E+0.800 F3600 ; unretract
;infill
G1 X10.000 Y5.839 E-nan F3600
G0 X-10.000 Y-9.635 F9000 ; travel
G1 E+0.800 F3600 ; unretract
;infill
G1 X9.635 Y10.000 E-nan F3600
G0 X-10.000 Y-5.110 F9000 ; travel
G1 E+0.800 F3600 ; unretract
;infill
G1 X5.110 Y10.000 E-nan F3600
G0 X-10.000 Y-0.584 F9000 ; travel
G1 E+0.800 F3600 ; unretract
;infill
G1 X0.584 Y10.000 E-nan F3600
G0 X-10.000 Y3.941 F9000 ; travel
G1 E+0.800 F3600 ; unretract
;infill
G1 X-3.941 Y10.000 E-nan F3600
G0 X-10.000 Y8.467 F9000 ; travel
G1 E+0.800 F3600 ; unretract
;infill
G1 X-8.467 Y10.000 E-nan F3600
G0 X10.000 Y7.737 F9000 ; travel
G1 E+0.800 F3600 ; unretract
;infill
G1 X7.737 Y10.000 E-nan F3600
G0 X10.000 Y3.212 F9000 ; travel
G1 E+0.800 F3600 ; unretract
;infill
G1 X3.212 Y10.000 E-nan F3600
G0 X10.000 Y-1.314 F9000 ; travel
G1 E+0.800 F3600 ; unretract
;infill
G1 X-1.314 Y10.000 E-nan F3600
G0 X10.000 Y-5.839 F9000 ; travel
G1 E+0.800 F3600 ; unretract
;infill
G1 X-5.839 Y10.000 E-nan F3600
G0 X9.635 Y-10.000 F9000 ; travel
G1 E+0.800 F3600 ; unretract
;infill
G1 X-10.000 Y9.635 E-nan F3600
G0 X5.110 Y-10.000 F9000 ; travel
G1 E+0.800 F3600 ; unretract
;infill
G1 X-10.000 Y5.110 E-nan F3600
G0 X0.584 Y-10.000 F9000 ; travel
G1 E+0.800 F3600 ; unretract
;infill
G1 X-10.000 Y0.584 E-nan F3600
G0 X-3.941 Y-10.000 F9000 ; travel
G1 E+0.800 F3600 ; unretract
;infill
G1 X-10.000 Y-3.941 E-nan F3600
G0 X-8.467 Y-10.000 F9000 ; travel
G1 E+0.800 F3600 ; unretract
;infill
G1 X-10.000 Y-8.467 E-nan F3600
;LAYER:65 ;Z:13.00
G1 Z13.00 F9000 ; move to layer
G92 E0 ; reset extruder at layer start
G0 X-10.000 Y-10.000 F9000 ; travel
G1 E+0.800 F3600 ; unretract
;perimeter
G1 X3.000 Y-10.000 E-nan F3600
G1 X10.000 Y-10.000 E-nan F3600
G1 X10.000 Y3.000 E-nan F3600
G1 X10.000 Y10.000 E-nan F3600
G1 X3.000 Y10.000 E-nan F3600
G1 X-10.000 Y10.000 E-nan F3600
G1 X-10.000 Y3.000 E-nan F3600
G0 X-9.520 Y-9.520 F9000 ; travel
G1 E+0.800 F3600 ; unretract
;perimeter
G1 X3.000 Y-9.520 E-nan F3600
G1 X9.520 Y-9.520 E-nan F3600
G1 X9.520 Y3.000 E-nan F3600
G1 X9.520 Y9.520 E-nan F3600
G1 X3.000 Y9.520 E-nan F3600
G1 X-9.520 Y9.520 E-nan F3600
G1 X-9.520 Y3.000 E-nan F3600
G0 X7.737 Y-10.000 F9000 ; travel
G1 E+0.800 F3600 ; unretract
;infill
G1 X10.000 Y-7.737 E-nan F3600
G0 X3.212 Y-10.000 F9000 ; travel
G1 E+0.800 F3600 ; unretract
;infill
G1 X10.000 Y-3.212 E-nan F3600
G0 X-1.314 Y-10.000 F9000 ; travel
G1 E+0.800 F3600 ; unretract
;infill
G1 X10.000 Y1.314 E-nan F3600
G0 X-5.839 Y-10.000 F9000 ; travel
G1 E+0.800 F3600 ; unretract
;infill
G1 X10.000 Y5.839 E-nan F3600
G0 X-10.000 Y-9.635 F9000 ; travel
G1 E+0.800 F3600 ; unretract
;infill
G1 X9.635 Y10.000 E-nan F3600
G0 X-10.000 Y-5.110 F9000 ; travel
G1 E+0.800 F3600 ; unretract
;infill
G1 X5.110 Y10.000 E-nan F3600
G0 X-10.000 Y-0.584 F9000 ; travel
G1 E+0.800 F3600 ; unretract
;infill
G1 X0.584 Y10.000 E-nan F3600
G0 X-10.000 Y3.941 F9000 ; travel
G1 E+0.800 F3600 ; unretract
;infill
G1 X-3.941 Y10.000 E-nan F3600
G0 X-10.000 Y8.467 F9000 ; travel
G1 E+0.800 F3600 ; unretract
;infill
G1 X-8.467 Y10.000 E-nan F3600
G0 X10.000 Y7.737 F9000 ; travel
G1 E+0.800 F3600 ; unretract
;infill
G1 X7.737 Y10.000 E-nan F3600
G0 X10.000 Y3.212 F9000 ; travel
G1 E+0.800 F3600 ; unretract
;infill
G1 X3.212 Y10.000 E-nan F3600
G0 X10.000 Y-1.314 F9000 ; travel
G1 E+0.800 F3600 ; unretract
;infill
G1 X-1.314 Y10.000 E-nan F3600
G0 X10.000 Y-5.839 F9000 ; travel
G1 E+0.800 F3600 ; unretract
;infill
G1 X-5.839 Y10.000 E-nan F3600
G0 X9.635 Y-10.000 F9000 ; travel
G1 E+0.800 F3600 ; unretract
;infill
G1 X-10.000 Y9.635 E-nan F3600
G0 X5.110 Y-10.000 F9000 ; travel
G1 E+0.800 F3600 ; unretract
;infill
G1 X-10.000 Y5.110 E-nan F3600
G0 X0.584 Y-10.000 F9000 ; travel
G1 E+0.800 F3600 ; unretract
;infill
G1 X-10.000 Y0.584 E-nan F3600
G0 X-3.941 Y-10.000 F9000 ; travel
G1 E+0.800 F3600 ; unretract
;infill
G1 X-10.000 Y-3.941 E-nan F3600
G0 X-8.467 Y-10.000 F9000 ; travel
G1 E+0.800 F3600 ; unretract
;infill
G1 X-10.000 Y-8.467 E-nan F3600
;LAYER:67 ;Z:13.40
G1 Z13.40 F9000 ; move to layer
G92 E0 ; reset extruder at layer start
G0 X-10.000 Y-10.000 F9000 ; travel
G1 E+0.800 F3600 ; unretract
;perimeter
G1 X3.400 Y-10.000 E-nan F3600
G1 X10.000 Y-10.000 E-nan F3600
G1 X10.000 Y3.400 E-nan F3600
G1 X10.000 Y10.000 E-nan F3600
G1 X3.400 Y10.000 E-nan F3600
G1 X-10.000 Y10.000 E-nan F3600
G1 X-10.000 Y3.400 E-nan F3600
G0 X-9.520 Y-9.520 F9000 ; travel
G1 E+0.800 F3600 ; unretract
;perimeter
G1 X3.400 Y-9.520 E-nan F3600
G1 X9.520 Y-9.520 E-nan F3600
G1 X9.520 Y3.400 E-nan F3600
G1 X9.520 Y9.520 E-nan F3600
G1 X3.400 Y9.520 E-nan F3600
G1 X-9.520 Y9.520 E-nan F3600
G1 X-9.520 Y3.400 E-nan F3600
G0 X7.737 Y-10.000 F9000 ; travel
G1 E+0.800 F3600 ; unretract
;infill
G1 X10.000 Y-7.737 E-nan F3600
G0 X3.212 Y-10.000 F9000 ; travel
G1 E+0.800 F3600 ; unretract
;infill
G1 X10.000 Y-3.212 E-nan F3600
G0 X-1.314 Y-10.000 F9000 ; travel
G1 E+0.800 F3600 ; unretract
;infill
G1 X10.000 Y1.314 E-nan F3600
G0 X-5.839 Y-10.000 F9000 ; travel
G1 E+0.800 F3600 ; unretract
;infill
G1 X10.000 Y5.839 E-nan F3600
G0 X-10.000 Y-9.635 F9000 ; travel
G1 E+0.800 F3600 ; unretract
;infill
G1 X9.635 Y10.000 E-nan F3600
G0 X-10.000 Y-5.110 F9000 ; travel
G1 E+0.800 F3600 ; unretract
;infill
G1 X5.110 Y10.000 E-nan F3600
G0 X-10.000 Y-0.584 F9000 ; travel
G1 E+0.800 F3600 ; unretract
;infill
G1 X0.584 Y10.000 E-nan F3600
G0 X-10.000 Y3.941 F9000 ; travel
G1 E+0.800 F3600 ; unretract
;infill
G1 X-3.941 Y10.000 E-nan F3600
G0 X-10.000 Y8.467 F9000 ; travel
G1 E+0.800 F3600 ; unretract
;infill
G1 X-8.467 Y10.000 E-nan F3600
G0 X10.000 Y7.737 F9000 ; travel
G1 E+0.800 F3600 ; unretract
;infill
G1 X7.737 Y10.000 E-nan F3600
G0 X10.000 Y3.212 F9000 ; travel
G1 E+0.800 F3600 ; unretract
;infill
G1 X3.212 Y10.000 E-nan F3600
G0 X10.000 Y-1.314 F9000 ; travel
G1 E+0.800 F3600 ; unretract
;infill
G1 X-1.314 Y10.000 E-nan F3600
G0 X10.000 Y-5.839 F9000 ; travel
G1 E+0.800 F3600 ; unretract
;infill
G1 X-5.839 Y10.000 E-nan F3600
G0 X9.635 Y-10.000 F9000 ; travel
G1 E+0.800 F3600 ; unretract
;infill
G1 X-10.000 Y9.635 E-nan F3600
G0 X5.110 Y-10.000 F9000 ; travel
G1 E+0.800 F3600 ; unretract
;infill
G1 X-10.000 Y5.110 E-nan F3600
G0 X0.584 Y-10.000 F9000 ; travel
G1 E+0.800 F3600 ; unretract
;infill
G1 X-10.000 Y0.584 E-nan F3600
G0 X-3.941 Y-10.000 F9000 ; travel
G1 E+0.800 F3600 ; unretract
;infill
G1 X-10.000 Y-3.941 E-nan F3600
G0 X-8.467 Y-10.000 F9000 ; travel
G1 E+0.800 F3600 ; unretract
;infill
G1 X-10.000 Y-8.467 E-nan F3600
;LAYER:68 ;Z:13.60
G1 Z13.60 F9000 ; move to layer
G92 E0 ; reset extruder at layer start
G0 X-10.000 Y-10.000 F9000 ; travel
G1 E+0.800 F3600 ; unretract
;perimeter
G1 X3.600 Y-10.000 E-nan F3600
G1 X10.000 Y-10.000 E-nan F3600
G1 X10.000 Y3.600 E-nan F3600
G1 X10.000 Y10.000 E-nan F3600
G1 X3.600 Y10.000 E-nan F3600
G1 X-10.000 Y10.000 E-nan F3600
G1 X-10.000 Y3.600 E-nan F3600
G0 X-9.520 Y-9.520 F9000 ; travel
G1 E+0.800 F3600 ; unretract
;perimeter
G1 X3.600 Y-9.520 E-nan F3600
G1 X9.520 Y-9.520 E-nan F3600
G1 X9.520 Y3.600 E-nan F3600
G1 X9.520 Y9.520 E-nan F3600
G1 X3.600 Y9.520 E-nan F3600
G1 X-9.520 Y9.520 E-nan F3600
G1 X-9.520 Y3.600 E-nan F3600
G0 X7.737 Y-10.000 F9000 ; travel
G1 E+0.800 F3600 ; unretract
;infill
G1 X10.000 Y-7.737 E-nan F3600
G0 X3.212 Y-10.000 F9000 ; travel
G1 E+0.800 F3600 ; unretract
;infill
G1 X10.000 Y-3.212 E-nan F3600
G0 X-1.314 Y-10.000 F9000 ; travel
G1 E+0.800 F3600 ; unretract
;infill
G1 X10.000 Y1.314 E-nan F3600
G0 X-5.839 Y-10.000 F9000 ; travel
G1 E+0.800 F3600 ; unretract
;infill
G1 X10.000 Y5.839 E-nan F3600
G0 X-10.000 Y-9.635 F9000 ; travel
G1 E+0.800 F3600 ; unretract
;infill
G1 X9.635 Y10.000 E-nan F3600
G0 X-10.000 Y-5.110 F9000 ; travel
G1 E+0.800 F3600 ; unretract
;infill
G1 X5.110 Y10.000 E-nan F3600
G0 X-10.000 Y-0.584 F9000 ; travel
G1 E+0.800 F3600 ; unretract
;infill
G1 X0.584 Y10.000 E-nan F3600
G0 X-10.000 Y3.941 F9000 ; travel
G1 E+0.800 F3600 ; unretract
;infill
G1 X-3.941 Y10.000 E-nan F3600
G0 X-10.000 Y8.467 F9000 ; travel
G1 E+0.800 F3600 ; unretract
;infill
G1 X-8.467 Y10.000 E-nan F3600
G0 X10.000 Y7.737 F9000 ; travel
G1 E+0.800 F3600 ; unretract
;infill
G1 X7.737 Y10.000 E-nan F3600
G0 X10.000 Y3.212 F9000 ; travel
G1 E+0.800 F3600 ; unretract
;infill
G1 X3.212 Y10.000 E-nan F3600
G0 X10.000 Y-1.314 F9000 ; travel
G1 E+0.800 F3600 ; unretract
;infill
G1 X-1.314 Y10.000 E-nan F3600
G0 X10.000 Y-5.839 F9000 ; travel
G1 E+0.800 F3600 ; unretract
;infill
G1 X-5.839 Y10.000 E-nan F3600
G0 X9.635 Y-10.000 F9000 ; travel
G1 E+0.800 F3600 ; unretract
;infill
G1 X-10.000 Y9.635 E-nan F3600
G0 X5.110 Y-10.000 F9000 ; travel
G1 E+0.800 F3600 ; unretract
;infill
G1 X-10.000 Y5.110 E-nan F3600
G0 X0.584 Y-10.000 F9000 ; travel
G1 E+0.800 F3600 ; unretract
;infill
G1 X-10.000 Y0.584 E-nan F3600
G0 X-3.941 Y-10.000 F9000 ; travel
G1 E+0.800 F3600 ; unretract
;infill
G1 X-10.000 Y-3.941 E-nan F3600
G0 X-8.467 Y-10.000 F9000 ; travel
G1 E+0.800 F3600 ; unretract
;infill
G1 X-10.000 Y-8.467 E-nan F3600
;LAYER:69 ;Z:13.80
G1 Z13.80 F9000 ; move to layer
G92 E0 ; reset extruder at layer start
G0 X-10.000 Y-10.000 F9000 ; travel
G1 E+0.800 F3600 ; unretract
;perimeter
G1 X3.800 Y-10.000 E-nan F3600
G1 X10.000 Y-10.000 E-nan F3600
G1 X10.000 Y3.800 E-nan F3600
G1 X10.000 Y10.000 E-nan F3600
G1 X3.800 Y10.000 E-nan F3600
G1 X-10.000 Y10.000 E-nan F3600
G1 X-10.000 Y3.800 E-nan F3600
G0 X-9.520 Y-9.520 F9000 ; travel
G1 E+0.800 F3600 ; unretract
;perimeter
G1 X3.800 Y-9.520 E-nan F3600
G1 X9.520 Y-9.520 E-nan F3600
G1 X9.520 Y3.800 E-nan F3600
G1 X9.520 Y9.520 E-nan F3600
G1 X3.800 Y9.520 E-nan F3600
G1 X-9.520 Y9.520 E-nan F3600
G1 X-9.520 Y3.800 E-nan F3600
G0 X7.737 Y-10.000 F9000 ; travel
G1 E+0.800 F3600 ; unretract
;infill
G1 X10.000 Y-7.737 E-nan F3600
G0 X3.212 Y-10.000 F9000 ; travel
G1 E+0.800 F3600 ; unretract
;infill
G1 X10.000 Y-3.212 E-nan F3600
G0 X-1.314 Y-10.000 F9000 ; travel
G1 E+0.800 F3600 ; unretract
;infill
G1 X10.000 Y1.314 E-nan F3600
G0 X-5.839 Y-10.000 F9000 ; travel
G1 E+0.800 F3600 ; unretract
;infill
G1 X10.000 Y5.839 E-nan F3600
G0 X-10.000 Y-9.635 F9000 ; travel
G1 E+0.800 F3600 ; unretract
;infill
G1 X9.635 Y10.000 E-nan F3600
G0 X-10.000 Y-5.110 F9000 ; travel
G1 E+0.800 F3600 ; unretract
;infill
G1 X5.110 Y10.000 E-nan F3600
G0 X-10.000 Y-0.584 F9000 ; travel
G1 E+0.800 F3600 ; unretract
;infill
G1 X0.584 Y10.000 E-nan F3600
G0 X-10.000 Y3.941 F9000 ; travel
G1 E+0.800 F3600 ; unretract
;infill
G1 X-3.941 Y10.000 E-nan F3600
G0 X-10.000 Y8.467 F9000 ; travel
G1 E+0.800 F3600 ; unretract
;infill
G1 X-8.467 Y10.000 E-nan F3600
G0 X10.000 Y7.737 F9000 ; travel
G1 E+0.800 F3600 ; unretract
;infill
G1 X7.737 Y10.000 E-nan F3600
G0 X10.000 Y3.212 F9000 ; travel
G1 E+0.800 F3600 ; unretract
;infill
G1 X3.212 Y10.000 E-nan F3600
G0 X10.000 Y-1.314 F9000 ; travel
G1 E+0.800 F3600 ; unretract
;infill
G1 X-1.314 Y10.000 E-nan F3600
G0 X10.000 Y-5.839 F9000 ; travel
G1 E+0.800 F3600 ; unretract
;infill
G1 X-5.839 Y10.000 E-nan F3600
G0 X9.635 Y-10.000 F9000 ; travel
G1 E+0.800 F3600 ; unretract
;infill
G1 X-10.000 Y9.635 E-nan F3600
G0 X5.110 Y-10.000 F9000 ; travel
G1 E+0.800 F3600 ; unretract
;infill
G1 X-10.000 Y5.110 E-nan F3600
G0 X0.584 Y-10.000 F9000 ; travel
G1 E+0.800 F3600 ; unretract
;infill
G1 X-10.000 Y0.584 E-nan F3600
G0 X-3.941 Y-10.000 F9000 ; travel
G1 E+0.800 F3600 ; unretract
;infill
G1 X-10.000 Y-3.941 E-nan F3600
G0 X-8.467 Y-10.000 F9000 ; travel
G1 E+0.800 F3600 ; unretract
;infill
G1 X-10.000 Y-8.467 E-nan F3600
;LAYER:70 ;Z:14.00
G1 Z14.00 F9000 ; move to layer
G92 E0 ; reset extruder at layer start
G0 X-10.000 Y-10.000 F9000 ; travel
G1 E+0.800 F3600 ; unretract
;perimeter
G1 X4.000 Y-10.000 E-nan F3600
G1 X10.000 Y-10.000 E-nan F3600
G1 X10.000 Y4.000 E-nan F3600
G1 X10.000 Y10.000 E-nan F3600
G1 X4.000 Y10.000 E-nan F3600
G1 X-10.000 Y10.000 E-nan F3600
G1 X-10.000 Y4.000 E-nan F3600
G0 X-9.520 Y-9.520 F9000 ; travel
G1 E+0.800 F3600 ; unretract
;perimeter
G1 X4.000 Y-9.520 E-nan F3600
G1 X9.520 Y-9.520 E-nan F3600
G1 X9.520 Y4.000 E-nan F3600
G1 X9.520 Y9.520 E-nan F3600
G1 X4.000 Y9.520 E-nan F3600
G1 X-9.520 Y9.520 E-nan F3600
G1 X-9.520 Y4.000 E-nan F3600
G0 X7.737 Y-10.000 F9000 ; travel
G1 E+0.800 F3600 ; unretract
;infill
G1 X10.000 Y-7.737 E-nan F3600
G0 X3.212 Y-10.000 F9000 ; travel
G1 E+0.800 F3600 ; unretract
;infill
G1 X10.000 Y-3.212 E-nan F3600
G0 X-1.314 Y-10.000 F9000 ; travel
G1 E+0.800 F3600 ; unretract
;infill
G1 X10.000 Y1.314 E-nan F3600
G0 X-5.839 Y-10.000 F9000 ; travel
G1 E+0.800 F3600 ; unretract
;infill
G1 X10.000 Y5.839 E-nan F3600
G0 X-10.000 Y-9.635 F9000 ; travel
G1 E+0.800 F3600 ; unretract
;infill
G1 X9.635 Y10.000 E-nan F3600
G0 X-10.000 Y-5.110 F9000 ; travel
G1 E+0.800 F3600 ; unretract
;infill
G1 X5.110 Y10.000 E-nan F3600
G0 X-10.000 Y-0.584 F9000 ; travel
G1 E+0.800 F3600 ; unretract
;infill
G1 X0.584 Y10.000 E-nan F3600
G0 X-10.000 Y3.941 F9000 ; travel
G1 E+0.800 F3600 ; unretract
;infill
G1 X-3.941 Y10.000 E-nan F3600
G0 X-10.000 Y8.467 F9000 ; travel
G1 E+0.800 F3600 ; unretract
;infill
G1 X-8.467 Y10.000 E-nan F3600
G0 X10.000 Y7.737 F9000 ; travel
G1 E+0.800 F3600 ; unretract
;infill
G1 X7.737 Y10.000 E-nan F3600
G0 X10.000 Y3.212 F9000 ; travel
G1 E+0.800 F3600 ; unretract
;infill
G1 X3.212 Y10.000 E-nan F3600
G0 X10.000 Y-1.314 F9000 ; travel
G1 E+0.800 F3600 ; unretract
;infill
G1 X-1.314 Y10.000 E-nan F3600
G0 X10.000 Y-5.839 F9000 ; travel
G1 E+0.800 F3600 ; unretract
;infill
G1 X-5.839 Y10.000 E-nan F3600
G0 X9.635 Y-10.000 F9000 ; travel
G1 E+0.800 F3600 ; unretract
;infill
G1 X-10.000 Y9.635 E-nan F3600
G0 X5.110 Y-10.000 F9000 ; travel
G1 E+0.800 F3600 ; unretract
;infill
G1 X-10.000 Y5.110 E-nan F3600
G0 X0.584 Y-10.000 F9000 ; travel
G1 E+0.800 F3600 ; unretract
;infill
G1 X-10.000 Y0.584 E-nan F3600
G0 X-3.941 Y-10.000 F9000 ; travel
G1 E+0.800 F3600 ; unretract
;infill
G1 X-10.000 Y-3.941 E-nan F3600
G0 X-8.467 Y-10.000 F9000 ; travel
G1 E+0.800 F3600 ; unretract
;infill
G1 X-10.000 Y-8.467 E-nan F3600
;LAYER:71 ;Z:14.20
G1 Z14.20 F9000 ; move to layer
G92 E0 ; reset extruder at layer start
G0 X-10.000 Y-10.000 F9000 ; travel
G1 E+0.800 F3600 ; unretract
;perimeter
G1 X4.200 Y-10.000 E-nan F3600
G1 X10.000 Y-10.000 E-nan F3600
G1 X10.000 Y4.200 E-nan F3600
G1 X10.000 Y10.000 E-nan F3600
G1 X4.200 Y10.000 E-nan F3600
G1 X-10.000 Y10.000 E-nan F3600
G1 X-10.000 Y4.200 E-nan F3600
G0 X-9.520 Y-9.520 F9000 ; travel
G1 E+0.800 F3600 ; unretract
;perimeter
G1 X4.200 Y-9.520 E-nan F3600
G1 X9.520 Y-9.520 E-nan F3600
G1 X9.520 Y4.200 E-nan F3600
G1 X9.520 Y9.520 E-nan F3600
G1 X4.200 Y9.520 E-nan F3600
G1 X-9.520 Y9.520 E-nan F3600
G1 X-9.520 Y4.200 E-nan F3600
G0 X7.737 Y-10.000 F9000 ; travel
G1 E+0.800 F3600 ; unretract
;infill
G1 X10.000 Y-7.737 E-nan F3600
G0 X3.212 Y-10.000 F9000 ; travel
G1 E+0.800 F3600 ; unretract
;infill
G1 X10.000 Y-3.212 E-nan F3600
G0 X-1.314 Y-10.000 F9000 ; travel
G1 E+0.800 F3600 ; unretract
;infill
G1 X10.000 Y1.314 E-nan F3600
G0 X-5.839 Y-10.000 F9000 ; travel
G1 E+0.800 F3600 ; unretract
;infill
G1 X10.000 Y5.839 E-nan F3600
G0 X-10.000 Y-9.635 F9000 ; travel
G1 E+0.800 F3600 ; unretract
;infill
G1 X9.635 Y10.000 E-nan F3600
G0 X-10.000 Y-5.110 F9000 ; travel
G1 E+0.800 F3600 ; unretract
;infill
G1 X5.110 Y10.000 E-nan F3600
G0 X-10.000 Y-0.584 F9000 ; travel
G1 E+0.800 F3600 ; unretract
;infill
G1 X0.584 Y10.000 E-nan F3600
G0 X-10.000 Y3.941 F9000 ; travel
G1 E+0.800 F3600 ; unretract
;infill
G1 X-3.941 Y10.000 E-nan F3600
G0 X-10.000 Y8.467 F9000 ; travel
G1 E+0.800 F3600 ; unretract
;infill
G1 X-8.467 Y10.000 E-nan F3600
G0 X10.000 Y7.737 F9000 ; travel
G1 E+0.800 F3600 ; unretract
;infill
G1 X7.737 Y10.000 E-nan F3600
G0 X10.000 Y3.212 F9000 ; travel
G1 E+0.800 F3600 ; unretract
;infill
G1 X3.212 Y10.000 E-nan F3600
G0 X10.000 Y-1.314 F9000 ; travel
G1 E+0.800 F3600 ; unretract
;infill
G1 X-1.314 Y10.000 E-nan F3600
G0 X10.000 Y-5.839 F9000 ; travel
G1 E+0.800 F3600 ; unretract
;infill
G1 X-5.839 Y10.000 E-nan F3600
G0 X9.635 Y-10.000 F9000 ; travel
G1 E+0.800 F3600 ; unretract
;infill
G1 X-10.000 Y9.635 E-nan F3600
G0 X5.110 Y-10.000 F9000 ; travel
G1 E+0.800 F3600 ; unretract
;infill
G1 X-10.000 Y5.110 E-nan F3600
G0 X0.584 Y-10.000 F9000 ; travel
G1 E+0.800 F3600 ; unretract
;infill
G1 X-10.000 Y0.584 E-nan F3600
G0 X-3.941 Y-10.000 F9000 ; travel
G1 E+0.800 F3600 ; unretract
;infill
G1 X-10.000 Y-3.941 E-nan F3600
G0 X-8.467 Y-10.000 F9000 ; travel
G1 E+0.800 F3600 ; unretract
;infill
G1 X-10.000 Y-8.467 E-nan F3600
;LAYER:72 ;Z:14.40
G1 Z14.40 F9000 ; move to layer
G92 E0 ; reset extruder at layer start
G0 X-10.000 Y-10.000 F9000 ; travel
G1 E+0.800 F3600 ; unretract
;perimeter
G1 X4.400 Y-10.000 E-nan F3600
G1 X10.000 Y-10.000 E-nan F3600
G1 X10.000 Y4.400 E-nan F3600
G1 X10.000 Y10.000 E-nan F3600
G1 X4.400 Y10.000 E-nan F3600
G1 X-10.000 Y10.000 E-nan F3600
G1 X-10.000 Y4.400 E-nan F3600
G0 X-9.520 Y-9.520 F9000 ; travel
G1 E+0.800 F3600 ; unretract
;perimeter
G1 X4.400 Y-9.520 E-nan F3600
G1 X9.520 Y-9.520 E-nan F3600
G1 X9.520 Y4.400 E-nan F3600
G1 X9.520 Y9.520 E-nan F3600
G1 X4.400 Y9.520 E-nan F3600
G1 X-9.520 Y9.520 E-nan F3600
G1 X-9.520 Y4.400 E-nan F3600
G0 X7.737 Y-10.000 F9000 ; travel
G1 E+0.800 F3600 ; unretract
;infill
G1 X10.000 Y-7.737 E-nan F3600
G0 X3.212 Y-10.000 F9000 ; travel
G1 E+0.800 F3600 ; unretract
;infill
G1 X10.000 Y-3.212 E-nan F3600
G0 X-1.314 Y-10.000 F9000 ; travel
G1 E+0.800 F3600 ; unretract
;infill
G1 X10.000 Y1.314 E-nan F3600
G0 X-5.839 Y-10.000 F9000 ; travel
G1 E+0.800 F3600 ; unretract
;infill
G1 X10.000 Y5.839 E-nan F3600
G0 X-10.000 Y-9.635 F9000 ; travel
G1 E+0.800 F3600 ; unretract
;infill
G1 X9.635 Y10.000 E-nan F3600
G0 X-10.000 Y-5.110 F9000 ; travel
G1 E+0.800 F3600 ; unretract
;infill
G1 X5.110 Y10.000 E-nan F3600
G0 X-10.000 Y-0.584 F9000 ; travel
G1 E+0.800 F3600 ; unretract
;infill
G1 X0.584 Y10.000 E-nan F3600
G0 X-10.000 Y3.941 F9000 ; travel
G1 E+0.800 F3600 ; unretract
;infill
G1 X-3.941 Y10.000 E-nan F3600
G0 X-10.000 Y8.467 F9000 ; travel
G1 E+0.800 F3600 ; unretract
;infill
G1 X-8.467 Y10.000 E-nan F3600
G0 X10.000 Y7.737 F9000 ; travel
G1 E+0.800 F3600 ; unretract
;infill
G1 X7.737 Y10.000 E-nan F3600
G0 X10.000 Y3.212 F9000 ; travel
G1 E+0.800 F3600 ; unretract
;infill
G1 X3.212 Y10.000 E-nan F3600
G0 X10.000 Y-1.314 F9000 ; travel
G1 E+0.800 F3600 ; unretract
;infill
G1 X-1.314 Y10.000 E-nan F3600
G0 X10.000 Y-5.839 F9000 ; travel
G1 E+0.800 F3600 ; unretract
;infill
G1 X-5.839 Y10.000 E-nan F3600
G0 X9.635 Y-10.000 F9000 ; travel
G1 E+0.800 F3600 ; unretract
;infill
G1 X-10.000 Y9.635 E-nan F3600
G0 X5.110 Y-10.000 F9000 ; travel
G1 E+0.800 F3600 ; unretract
;infill
G1 X-10.000 Y5.110 E-nan F3600
G0 X0.584 Y-10.000 F9000 ; travel
G1 E+0.800 F3600 ; unretract
;infill
G1 X-10.000 Y0.584 E-nan F3600
G0 X-3.941 Y-10.000 F9000 ; travel
G1 E+0.800 F3600 ; unretract
;infill
G1 X-10.000 Y-3.941 E-nan F3600
G0 X-8.467 Y-10.000 F9000 ; travel
G1 E+0.800 F3600 ; unretract
;infill
G1 X-10.000 Y-8.467 E-nan F3600
;LAYER:73 ;Z:14.60
G1 Z14.60 F9000 ; move to layer
G92 E0 ; reset extruder at layer start
G0 X-10.000 Y-10.000 F9000 ; travel
G1 E+0.800 F3600 ; unretract
;perimeter
G1 X4.600 Y-10.000 E-nan F3600
G1 X10.000 Y-10.000 E-nan F3600
G1 X10.000 Y4.600 E-nan F3600
G1 X10.000 Y10.000 E-nan F3600
G1 X4.600 Y10.000 E-nan F3600
G1 X-10.000 Y10.000 E-nan F3600
G1 X-10.000 Y4.600 E-nan F3600
G0 X-9.520 Y-9.520 F9000 ; travel
G1 E+0.800 F3600 ; unretract
;perimeter
G1 X4.600 Y-9.520 E-nan F3600
G1 X9.520 Y-9.520 E-nan F3600
G1 X9.520 Y4.600 E-nan F3600
G1 X9.520 Y9.520 E-nan F3600
G1 X4.600 Y9.520 E-nan F3600
G1 X-9.520 Y9.520 E-nan F3600
G1 X-9.520 Y4.600 E-nan F3600
G0 X7.737 Y-10.000 F9000 ; travel
G1 E+0.800 F3600 ; unretract
;infill
G1 X10.000 Y-7.737 E-nan F3600
G0 X3.212 Y-10.000 F9000 ; travel
G1 E+0.800 F3600 ; unretract
;infill
G1 X10.000 Y-3.212 E-nan F3600
G0 X-1.314 Y-10.000 F9000 ; travel
G1 E+0.800 F3600 ; unretract
;infill
G1 X10.000 Y1.314 E-nan F3600
G0 X-5.839 Y-10.000 F9000 ; travel
G1 E+0.800 F3600 ; unretract
;infill
G1 X10.000 Y5.839 E-nan F3600
G0 X-10.000 Y-9.635 F9000 ; travel
G1 E+0.800 F3600 ; unretract
;infill
G1 X9.635 Y10.000 E-nan F3600
G0 X-10.000 Y-5.110 F9000 ; travel
G1 E+0.800 F3600 ; unretract
;infill
G1 X5.110 Y10.000 E-nan F3600
G0 X-10.000 Y-0.584 F9000 ; travel
G1 E+0.800 F3600 ; unretract
;infill
G1 X0.584 Y10.000 E-nan F3600
G0 X-10.000 Y3.941 F9000 ; travel
G1 E+0.800 F3600 ; unretract
;infill
G1 X-3.941 Y10.000 E-nan F3600
G0 X-10.000 Y8.467 F9000 ; travel
G1 E+0.800 F3600 ; unretract
;infill
G1 X-8.467 Y10.000 E-nan F3600
G0 X10.000 Y7.737 F9000 ; travel
G1 E+0.800 F3600 ; unretract
;infill
G1 X7.737 Y10.000 E-nan F3600
G0 X10.000 Y3.212 F9000 ; travel
G1 E+0.800 F3600 ; unretract
;infill
G1 X3.212 Y10.000 E-nan F3600
G0 X10.000 Y-1.314 F9000 ; travel
G1 E+0.800 F3600 ; unretract
;infill
G1 X-1.314 Y10.000 E-nan F3600
G0 X10.000 Y-5.839 F9000 ; travel
G1 E+0.800 F3600 ; unretract
;infill
G1 X-5.839 Y10.000 E-nan F3600
G0 X9.635 Y-10.000 F9000 ; travel
G1 E+0.800 F3600 ; unretract
;infill
G1 X-10.000 Y9.635 E-nan F3600
G0 X5.110 Y-10.000 F9000 ; travel
G1 E+0.800 F3600 ; unretract
;infill
G1 X-10.000 Y5.110 E-nan F3600
G0 X0.584 Y-10.000 F9000 ; travel
G1 E+0.800 F3600 ; unretract
;infill
G1 X-10.000 Y0.584 E-nan F3600
G0 X-3.941 Y-10.000 F9000 ; travel
G1 E+0.800 F3600 ; unretract
;infill
G1 X-10.000 Y-3.941 E-nan F3600
G0 X-8.467 Y-10.000 F9000 ; travel
G1 E+0.800 F3600 ; unretract
;infill
G1 X-10.000 Y-8.467 E-nan F3600
;LAYER:74 ;Z:14.80
G1 Z14.80 F9000 ; move to layer
G92 E0 ; reset extruder at layer start
G0 X-10.000 Y-10.000 F9000 ; travel
G1 E+0.800 F3600 ; unretract
;perimeter
G1 X4.800 Y-10.000 E-nan F3600
G1 X10.000 Y-10.000 E-nan F3600
G1 X10.000 Y4.800 E-nan F3600
G1 X10.000 Y10.000 E-nan F3600
G1 X4.800 Y10.000 E-nan F3600
G1 X-10.000 Y10.000 E-nan F3600
G1 X-10.000 Y4.800 E-nan F3600
G0 X-9.520 Y-9.520 F9000 ; travel
G1 E+0.800 F3600 ; unretract
;perimeter
G1 X4.800 Y-9.520 E-nan F3600
G1 X9.520 Y-9.520 E-nan F3600
G1 X9.520 Y4.800 E-nan F3600
G1 X9.520 Y9.520 E-nan F3600
G1 X4.800 Y9.520 E-nan F3600
G1 X-9.520 Y9.520 E-nan F3600
G1 X-9.520 Y4.800 E-nan F3600
G0 X7.737 Y-10.000 F9000 ; travel
G1 E+0.800 F3600 ; unretract
;infill
G1 X10.000 Y-7.737 E-nan F3600
G0 X3.212 Y-10.000 F9000 ; travel
G1 E+0.800 F3600 ; unretract
;infill
G1 X10.000 Y-3.212 E-nan F3600
G0 X-1.314 Y-10.000 F9000 ; travel
G1 E+0.800 F3600 ; unretract
;infill
G1 X10.000 Y1.314 E-nan F3600
G0 X-5.839 Y-10.000 F9000 ; travel
G1 E+0.800 F3600 ; unretract
;infill
G1 X10.000 Y5.839 E-nan F3600
G0 X-10.000 Y-9.635 F9000 ; travel
G1 E+0.800 F3600 ; unretract
;infill
G1 X9.635 Y10.000 E-nan F3600
G0 X-10.000 Y-5.110 F9000 ; travel
G1 E+0.800 F3600 ; unretract
;infill
G1 X5.110 Y10.000 E-nan F3600
G0 X-10.000 Y-0.584 F9000 ; travel
G1 E+0.800 F3600 ; unretract
;infill
G1 X0.584 Y10.000 E-nan F3600
G0 X-10.000 Y3.941 F9000 ; travel
G1 E+0.800 F3600 ; unretract
;infill
G1 X-3.941 Y10.000 E-nan F3600
G0 X-10.000 Y8.467 F9000 ; travel
G1 E+0.800 F3600 ; unretract
;infill
G1 X-8.467 Y10.000 E-nan F3600
G0 X10.000 Y7.737 F9000 ; travel
G1 E+0.800 F3600 ; unretract
;infill
G1 X7.737 Y10.000 E-nan F3600
G0 X10.000 Y3.212 F9000 ; travel
G1 E+0.800 F3600 ; unretract
;infill
G1 X3.212 Y10.000 E-nan F3600
G0 X10.000 Y-1.314 F9000 ; travel
G1 E+0.800 F3600 ; unretract
;infill
G1 X-1.314 Y10.000 E-nan F3600
G0 X10.000 Y-5.839 F9000 ; travel
G1 E+0.800 F3600 ; unretract
;infill
G1 X-5.839 Y10.000 E-nan F3600
G0 X9.635 Y-10.000 F9000 ; travel
G1 E+0.800 F3600 ; unretract
;infill
G1 X-10.000 Y9.635 E-nan F3600
G0 X5.110 Y-10.000 F9000 ; travel
G1 E+0.800 F3600 ; unretract
;infill
G1 X-10.000 Y5.110 E-nan F3600
G0 X0.584 Y-10.000 F9000 ; travel
G1 E+0.800 F3600 ; unretract
;infill
G1 X-10.000 Y0.584 E-nan F3600
G0 X-3.941 Y-10.000 F9000 ; travel
G1 E+0.800 F3600 ; unretract
;infill
G1 X-10.000 Y-3.941 E-nan F3600
G0 X-8.467 Y-10.000 F9000 ; travel
G1 E+0.800 F3600 ; unretract
;infill
G1 X-10.000 Y-8.467 E-nan F3600
;LAYER:75 ;Z:15.00
G1 Z15.00 F9000 ; move to layer
G92 E0 ; reset extruder at layer start
G0 X-10.000 Y-10.000 F9000 ; travel
G1 E+0.800 F3600 ; unretract
;perimeter
G1 X5.000 Y-10.000 E-nan F3600
G1 X10.000 Y-10.000 E-nan F3600
G1 X10.000 Y5.000 E-nan F3600
G1 X10.000 Y10.000 E-nan F3600
G1 X5.000 Y10.000 E-nan F3600
G1 X-10.000 Y10.000 E-nan F3600
G1 X-10.000 Y5.000 E-nan F3600
G0 X-9.520 Y-9.520 F9000 ; travel
G1 E+0.800 F3600 ; unretract
;perimeter
G1 X5.000 Y-9.520 E-nan F3600
G1 X9.520 Y-9.520 E-nan F3600
G1 X9.520 Y5.000 E-nan F3600
G1 X9.520 Y9.520 E-nan F3600
G1 X5.000 Y9.520 E-nan F3600
G1 X-9.520 Y9.520 E-nan F3600
G1 X-9.520 Y5.000 E-nan F3600
G0 X7.737 Y-10.000 F9000 ; travel
G1 E+0.800 F3600 ; unretract
;infill
G1 X10.000 Y-7.737 E-nan F3600
G0 X3.212 Y-10.000 F9000 ; travel
G1 E+0.800 F3600 ; unretract
;infill
G1 X10.000 Y-3.212 E-nan F3600
G0 X-1.314 Y-10.000 F9000 ; travel
G1 E+0.800 F3600 ; unretract
;infill
G1 X10.000 Y1.314 E-nan F3600
G0 X-5.839 Y-10.000 F9000 ; travel
G1 E+0.800 F3600 ; unretract
;infill
G1 X10.000 Y5.839 E-nan F3600
G0 X-10.000 Y-9.635 F9000 ; travel
G1 E+0.800 F3600 ; unretract
;infill
G1 X9.635 Y10.000 E-nan F3600
G0 X-10.000 Y-5.110 F9000 ; travel
G1 E+0.800 F3600 ; unretract
;infill
G1 X5.110 Y10.000 E-nan F3600
G0 X-10.000 Y-0.584 F9000 ; travel
G1 E+0.800 F3600 ; unretract
;infill
G1 X0.584 Y10.000 E-nan F3600
G0 X-10.000 Y3.941 F9000 ; travel
G1 E+0.800 F3600 ; unretract
;infill
G1 X-3.941 Y10.000 E-nan F3600
G0 X-10.000 Y8.467 F9000 ; travel
G1 E+0.800 F3600 ; unretract
;infill
G1 X-8.467 Y10.000 E-nan F3600
G0 X10.000 Y7.737 F9000 ; travel
G1 E+0.800 F3600 ; unretract
;infill
G1 X7.737 Y10.000 E-nan F3600
G0 X10.000 Y3.212 F9000 ; travel
G1 E+0.800 F3600 ; unretract
;infill
G1 X3.212 Y10.000 E-nan F3600
G0 X10.000 Y-1.314 F9000 ; travel
G1 E+0.800 F3600 ; unretract
;infill
G1 X-1.314 Y10.000 E-nan F3600
G0 X10.000 Y-5.839 F9000 ; travel
G1 E+0.800 F3600 ; unretract
;infill
G1 X-5.839 Y10.000 E-nan F3600
G0 X9.635 Y-10.000 F9000 ; travel
G1 E+0.800 F3600 ; unretract
;infill
G1 X-10.000 Y9.635 E-nan F3600
G0 X5.110 Y-10.000 F9000 ; travel
G1 E+0.800 F3600 ; unretract
;infill
G1 X-10.000 Y5.110 E-nan F3600
G0 X0.584 Y-10.000 F9000 ; travel
G1 E+0.800 F3600 ; unretract
;infill
G1 X-10.000 Y0.584 E-nan F3600
G0 X-3.941 Y-10.000 F9000 ; travel
G1 E+0.800 F3600 ; unretract
;infill
G1 X-10.000 Y-3.941 E-nan F3600
G0 X-8.467 Y-10.000 F9000 ; travel
G1 E+0.800 F3600 ; unretract
;infill
G1 X-10.000 Y-8.467 E-nan F3600
;LAYER:76 ;Z:15.20
G1 Z15.20 F9000 ; move to layer
G92 E0 ; reset extruder at layer start
G0 X-10.000 Y-10.000 F9000 ; travel
G1 E+0.800 F3600 ; unretract
;perimeter
G1 X5.200 Y-10.000 E-nan F3600
G1 X10.000 Y-10.000 E-nan F3600
G1 X10.000 Y5.200 E-nan F3600
G1 X10.000 Y10.000 E-nan F3600
G1 X5.200 Y10.000 E-nan F3600
G1 X-10.000 Y10.000 E-nan F3600
G1 X-10.000 Y5.200 E-nan F3600
G0 X-9.520 Y-9.520 F9000 ; travel
G1 E+0.800 F3600 ; unretract
;perimeter
G1 X5.200 Y-9.520 E-nan F3600
G1 X9.520 Y-9.520 E-nan F3600
G1 X9.520 Y5.200 E-nan F3600
G1 X9.520 Y9.520 E-nan F3600
G1 X5.200 Y9.520 E-nan F3600
G1 X-9.520 Y9.520 E-nan F3600
G1 X-9.520 Y5.200 E-nan F3600
G0 X7.737 Y-10.000 F9000 ; travel
G1 E+0.800 F3600 ; unretract
;infill
G1 X10.000 Y-7.737 E-nan F3600
G0 X3.212 Y-10.000 F9000 ; travel
G1 E+0.800 F3600 ; unretract
;infill
G1 X10.000 Y-3.212 E-nan F3600
G0 X-1.314 Y-10.000 F9000 ; travel
G1 E+0.800 F3600 ; unretract
;infill
G1 X10.000 Y1.314 E-nan F3600
G0 X-5.839 Y-10.000 F9000 ; travel
G1 E+0.800 F3600 ; unretract
;infill
G1 X10.000 Y5.839 E-nan F3600
G0 X-10.000 Y-9.635 F9000 ; travel
G1 E+0.800 F3600 ; unretract
;infill
G1 X9.635 Y10.000 E-nan F3600
G0 X-10.000 Y-5.110 F9000 ; travel
G1 E+0.800 F3600 ; unretract
;infill
G1 X5.110 Y10.000 E-nan F3600
G0 X-10.000 Y-0.584 F9000 ; travel
G1 E+0.800 F3600 ; unretract
;infill
G1 X0.584 Y10.000 E-nan F3600
G0 X-10.000 Y3.941 F9000 ; travel
G1 E+0.800 F3600 ; unretract
;infill
G1 X-3.941 Y10.000 E-nan F3600
G0 X-10.000 Y8.467 F9000 ; travel
G1 E+0.800 F3600 ; unretract
;infill
G1 X-8.467 Y10.000 E-nan F3600
G0 X10.000 Y7.737 F9000 ; travel
G1 E+0.800 F3600 ; unretract
;infill
G1 X7.737 Y10.000 E-nan F3600
G0 X10.000 Y3.212 F9000 ; travel
G1 E+0.800 F3600 ; unretract
;infill
G1 X3.212 Y10.000 E-nan F3600
G0 X10.000 Y-1.314 F9000 ; travel
G1 E+0.800 F3600 ; unretract
;infill
G1 X-1.314 Y10.000 E-nan F3600
G0 X10.000 Y-5.839 F9000 ; travel
G1 E+0.800 F3600 ; unretract
;infill
G1 X-5.839 Y10.000 E-nan F3600
G0 X9.635 Y-10.000 F9000 ; travel
G1 E+0.800 F3600 ; unretract
;infill
G1 X-10.000 Y9.635 E-nan F3600
G0 X5.110 Y-10.000 F9000 ; travel
G1 E+0.800 F3600 ; unretract
;infill
G1 X-10.000 Y5.110 E-nan F3600
G0 X0.584 Y-10.000 F9000 ; travel
G1 E+0.800 F3600 ; unretract
;infill
G1 X-10.000 Y0.584 E-nan F3600
G0 X-3.941 Y-10.000 F9000 ; travel
G1 E+0.800 F3600 ; unretract
;infill
G1 X-10.000 Y-3.941 E-nan F3600
G0 X-8.467 Y-10.000 F9000 ; travel
G1 E+0.800 F3600 ; unretract
;infill
G1 X-10.000 Y-8.467 E-nan F3600
;LAYER:77 ;Z:15.40
G1 Z15.40 F9000 ; move to layer
G92 E0 ; reset extruder at layer start
G0 X-10.000 Y-10.000 F9000 ; travel
G1 E+0.800 F3600 ; unretract
;perimeter
G1 X5.400 Y-10.000 E-nan F3600
G1 X10.000 Y-10.000 E-nan F3600
G1 X10.000 Y5.400 E-nan F3600
G1 X10.000 Y10.000 E-nan F3600
G1 X5.400 Y10.000 E-nan F3600
G1 X-10.000 Y10.000 E-nan F3600
G1 X-10.000 Y5.400 E-nan F3600
G0 X-9.520 Y-9.520 F9000 ; travel
G1 E+0.800 F3600 ; unretract
;perimeter
G1 X5.400 Y-9.520 E-nan F3600
G1 X9.520 Y-9.520 E-nan F3600
G1 X9.520 Y5.400 E-nan F3600
G1 X9.520 Y9.520 E-nan F3600
G1 X5.400 Y9.520 E-nan F3600
G1 X-9.520 Y9.520 E-nan F3600
G1 X-9.520 Y5.400 E-nan F3600
G0 X7.737 Y-10.000 F9000 ; travel
G1 E+0.800 F3600 ; unretract
;infill
G1 X10.000 Y-7.737 E-nan F3600
G0 X3.212 Y-10.000 F9000 ; travel
G1 E+0.800 F3600 ; unretract
;infill
G1 X10.000 Y-3.212 E-nan F3600
G0 X-1.314 Y-10.000 F9000 ; travel
G1 E+0.800 F3600 ; unretract
;infill
G1 X10.000 Y1.314 E-nan F3600
G0 X-5.839 Y-10.000 F9000 ; travel
G1 E+0.800 F3600 ; unretract
;infill
G1 X10.000 Y5.839 E-nan F3600
G0 X-10.000 Y-9.635 F9000 ; travel
G1 E+0.800 F3600 ; unretract
;infill
G1 X9.635 Y10.000 E-nan F3600
G0 X-10.000 Y-5.110 F9000 ; travel
G1 E+0.800 F3600 ; unretract
;infill
G1 X5.110 Y10.000 E-nan F3600
G0 X-10.000 Y-0.584 F9000 ; travel
G1 E+0.800 F3600 ; unretract
;infill
G1 X0.584 Y10.000 E-nan F3600
G0 X-10.000 Y3.941 F9000 ; travel
G1 E+0.800 F3600 ; unretract
;infill
G1 X-3.941 Y10.000 E-nan F3600
G0 X-10.000 Y8.467 F9000 ; travel
G1 E+0.800 F3600 ; unretract
;infill
G1 X-8.467 Y10.000 E-nan F3600
G0 X10.000 Y7.737 F9000 ; travel
G1 E+0.800 F3600 ; unretract
;infill
G1 X7.737 Y10.000 E-nan F3600
G0 X10.000 Y3.212 F9000 ; travel
G1 E+0.800 F3600 ; unretract
;infill
G1 X3.212 Y10.000 E-nan F3600
G0 X10.000 Y-1.314 F9000 ; travel
G1 E+0.800 F3600 ; unretract
;infill
G1 X-1.314 Y10.000 E-nan F3600
G0 X10.000 Y-5.839 F9000 ; travel
G1 E+0.800 F3600 ; unretract
;infill
G1 X-5.839 Y10.000 E-nan F3600
G0 X9.635 Y-10.000 F9000 ; travel
G1 E+0.800 F3600 ; unretract
;infill
G1 X-10.000 Y9.635 E-nan F3600
G0 X5.110 Y-10.000 F9000 ; travel
G1 E+0.800 F3600 ; unretract
;infill
G1 X-10.000 Y5.110 E-nan F3600
G0 X0.584 Y-10.000 F9000 ; travel
G1 E+0.800 F3600 ; unretract
;infill
G1 X-10.000 Y0.584 E-nan F3600
G0 X-3.941 Y-10.000 F9000 ; travel
G1 E+0.800 F3600 ; unretract
;infill
G1 X-10.000 Y-3.941 E-nan F3600
G0 X-8.467 Y-10.000 F9000 ; travel
G1 E+0.800 F3600 ; unretract
;infill
G1 X-10.000 Y-8.467 E-nan F3600
;LAYER:78 ;Z:15.60
G1 Z15.60 F9000 ; move to layer
G92 E0 ; reset extruder at layer start
G0 X-10.000 Y-10.000 F9000 ; travel
G1 E+0.800 F3600 ; unretract
;perimeter
G1 X5.600 Y-10.000 E-nan F3600
G1 X10.000 Y-10.000 E-nan F3600
G1 X10.000 Y5.600 E-nan F3600
G1 X10.000 Y10.000 E-nan F3600
G1 X5.600 Y10.000 E-nan F3600
G1 X-10.000 Y10.000 E-nan F3600
G1 X-10.000 Y5.600 E-nan F3600
G0 X-9.520 Y-9.520 F9000 ; travel
G1 E+0.800 F3600 ; unretract
;perimeter
G1 X5.600 Y-9.520 E-nan F3600
G1 X9.520 Y-9.520 E-nan F3600
G1 X9.520 Y5.600 E-nan F3600
G1 X9.520 Y9.520 E-nan F3600
G1 X5.600 Y9.520 E-nan F3600
G1 X-9.520 Y9.520 E-nan F3600
G1 X-9.520 Y5.600 E-nan F3600
G0 X7.737 Y-10.000 F9000 ; travel
G1 E+0.800 F3600 ; unretract
;infill
G1 X10.000 Y-7.737 E-nan F3600
G0 X3.212 Y-10.000 F9000 ; travel
G1 E+0.800 F3600 ; unretract
;infill
G1 X10.000 Y-3.212 E-nan F3600
G0 X-1.314 Y-10.000 F9000 ; travel
G1 E+0.800 F3600 ; unretract
;infill
G1 X10.000 Y1.314 E-nan F3600
G0 X-5.839 Y-10.000 F9000 ; travel
G1 E+0.800 F3600 ; unretract
;infill
G1 X10.000 Y5.839 E-nan F3600
G0 X-10.000 Y-9.635 F9000 ; travel
G1 E+0.800 F3600 ; unretract
;infill
G1 X9.635 Y10.000 E-nan F3600
G0 X-10.000 Y-5.110 F9000 ; travel
G1 E+0.800 F3600 ; unretract
;infill
G1 X5.110 Y10.000 E-nan F3600
G0 X-10.000 Y-0.584 F9000 ; travel
G1 E+0.800 F3600 ; unretract
;infill
G1 X0.584 Y10.000 E-nan F3600
G0 X-10.000 Y3.941 F9000 ; travel
G1 E+0.800 F3600 ; unretract
;infill
G1 X-3.941 Y10.000 E-nan F3600
G0 X-10.000 Y8.467 F9000 ; travel
G1 E+0.800 F3600 ; unretract
;infill
G1 X-8.467 Y10.000 E-nan F3600
G0 X10.000 Y7.737 F9000 ; travel
G1 E+0.800 F3600 ; unretract
;infill
G1 X7.737 Y10.000 E-nan F3600
G0 X10.000 Y3.212 F9000 ; travel
G1 E+0.800 F3600 ; unretract
;infill
G1 X3.212 Y10.000 E-nan F3600
G0 X10.000 Y-1.314 F9000 ; travel
G1 E+0.800 F3600 ; unretract
;infill
G1 X-1.314 Y10.000 E-nan F3600
G0 X10.000 Y-5.839 F9000 ; travel
G1 E+0.800 F3600 ; unretract
;infill
G1 X-5.839 Y10.000 E-nan F3600
G0 X9.635 Y-10.000 F9000 ; travel
G1 E+0.800 F3600 ; unretract
;infill
G1 X-10.000 Y9.635 E-nan F3600
G0 X5.110 Y-10.000 F9000 ; travel
G1 E+0.800 F3600 ; unretract
;infill
G1 X-10.000 Y5.110 E-nan F3600
G0 X0.584 Y-10.000 F9000 ; travel
G1 E+0.800 F3600 ; unretract
;infill
G1 X-10.000 Y0.584 E-nan F3600
G0 X-3.941 Y-10.000 F9000 ; travel
G1 E+0.800 F3600 ; unretract
;infill
G1 X-10.000 Y-3.941 E-nan F3600
G0 X-8.467 Y-10.000 F9000 ; travel
G1 E+0.800 F3600 ; unretract
;infill
G1 X-10.000 Y-8.467 E-nan F3600
;LAYER:79 ;Z:15.80
G1 Z15.80 F9000 ; move to layer
G92 E0 ; reset extruder at layer start
G0 X-10.000 Y-10.000 F9000 ; travel
G1 E+0.800 F3600 ; unretract
;perimeter
G1 X5.800 Y-10.000 E-nan F3600
G1 X10.000 Y-10.000 E-nan F3600
G1 X10.000 Y5.800 E-nan F3600
G1 X10.000 Y10.000 E-nan F3600
G1 X5.800 Y10.000 E-nan F3600
G1 X-10.000 Y10.000 E-nan F3600
G1 X-10.000 Y5.800 E-nan F3600
G0 X-9.520 Y-9.520 F9000 ; travel
G1 E+0.800 F3600 ; unretract
;perimeter
G1 X5.800 Y-9.520 E-nan F3600
G1 X9.520 Y-9.520 E-nan F3600
G1 X9.520 Y5.800 E-nan F3600
G1 X9.520 Y9.520 E-nan F3600
G1 X5.800 Y9.520 E-nan F3600
G1 X-9.520 Y9.520 E-nan F3600
G1 X-9.520 Y5.800 E-nan F3600
G0 X7.737 Y-10.000 F9000 ; travel
G1 E+0.800 F3600 ; unretract
;infill
G1 X10.000 Y-7.737 E-nan F3600
G0 X3.212 Y-10.000 F9000 ; travel
G1 E+0.800 F3600 ; unretract
;infill
G1 X10.000 Y-3.212 E-nan F3600
G0 X-1.314 Y-10.000 F9000 ; travel
G1 E+0.800 F3600 ; unretract
;infill
G1 X10.000 Y1.314 E-nan F3600
G0 X-5.839 Y-10.000 F9000 ; travel
G1 E+0.800 F3600 ; unretract
;infill
G1 X10.000 Y5.839 E-nan F3600
G0 X-10.000 Y-9.635 F9000 ; travel
G1 E+0.800 F3600 ; unretract
;infill
G1 X9.635 Y10.000 E-nan F3600
G0 X-10.000 Y-5.110 F9000 ; travel
G1 E+0.800 F3600 ; unretract
;infill
G1 X5.110 Y10.000 E-nan F3600
G0 X-10.000 Y-0.584 F9000 ; travel
G1 E+0.800 F3600 ; unretract
;infill
G1 X0.584 Y10.000 E-nan F3600
G0 X-10.000 Y3.941 F9000 ; travel
G1 E+0.800 F3600 ; unretract
;infill
G1 X-3.941 Y10.000 E-nan F3600
G0 X-10.000 Y8.467 F9000 ; travel
G1 E+0.800 F3600 ; unretract
;infill
G1 X-8.467 Y10.000 E-nan F3600
G0 X10.000 Y7.737 F9000 ; travel
G1 E+0.800 F3600 ; unretract
;infill
G1 X7.737 Y10.000 E-nan F3600
G0 X10.000 Y3.212 F9000 ; travel
G1 E+0.800 F3600 ; unretract
;infill
G1 X3.212 Y10.000 E-nan F3600
G0 X10.000 Y-1.314 F9000 ; travel
G1 E+0.800 F3600 ; unretract
;infill
G1 X-1.314 Y10.000 E-nan F3600
G0 X10.000 Y-5.839 F9000 ; travel
G1 E+0.800 F3600 ; unretract
;infill
G1 X-5.839 Y10.000 E-nan F3600
G0 X9.635 Y-10.000 F9000 ; travel
G1 E+0.800 F3600 ; unretract
;infill
G1 X-10.000 Y9.635 E-nan F3600
G0 X5.110 Y-10.000 F9000 ; travel
G1 E+0.800 F3600 ; unretract
;infill
G1 X-10.000 Y5.110 E-nan F3600
G0 X0.584 Y-10.000 F9000 ; travel
G1 E+0.800 F3600 ; unretract
;infill
G1 X-10.000 Y0.584 E-nan F3600
G0 X-3.941 Y-10.000 F9000 ; travel
G1 E+0.800 F3600 ; unretract
;infill
G1 X-10.000 Y-3.941 E-nan F3600
G0 X-8.467 Y-10.000 F9000 ; travel
G1 E+0.800 F3600 ; unretract
;infill
G1 X-10.000 Y-8.467 E-nan F3600
;LAYER:80 ;Z:16.00
G1 Z16.00 F9000 ; move to layer
G92 E0 ; reset extruder at layer start
G0 X-10.000 Y-10.000 F9000 ; travel
G1 E+0.800 F3600 ; unretract
;perimeter
G1 X6.000 Y-10.000 E-nan F3600
G1 X10.000 Y-10.000 E-nan F3600
G1 X10.000 Y6.000 E-nan F3600
G1 X10.000 Y10.000 E-nan F3600
G1 X6.000 Y10.000 E-nan F3600
G1 X-10.000 Y10.000 E-nan F3600
G1 X-10.000 Y6.000 E-nan F3600
G0 X-9.520 Y-9.520 F9000 ; travel
G1 E+0.800 F3600 ; unretract
;perimeter
G1 X6.000 Y-9.520 E-nan F3600
G1 X9.520 Y-9.520 E-nan F3600
G1 X9.520 Y6.000 E-nan F3600
G1 X9.520 Y9.520 E-nan F3600
G1 X6.000 Y9.520 E-nan F3600
G1 X-9.520 Y9.520 E-nan F3600
G1 X-9.520 Y6.000 E-nan F3600
G0 X7.737 Y-10.000 F9000 ; travel
G1 E+0.800 F3600 ; unretract
;infill
G1 X10.000 Y-7.737 E-nan F3600
G0 X3.212 Y-10.000 F9000 ; travel
G1 E+0.800 F3600 ; unretract
;infill
G1 X10.000 Y-3.212 E-nan F3600
G0 X-1.314 Y-10.000 F9000 ; travel
G1 E+0.800 F3600 ; unretract
;infill
G1 X10.000 Y1.314 E-nan F3600
G0 X-5.839 Y-10.000 F9000 ; travel
G1 E+0.800 F3600 ; unretract
;infill
G1 X10.000 Y5.839 E-nan F3600
G0 X-10.000 Y-9.635 F9000 ; travel
G1 E+0.800 F3600 ; unretract
;infill
G1 X9.635 Y10.000 E-nan F3600
G0 X-10.000 Y-5.110 F9000 ; travel
G1 E+0.800 F3600 ; unretract
;infill
G1 X5.110 Y10.000 E-nan F3600
G0 X-10.000 Y-0.584 F9000 ; travel
G1 E+0.800 F3600 ; unretract
;infill
G1 X0.584 Y10.000 E-nan F3600
G0 X-10.000 Y3.941 F9000 ; travel
G1 E+0.800 F3600 ; unretract
;infill
G1 X-3.941 Y10.000 E-nan F3600
G0 X-10.000 Y8.467 F9000 ; travel
G1 E+0.800 F3600 ; unretract
;infill
G1 X-8.467 Y10.000 E-nan F3600
G0 X10.000 Y7.737 F9000 ; travel
G1 E+0.800 F3600 ; unretract
;infill
G1 X7.737 Y10.000 E-nan F3600
G0 X10.000 Y3.212 F9000 ; travel
G1 E+0.800 F3600 ; unretract
;infill
G1 X3.212 Y10.000 E-nan F3600
G0 X10.000 Y-1.314 F9000 ; travel
G1 E+0.800 F3600 ; unretract
;infill
G1 X-1.314 Y10.000 E-nan F3600
G0 X10.000 Y-5.839 F9000 ; travel
G1 E+0.800 F3600 ; unretract
;infill
G1 X-5.839 Y10.000 E-nan F3600
G0 X9.635 Y-10.000 F9000 ; travel
G1 E+0.800 F3600 ; unretract
;infill
G1 X-10.000 Y9.635 E-nan F3600
G0 X5.110 Y-10.000 F9000 ; travel
G1 E+0.800 F3600 ; unretract
;infill
G1 X-10.000 Y5.110 E-nan F3600
G0 X0.584 Y-10.000 F9000 ; travel
G1 E+0.800 F3600 ; unretract
;infill
G1 X-10.000 Y0.584 E-nan F3600
G0 X-3.941 Y-10.000 F9000 ; travel
G1 E+0.800 F3600 ; unretract
;infill
G1 X-10.000 Y-3.941 E-nan F3600
G0 X-8.467 Y-10.000 F9000 ; travel
G1 E+0.800 F3600 ; unretract
;infill
G1 X-10.000 Y-8.467 E-nan F3600
;LAYER:81 ;Z:16.20
G1 Z16.20 F9000 ; move to layer
G92 E0 ; reset extruder at layer start
G0 X-10.000 Y-10.000 F9000 ; travel
G1 E+0.800 F3600 ; unretract
;perimeter
G1 X6.200 Y-10.000 E-nan F3600
G1 X10.000 Y-10.000 E-nan F3600
G1 X10.000 Y6.200 E-nan F3600
G1 X10.000 Y10.000 E-nan F3600
G1 X6.200 Y10.000 E-nan F3600
G1 X-10.000 Y10.000 E-nan F3600
G1 X-10.000 Y6.200 E-nan F3600
G0 X-9.520 Y-9.520 F9000 ; travel
G1 E+0.800 F3600 ; unretract
;perimeter
G1 X6.200 Y-9.520 E-nan F3600
G1 X9.520 Y-9.520 E-nan F3600
G1 X9.520 Y6.200 E-nan F3600
G1 X9.520 Y9.520 E-nan F3600
G1 X6.200 Y9.520 E-nan F3600
G1 X-9.520 Y9.520 E-nan F3600
G1 X-9.520 Y6.200 E-nan F3600
G0 X7.737 Y-10.000 F9000 ; travel
G1 E+0.800 F3600 ; unretract
;infill
G1 X10.000 Y-7.737 E-nan F3600
G0 X3.212 Y-10.000 F9000 ; travel
G1 E+0.800 F3600 ; unretract
;infill
G1 X10.000 Y-3.212 E-nan F3600
G0 X-1.314 Y-10.000 F9000 ; travel
G1 E+0.800 F3600 ; unretract
;infill
G1 X10.000 Y1.314 E-nan F3600
G0 X-5.839 Y-10.000 F9000 ; travel
G1 E+0.800 F3600 ; unretract
;infill
G1 X10.000 Y5.839 E-nan F3600
G0 X-10.000 Y-9.635 F9000 ; travel
G1 E+0.800 F3600 ; unretract
;infill
G1 X9.635 Y10.000 E-nan F3600
G0 X-10.000 Y-5.110 F9000 ; travel
G1 E+0.800 F3600 ; unretract
;infill
G1 X5.110 Y10.000 E-nan F3600
G0 X-10.000 Y-0.584 F9000 ; travel
G1 E+0.800 F3600 ; unretract
;infill
G1 X0.584 Y10.000 E-nan F3600
G0 X-10.000 Y3.941 F9000 ; travel
G1 E+0.800 F3600 ; unretract
;infill
G1 X-3.941 Y10.000 E-nan F3600
G0 X-10.000 Y8.467 F9000 ; travel
G1 E+0.800 F3600 ; unretract
;infill
G1 X-8.467 Y10.000 E-nan F3600
G0 X10.000 Y7.737 F9000 ; travel
G1 E+0.800 F3600 ; unretract
;infill
G1 X7.737 Y10.000 E-nan F3600
G0 X10.000 Y3.212 F9000 ; travel
G1 E+0.800 F3600 ; unretract
;infill
G1 X3.212 Y10.000 E-nan F3600
G0 X10.000 Y-1.314 F9000 ; travel
G1 E+0.800 F3600 ; unretract
;infill
G1 X-1.314 Y10.000 E-nan F3600
G0 X10.000 Y-5.839 F9000 ; travel
G1 E+0.800 F3600 ; unretract
;infill
G1 X-5.839 Y10.000 E-nan F3600
G0 X9.635 Y-10.000 F9000 ; travel
G1 E+0.800 F3600 ; unretract
;infill
G1 X-10.000 Y9.635 E-nan F3600
G0 X5.110 Y-10.000 F9000 ; travel
G1 E+0.800 F3600 ; unretract
;infill
G1 X-10.000 Y5.110 E-nan F3600
G0 X0.584 Y-10.000 F9000 ; travel
G1 E+0.800 F3600 ; unretract
;infill
G1 X-10.000 Y0.584 E-nan F3600
G0 X-3.941 Y-10.000 F9000 ; travel
G1 E+0.800 F3600 ; unretract
;infill
G1 X-10.000 Y-3.941 E-nan F3600
G0 X-8.467 Y-10.000 F9000 ; travel
G1 E+0.800 F3600 ; unretract
;infill
G1 X-10.000 Y-8.467 E-nan F3600
;LAYER:82 ;Z:16.40
G1 Z16.40 F9000 ; move to layer
G92 E0 ; reset extruder at layer start
G0 X-10.000 Y-10.000 F9000 ; travel
G1 E+0.800 F3600 ; unretract
;perimeter
G1 X6.400 Y-10.000 E-nan F3600
G1 X10.000 Y-10.000 E-nan F3600
G1 X10.000 Y6.400 E-nan F3600
G1 X10.000 Y10.000 E-nan F3600
G1 X6.400 Y10.000 E-nan F3600
G1 X-10.000 Y10.000 E-nan F3600
G1 X-10.000 Y6.400 E-nan F3600
G0 X-9.520 Y-9.520 F9000 ; travel
G1 E+0.800 F3600 ; unretract
;perimeter
G1 X6.400 Y-9.520 E-nan F3600
G1 X9.520 Y-9.520 E-nan F3600
G1 X9.520 Y6.400 E-nan F3600
G1 X9.520 Y9.520 E-nan F3600
G1 X6.400 Y9.520 E-nan F3600
G1 X-9.520 Y9.520 E-nan F3600
G1 X-9.520 Y6.400 E-nan F3600
G0 X7.737 Y-10.000 F9000 ; travel
G1 E+0.800 F3600 ; unretract
;infill
G1 X10.000 Y-7.737 E-nan F3600
G0 X3.212 Y-10.000 F9000 ; travel
G1 E+0.800 F3600 ; unretract
;infill
G1 X10.000 Y-3.212 E-nan F3600
G0 X-1.314 Y-10.000 F9000 ; travel
G1 E+0.800 F3600 ; unretract
;infill
G1 X10.000 Y1.314 E-nan F3600
G0 X-5.839 Y-10.000 F9000 ; travel
G1 E+0.800 F3600 ; unretract
;infill
G1 X10.000 Y5.839 E-nan F3600
G0 X-10.000 Y-9.635 F9000 ; travel
G1 E+0.800 F3600 ; unretract
;infill
G1 X9.635 Y10.000 E-nan F3600
G0 X-10.000 Y-5.110 F9000 ; travel
G1 E+0.800 F3600 ; unretract
;infill
G1 X5.110 Y10.000 E-nan F3600
G0 X-10.000 Y-0.584 F9000 ; travel
G1 E+0.800 F3600 ; unretract
;infill
G1 X0.584 Y10.000 E-nan F3600
G0 X-10.000 Y3.941 F9000 ; travel
G1 E+0.800 F3600 ; unretract
;infill
G1 X-3.941 Y10.000 E-nan F3600
G0 X-10.000 Y8.467 F9000 ; travel
G1 E+0.800 F3600 ; unretract
;infill
G1 X-8.467 Y10.000 E-nan F3600
G0 X10.000 Y7.737 F9000 ; travel
G1 E+0.800 F3600 ; unretract
;infill
G1 X7.737 Y10.000 E-nan F3600
G0 X10.000 Y3.212 F9000 ; travel
G1 E+0.800 F3600 ; unretract
;infill
G1 X3.212 Y10.000 E-nan F3600
G0 X10.000 Y-1.314 F9000 ; travel
G1 E+0.800 F3600 ; unretract
;infill
G1 X-1.314 Y10.000 E-nan F3600
G0 X10.000 Y-5.839 F9000 ; travel
G1 E+0.800 F3600 ; unretract
;infill
G1 X-5.839 Y10.000 E-nan F3600
G0 X9.635 Y-10.000 F9000 ; travel
G1 E+0.800 F3600 ; unretract
;infill
G1 X-10.000 Y9.635 E-nan F3600
G0 X5.110 Y-10.000 F9000 ; travel
G1 E+0.800 F3600 ; unretract
;infill
G1 X-10.000 Y5.110 E-nan F3600
G0 X0.584 Y-10.000 F9000 ; travel
G1 E+0.800 F3600 ; unretract
;infill
G1 X-10.000 Y0.584 E-nan F3600
G0 X-3.941 Y-10.000 F9000 ; travel
G1 E+0.800 F3600 ; unretract
;infill
G1 X-10.000 Y-3.941 E-nan F3600
G0 X-8.467 Y-10.000 F9000 ; travel
G1 E+0.800 F3600 ; unretract
;infill
G1 X-10.000 Y-8.467 E-nan F3600
;LAYER:83 ;Z:16.60
G1 Z16.60 F9000 ; move to layer
G92 E0 ; reset extruder at layer start
G0 X-10.000 Y-10.000 F9000 ; travel
G1 E+0.800 F3600 ; unretract
;perimeter
G1 X6.600 Y-10.000 E-nan F3600
G1 X10.000 Y-10.000 E-nan F3600
G1 X10.000 Y6.600 E-nan F3600
G1 X10.000 Y10.000 E-nan F3600
G1 X6.600 Y10.000 E-nan F3600
G1 X-10.000 Y10.000 E-nan F3600
G1 X-10.000 Y6.600 E-nan F3600
G0 X-9.520 Y-9.520 F9000 ; travel
G1 E+0.800 F3600 ; unretract
;perimeter
G1 X6.600 Y-9.520 E-nan F3600
G1 X9.520 Y-9.520 E-nan F3600
G1 X9.520 Y6.600 E-nan F3600
G1 X9.520 Y9.520 E-nan F3600
G1 X6.600 Y9.520 E-nan F3600
G1 X-9.520 Y9.520 E-nan F3600
G1 X-9.520 Y6.600 E-nan F3600
G0 X7.737 Y-10.000 F9000 ; travel
G1 E+0.800 F3600 ; unretract
;infill
G1 X10.000 Y-7.737 E-nan F3600
G0 X3.212 Y-10.000 F9000 ; travel
G1 E+0.800 F3600 ; unretract
;infill
G1 X10.000 Y-3.212 E-nan F3600
G0 X-1.314 Y-10.000 F9000 ; travel
G1 E+0.800 F3600 ; unretract
;infill
G1 X10.000 Y1.314 E-nan F3600
G0 X-5.839 Y-10.000 F9000 ; travel
G1 E+0.800 F3600 ; unretract
;infill
G1 X10.000 Y5.839 E-nan F3600
G0 X-10.000 Y-9.635 F9000 ; travel
G1 E+0.800 F3600 ; unretract
;infill
G1 X9.635 Y10.000 E-nan F3600
G0 X-10.000 Y-5.110 F9000 ; travel
G1 E+0.800 F3600 ; unretract
;infill
G1 X5.110 Y10.000 E-nan F3600
G0 X-10.000 Y-0.584 F9000 ; travel
G1 E+0.800 F3600 ; unretract
;infill
G1 X0.584 Y10.000 E-nan F3600
G0 X-10.000 Y3.941 F9000 ; travel
G1 E+0.800 F3600 ; unretract
;infill
G1 X-3.941 Y10.000 E-nan F3600
G0 X-10.000 Y8.467 F9000 ; travel
G1 E+0.800 F3600 ; unretract
;infill
G1 X-8.467 Y10.000 E-nan F3600
G0 X10.000 Y7.737 F9000 ; travel
G1 E+0.800 F3600 ; unretract
;infill
G1 X7.737 Y10.000 E-nan F3600
G0 X10.000 Y3.212 F9000 ; travel
G1 E+0.800 F3600 ; unretract
;infill
G1 X3.212 Y10.000 E-nan F3600
G0 X10.000 Y-1.314 F9000 ; travel
G1 E+0.800 F3600 ; unretract
;infill
G1 X-1.314 Y10.000 E-nan F3600
G0 X10.000 Y-5.839 F9000 ; travel
G1 E+0.800 F3600 ; unretract
;infill
G1 X-5.839 Y10.000 E-nan F3600
G0 X9.635 Y-10.000 F9000 ; travel
G1 E+0.800 F3600 ; unretract
;infill
G1 X-10.000 Y9.635 E-nan F3600
G0 X5.110 Y-10.000 F9000 ; travel
G1 E+0.800 F3600 ; unretract
;infill
G1 X-10.000 Y5.110 E-nan F3600
G0 X0.584 Y-10.000 F9000 ; travel
G1 E+0.800 F3600 ; unretract
;infill
G1 X-10.000 Y0.584 E-nan F3600
G0 X-3.941 Y-10.000 F9000 ; travel
G1 E+0.800 F3600 ; unretract
;infill
G1 X-10.000 Y-3.941 E-nan F3600
G0 X-8.467 Y-10.000 F9000 ; travel
G1 E+0.800 F3600 ; unretract
;infill
G1 X-10.000 Y-8.467 E-nan F3600
;LAYER:84 ;Z:16.80
G1 Z16.80 F9000 ; move to layer
G92 E0 ; reset extruder at layer start
G0 X-10.000 Y-10.000 F9000 ; travel
G1 E+0.800 F3600 ; unretract
;perimeter
G1 X6.800 Y-10.000 E-nan F3600
G1 X10.000 Y-10.000 E-nan F3600
G1 X10.000 Y6.800 E-nan F3600
G1 X10.000 Y10.000 E-nan F3600
G1 X6.800 Y10.000 E-nan F3600
G1 X-10.000 Y10.000 E-nan F3600
G1 X-10.000 Y6.800 E-nan F3600
G0 X-9.520 Y-9.520 F9000 ; travel
G1 E+0.800 F3600 ; unretract
;perimeter
G1 X6.800 Y-9.520 E-nan F3600
G1 X9.520 Y-9.520 E-nan F3600
G1 X9.520 Y6.800 E-nan F3600
G1 X9.520 Y9.520 E-nan F3600
G1 X6.800 Y9.520 E-nan F3600
G1 X-9.520 Y9.520 E-nan F3600
G1 X-9.520 Y6.800 E-nan F3600
G0 X7.737 Y-10.000 F9000 ; travel
G1 E+0.800 F3600 ; unretract
;infill
G1 X10.000 Y-7.737 E-nan F3600
G0 X3.212 Y-10.000 F9000 ; travel
G1 E+0.800 F3600 ; unretract
;infill
G1 X10.000 Y-3.212 E-nan F3600
G0 X-1.314 Y-10.000 F9000 ; travel
G1 E+0.800 F3600 ; unretract
;infill
G1 X10.000 Y1.314 E-nan F3600
G0 X-5.839 Y-10.000 F9000 ; travel
G1 E+0.800 F3600 ; unretract
;infill
G1 X10.000 Y5.839 E-nan F3600
G0 X-10.000 Y-9.635 F9000 ; travel
G1 E+0.800 F3600 ; unretract
;infill
G1 X9.635 Y10.000 E-nan F3600
G0 X-10.000 Y-5.110 F9000 ; travel
G1 E+0.800 F3600 ; unretract
;infill
G1 X5.110 Y10.000 E-nan F3600
G0 X-10.000 Y-0.584 F9000 ; travel
G1 E+0.800 F3600 ; unretract
;infill
G1 X0.584 Y10.000 E-nan F3600
G0 X-10.000 Y3.941 F9000 ; travel
G1 E+0.800 F3600 ; unretract
;infill
G1 X-3.941 Y10.000 E-nan F3600
G0 X-10.000 Y8.467 F9000 ; travel
G1 E+0.800 F3600 ; unretract
;infill
G1 X-8.467 Y10.000 E-nan F3600
G0 X10.000 Y7.737 F9000 ; travel
G1 E+0.800 F3600 ; unretract
;infill
G1 X7.737 Y10.000 E-nan F3600
G0 X10.000 Y3.212 F9000 ; travel
G1 E+0.800 F3600 ; unretract
;infill
G1 X3.212 Y10.000 E-nan F3600
G0 X10.000 Y-1.314 F9000 ; travel
G1 E+0.800 F3600 ; unretract
;infill
G1 X-1.314 Y10.000 E-nan F3600
G0 X10.000 Y-5.839 F9000 ; travel
G1 E+0.800 F3600 ; unretract
;infill
G1 X-5.839 Y10.000 E-nan F3600
G0 X9.635 Y-10.000 F9000 ; travel
G1 E+0.800 F3600 ; unretract
;infill
G1 X-10.000 Y9.635 E-nan F3600
G0 X5.110 Y-10.000 F9000 ; travel
G1 E+0.800 F3600 ; unretract
;infill
G1 X-10.000 Y5.110 E-nan F3600
G0 X0.584 Y-10.000 F9000 ; travel
G1 E+0.800 F3600 ; unretract
;infill
G1 X-10.000 Y0.584 E-nan F3600
G0 X-3.941 Y-10.000 F9000 ; travel
G1 E+0.800 F3600 ; unretract
;infill
G1 X-10.000 Y-3.941 E-nan F3600
G0 X-8.467 Y-10.000 F9000 ; travel
G1 E+0.800 F3600 ; unretract
;infill
G1 X-10.000 Y-8.467 E-nan F3600
;LAYER:85 ;Z:17.00
G1 Z17.00 F9000 ; move to layer
G92 E0 ; reset extruder at layer start
G0 X-10.000 Y-10.000 F9000 ; travel
G1 E+0.800 F3600 ; unretract
;perimeter
G1 X7.000 Y-10.000 E-nan F3600
G1 X10.000 Y-10.000 E-nan F3600
G1 X10.000 Y7.000 E-nan F3600
G1 X10.000 Y10.000 E-nan F3600
G1 X7.000 Y10.000 E-nan F3600
G1 X-10.000 Y10.000 E-nan F3600
G1 X-10.000 Y7.000 E-nan F3600
G0 X-9.520 Y-9.520 F9000 ; travel
G1 E+0.800 F3600 ; unretract
;perimeter
G1 X7.000 Y-9.520 E-nan F3600
G1 X9.520 Y-9.520 E-nan F3600
G1 X9.520 Y7.000 E-nan F3600
G1 X9.520 Y9.520 E-nan F3600
G1 X7.000 Y9.520 E-nan F3600
G1 X-9.520 Y9.520 E-nan F3600
G1 X-9.520 Y7.000 E-nan F3600
G0 X7.737 Y-10.000 F9000 ; travel
G1 E+0.800 F3600 ; unretract
;infill
G1 X10.000 Y-7.737 E-nan F3600
G0 X3.212 Y-10.000 F9000 ; travel
G1 E+0.800 F3600 ; unretract
;infill
G1 X10.000 Y-3.212 E-nan F3600
G0 X-1.314 Y-10.000 F9000 ; travel
G1 E+0.800 F3600 ; unretract
;infill
G1 X10.000 Y1.314 E-nan F3600
G0 X-5.839 Y-10.000 F9000 ; travel
G1 E+0.800 F3600 ; unretract
;infill
G1 X10.000 Y5.839 E-nan F3600
G0 X-10.000 Y-9.635 F9000 ; travel
G1 E+0.800 F3600 ; unretract
;infill
G1 X9.635 Y10.000 E-nan F3600
G0 X-10.000 Y-5.110 F9000 ; travel
G1 E+0.800 F3600 ; unretract
;infill
G1 X5.110 Y10.000 E-nan F3600
G0 X-10.000 Y-0.584 F9000 ; travel
G1 E+0.800 F3600 ; unretract
;infill
G1 X0.584 Y10.000 E-nan F3600
G0 X-10.000 Y3.941 F9000 ; travel
G1 E+0.800 F3600 ; unretract
;infill
G1 X-3.941 Y10.000 E-nan F3600
G0 X-10.000 Y8.467 F9000 ; travel
G1 E+0.800 F3600 ; unretract
;infill
G1 X-8.467 Y10.000 E-nan F3600
G0 X10.000 Y7.737 F9000 ; travel
G1 E+0.800 F3600 ; unretract
;infill
G1 X7.737 Y10.000 E-nan F3600
G0 X10.000 Y3.212 F9000 ; travel
G1 E+0.800 F3600 ; unretract
;infill
G1 X3.212 Y10.000 E-nan F3600
G0 X10.000 Y-1.314 F9000 ; travel
G1 E+0.800 F3600 ; unretract
;infill
G1 X-1.314 Y10.000 E-nan F3600
G0 X10.000 Y-5.839 F9000 ; travel
G1 E+0.800 F3600 ; unretract
;infill
G1 X-5.839 Y10.000 E-nan F3600
G0 X9.635 Y-10.000 F9000 ; travel
G1 E+0.800 F3600 ; unretract
;infill
G1 X-10.000 Y9.635 E-nan F3600
G0 X5.110 Y-10.000 F9000 ; travel
G1 E+0.800 F3600 ; unretract
;infill
G1 X-10.000 Y5.110 E-nan F3600
G0 X0.584 Y-10.000 F9000 ; travel
G1 E+0.800 F3600 ; unretract
;infill
G1 X-10.000 Y0.584 E-nan F3600
G0 X-3.941 Y-10.000 F9000 ; travel
G1 E+0.800 F3600 ; unretract
;infill
G1 X-10.000 Y-3.941 E-nan F3600
G0 X-8.467 Y-10.000 F9000 ; travel
G1 E+0.800 F3600 ; unretract
;infill
G1 X-10.000 Y-8.467 E-nan F3600
;LAYER:86 ;Z:17.20
G1 Z17.20 F9000 ; move to layer
G92 E0 ; reset extruder at layer start
G0 X-10.000 Y-10.000 F9000 ; travel
G1 E+0.800 F3600 ; unretract
;perimeter
G1 X7.200 Y-10.000 E-nan F3600
G1 X10.000 Y-10.000 E-nan F3600
G1 X10.000 Y7.200 E-nan F3600
G1 X10.000 Y10.000 E-nan F3600
G1 X7.200 Y10.000 E-nan F3600
G1 X-10.000 Y10.000 E-nan F3600
G1 X-10.000 Y7.200 E-nan F3600
G0 X-9.520 Y-9.520 F9000 ; travel
G1 E+0.800 F3600 ; unretract
;perimeter
G1 X7.200 Y-9.520 E-nan F3600
G1 X9.520 Y-9.520 E-nan F3600
G1 X9.520 Y7.200 E-nan F3600
G1 X9.520 Y9.520 E-nan F3600
G1 X7.200 Y9.520 E-nan F3600
G1 X-9.520 Y9.520 E-nan F3600
G1 X-9.520 Y7.200 E-nan F3600
G0 X7.737 Y-10.000 F9000 ; travel
G1 E+0.800 F3600 ; unretract
;infill
G1 X10.000 Y-7.737 E-nan F3600
G0 X3.212 Y-10.000 F9000 ; travel
G1 E+0.800 F3600 ; unretract
;infill
G1 X10.000 Y-3.212 E-nan F3600
G0 X-1.314 Y-10.000 F9000 ; travel
G1 E+0.800 F3600 ; unretract
;infill
G1 X10.000 Y1.314 E-nan F3600
G0 X-5.839 Y-10.000 F9000 ; travel
G1 E+0.800 F3600 ; unretract
;infill
G1 X10.000 Y5.839 E-nan F3600
G0 X-10.000 Y-9.635 F9000 ; travel
G1 E+0.800 F3600 ; unretract
;infill
G1 X9.635 Y10.000 E-nan F3600
G0 X-10.000 Y-5.110 F9000 ; travel
G1 E+0.800 F3600 ; unretract
;infill
G1 X5.110 Y10.000 E-nan F3600
G0 X-10.000 Y-0.584 F9000 ; travel
G1 E+0.800 F3600 ; unretract
;infill
G1 X0.584 Y10.000 E-nan F3600
G0 X-10.000 Y3.941 F9000 ; travel
G1 E+0.800 F3600 ; unretract
;infill
G1 X-3.941 Y10.000 E-nan F3600
G0 X-10.000 Y8.467 F9000 ; travel
G1 E+0.800 F3600 ; unretract
;infill
G1 X-8.467 Y10.000 E-nan F3600
G0 X10.000 Y7.737 F9000 ; travel
G1 E+0.800 F3600 ; unretract
;infill
G1 X7.737 Y10.000 E-nan F3600
G0 X10.000 Y3.212 F9000 ; travel
G1 E+0.800 F3600 ; unretract
;infill
G1 X3.212 Y10.000 E-nan F3600
G0 X10.000 Y-1.314 F9000 ; travel
G1 E+0.800 F3600 ; unretract
;infill
G1 X-1.314 Y10.000 E-nan F3600
G0 X10.000 Y-5.839 F9000 ; travel
G1 E+0.800 F3600 ; unretract
;infill
G1 X-5.839 Y10.000 E-nan F3600
G0 X9.635 Y-10.000 F9000 ; travel
G1 E+0.800 F3600 ; unretract
;infill
G1 X-10.000 Y9.635 E-nan F3600
G0 X5.110 Y-10.000 F9000 ; travel
G1 E+0.800 F3600 ; unretract
;infill
G1 X-10.000 Y5.110 E-nan F3600
G0 X0.584 Y-10.000 F9000 ; travel
G1 E+0.800 F3600 ; unretract
;infill
G1 X-10.000 Y0.584 E-nan F3600
G0 X-3.941 Y-10.000 F9000 ; travel
G1 E+0.800 F3600 ; unretract
;infill
G1 X-10.000 Y-3.941 E-nan F3600
G0 X-8.467 Y-10.000 F9000 ; travel
G1 E+0.800 F3600 ; unretract
;infill
G1 X-10.000 Y-8.467 E-nan F3600
;LAYER:87 ;Z:17.40
G1 Z17.40 F9000 ; move to layer
G92 E0 ; reset extruder at layer start
G0 X-10.000 Y-10.000 F9000 ; travel
G1 E+0.800 F3600 ; unretract
;perimeter
G1 X7.400 Y-10.000 E-nan F3600
G1 X10.000 Y-10.000 E-nan F3600
G1 X10.000 Y7.400 E-nan F3600
G1 X10.000 Y10.000 E-nan F3600
G1 X7.400 Y10.000 E-nan F3600
G1 X-10.000 Y10.000 E-nan F3600
G1 X-10.000 Y7.400 E-nan F3600
G0 X-9.520 Y-9.520 F9000 ; travel
G1 E+0.800 F3600 ; unretract
;perimeter
G1 X7.400 Y-9.520 E-nan F3600
G1 X9.520 Y-9.520 E-nan F3600
G1 X9.520 Y7.400 E-nan F3600
G1 X9.520 Y9.520 E-nan F3600
G1 X7.400 Y9.520 E-nan F3600
G1 X-9.520 Y9.520 E-nan F3600
G1 X-9.520 Y7.400 E-nan F3600
G0 X7.737 Y-10.000 F9000 ; travel
G1 E+0.800 F3600 ; unretract
;infill
G1 X10.000 Y-7.737 E-nan F3600
G0 X3.212 Y-10.000 F9000 ; travel
G1 E+0.800 F3600 ; unretract
;infill
G1 X10.000 Y-3.212 E-nan F3600
G0 X-1.314 Y-10.000 F9000 ; travel
G1 E+0.800 F3600 ; unretract
;infill
G1 X10.000 Y1.314 E-nan F3600
G0 X-5.839 Y-10.000 F9000 ; travel
G1 E+0.800 F3600 ; unretract
;infill
G1 X10.000 Y5.839 E-nan F3600
G0 X-10.000 Y-9.635 F9000 ; travel
G1 E+0.800 F3600 ; unretract
;infill
G1 X9.635 Y10.000 E-nan F3600
G0 X-10.000 Y-5.110 F9000 ; travel
G1 E+0.800 F3600 ; unretract
;infill
G1 X5.110 Y10.000 E-nan F3600
G0 X-10.000 Y-0.584 F9000 ; travel
G1 E+0.800 F3600 ; unretract
;infill
G1 X0.584 Y10.000 E-nan F3600
G0 X-10.000 Y3.941 F9000 ; travel
G1 E+0.800 F3600 ; unretract
;infill
G1 X-3.941 Y10.000 E-nan F3600
G0 X-10.000 Y8.467 F9000 ; travel
G1 E+0.800 F3600 ; unretract
;infill
G1 X-8.467 Y10.000 E-nan F3600
G0 X10.000 Y7.737 F9000 ; travel
G1 E+0.800 F3600 ; unretract
;infill
G1 X7.737 Y10.000 E-nan F3600
G0 X10.000 Y3.212 F9000 ; travel
G1 E+0.800 F3600 ; unretract
;infill
G1 X3.212 Y10.000 E-nan F3600
G0 X10.000 Y-1.314 F9000 ; travel
G1 E+0.800 F3600 ; unretract
;infill
G1 X-1.314 Y10.000 E-nan F3600
G0 X10.000 Y-5.839 F9000 ; travel
G1 E+0.800 F3600 ; unretract
;infill
G1 X-5.839 Y10.000 E-nan F3600
G0 X9.635 Y-10.000 F9000 ; travel
G1 E+0.800 F3600 ; unretract
;infill
G1 X-10.000 Y9.635 E-nan F3600
G0 X5.110 Y-10.000 F9000 ; travel
G1 E+0.800 F3600 ; unretract
;infill
G1 X-10.000 Y5.110 E-nan F3600
G0 X0.584 Y-10.000 F9000 ; travel
G1 E+0.800 F3600 ; unretract
;infill
G1 X-10.000 Y0.584 E-nan F3600
G0 X-3.941 Y-10.000 F9000 ; travel
G1 E+0.800 F3600 ; unretract
;infill
G1 X-10.000 Y-3.941 E-nan F3600
G0 X-8.467 Y-10.000 F9000 ; travel
G1 E+0.800 F3600 ; unretract
;infill
G1 X-10.000 Y-8.467 E-nan F3600
;LAYER:88 ;Z:17.60
G1 Z17.60 F9000 ; move to layer
G92 E0 ; reset extruder at layer start
G0 X-10.000 Y-10.000 F9000 ; travel
G1 E+0.800 F3600 ; unretract
;perimeter
G1 X7.600 Y-10.000 E-nan F3600
G1 X10.000 Y-10.000 E-nan F3600
G1 X10.000 Y7.600 E-nan F3600
G1 X10.000 Y10.000 E-nan F3600
G1 X7.600 Y10.000 E-nan F3600
G1 X-10.000 Y10.000 E-nan F3600
G1 X-10.000 Y7.600 E-nan F3600
G0 X-9.520 Y-9.520 F9000 ; travel
G1 E+0.800 F3600 ; unretract
;perimeter
G1 X7.600 Y-9.520 E-nan F3600
G1 X9.520 Y-9.520 E-nan F3600
G1 X9.520 Y7.600 E-nan F3600
G1 X9.520 Y9.520 E-nan F3600
G1 X7.600 Y9.520 E-nan F3600
G1 X-9.520 Y9.520 E-nan F3600
G1 X-9.520 Y7.600 E-nan F3600
G0 X7.737 Y-10.000 F9000 ; travel
G1 E+0.800 F3600 ; unretract
;infill
G1 X10.000 Y-7.737 E-nan F3600
G0 X3.212 Y-10.000 F9000 ; travel
G1 E+0.800 F3600 ; unretract
;infill
G1 X10.000 Y-3.212 E-nan F3600
G0 X-1.314 Y-10.000 F9000 ; travel
G1 E+0.800 F3600 ; unretract
;infill
G1 X10.000 Y1.314 E-nan F3600
G0 X-5.839 Y-10.000 F9000 ; travel
G1 E+0.800 F3600 ; unretract
;infill
G1 X10.000 Y5.839 E-nan F3600
G0 X-10.000 Y-9.635 F9000 ; travel
G1 E+0.800 F3600 ; unretract
;infill
G1 X9.635 Y10.000 E-nan F3600
G0 X-10.000 Y-5.110 F9000 ; travel
G1 E+0.800 F3600 ; unretract
;infill
G1 X5.110 Y10.000 E-nan F3600
G0 X-10.000 Y-0.584 F9000 ; travel
G1 E+0.800 F3600 ; unretract
;infill
G1 X0.584 Y10.000 E-nan F3600
G0 X-10.000 Y3.941 F9000 ; travel
G1 E+0.800 F3600 ; unretract
;infill
G1 X-3.941 Y10.000 E-nan F3600
G0 X-10.000 Y8.467 F9000 ; travel
G1 E+0.800 F3600 ; unretract
;infill
G1 X-8.467 Y10.000 E-nan F3600
G0 X10.000 Y7.737 F9000 ; travel
G1 E+0.800 F3600 ; unretract
;infill
G1 X7.737 Y10.000 E-nan F3600
G0 X10.000 Y3.212 F9000 ; travel
G1 E+0.800 F3600 ; unretract
;infill
G1 X3.212 Y10.000 E-nan F3600
G0 X10.000 Y-1.314 F9000 ; travel
G1 E+0.800 F3600 ; unretract
;infill
G1 X-1.314 Y10.000 E-nan F3600
G0 X10.000 Y-5.839 F9000 ; travel
G1 E+0.800 F3600 ; unretract
;infill
G1 X-5.839 Y10.000 E-nan F3600
G0 X9.635 Y-10.000 F9000 ; travel
G1 E+0.800 F3600 ; unretract
;infill
G1 X-10.000 Y9.635 E-nan F3600
G0 X5.110 Y-10.000 F9000 ; travel
G1 E+0.800 F3600 ; unretract
;infill
G1 X-10.000 Y5.110 E-nan F3600
G0 X0.584 Y-10.000 F9000 ; travel
G1 E+0.800 F3600 ; unretract
;infill
G1 X-10.000 Y0.584 E-nan F3600
G0 X-3.941 Y-10.000 F9000 ; travel
G1 E+0.800 F3600 ; unretract
;infill
G1 X-10.000 Y-3.941 E-nan F3600
G0 X-8.467 Y-10.000 F9000 ; travel
G1 E+0.800 F3600 ; unretract
;infill
G1 X-10.000 Y-8.467 E-nan F3600
;LAYER:89 ;Z:17.80
G1 Z17.80 F9000 ; move to layer
G92 E0 ; reset extruder at layer start
G0 X-10.000 Y-10.000 F9000 ; travel
G1 E+0.800 F3600 ; unretract
;perimeter
G1 X7.800 Y-10.000 E-nan F3600
G1 X10.000 Y-10.000 E-nan F3600
G1 X10.000 Y7.800 E-nan F3600
G1 X10.000 Y10.000 E-nan F3600
G1 X7.800 Y10.000 E-nan F3600
G1 X-10.000 Y10.000 E-nan F3600
G1 X-10.000 Y7.800 E-nan F3600
G0 X-9.520 Y-9.520 F9000 ; travel
G1 E+0.800 F3600 ; unretract
;perimeter
G1 X7.800 Y-9.520 E-nan F3600
G1 X9.520 Y-9.520 E-nan F3600
G1 X9.520 Y7.800 E-nan F3600
G1 X9.520 Y9.520 E-nan F3600
G1 X7.800 Y9.520 E-nan F3600
G1 X-9.520 Y9.520 E-nan F3600
G1 X-9.520 Y7.800 E-nan F3600
G0 X7.737 Y-10.000 F9000 ; travel
G1 E+0.800 F3600 ; unretract
;infill
G1 X10.000 Y-7.737 E-nan F3600
G0 X3.212 Y-10.000 F9000 ; travel
G1 E+0.800 F3600 ; unretract
;infill
G1 X10.000 Y-3.212 E-nan F3600
G0 X-1.314 Y-10.000 F9000 ; travel
G1 E+0.800 F3600 ; unretract
;infill
G1 X10.000 Y1.314 E-nan F3600
G0 X-5.839 Y-10.000 F9000 ; travel
G1 E+0.800 F3600 ; unretract
;infill
G1 X10.000 Y5.839 E-nan F3600
G0 X-10.000 Y-9.635 F9000 ; travel
G1 E+0.800 F3600 ; unretract
;infill
G1 X9.635 Y10.000 E-nan F3600
G0 X-10.000 Y-5.110 F9000 ; travel
G1 E+0.800 F3600 ; unretract
;infill
G1 X5.110 Y10.000 E-nan F3600
G0 X-10.000 Y-0.584 F9000 ; travel
G1 E+0.800 F3600 ; unretract
;infill
G1 X0.584 Y10.000 E-nan F3600
G0 X-10.000 Y3.941 F9000 ; travel
G1 E+0.800 F3600 ; unretract
;infill
G1 X-3.941 Y10.000 E-nan F3600
G0 X-10.000 Y8.467 F9000 ; travel
G1 E+0.800 F3600 ; unretract
;infill
G1 X-8.467 Y10.000 E-nan F3600
G0 X10.000 Y7.737 F9000 ; travel
G1 E+0.800 F3600 ; unretract
;infill
G1 X7.737 Y10.000 E-nan F3600
G0 X10.000 Y3.212 F9000 ; travel
G1 E+0.800 F3600 ; unretract
;infill
G1 X3.212 Y10.000 E-nan F3600
G0 X10.000 Y-1.314 F9000 ; travel
G1 E+0.800 F3600 ; unretract
;infill
G1 X-1.314 Y10.000 E-nan F3600
G0 X10.000 Y-5.839 F9000 ; travel
G1 E+0.800 F3600 ; unretract
;infill
G1 X-5.839 Y10.000 E-nan F3600
G0 X9.635 Y-10.000 F9000 ; travel
G1 E+0.800 F3600 ; unretract
;infill
G1 X-10.000 Y9.635 E-nan F3600
G0 X5.110 Y-10.000 F9000 ; travel
G1 E+0.800 F3600 ; unretract
;infill
G1 X-10.000 Y5.110 E-nan F3600
G0 X0.584 Y-10.000 F9000 ; travel
G1 E+0.800 F3600 ; unretract
;infill
G1 X-10.000 Y0.584 E-nan F3600
G0 X-3.941 Y-10.000 F9000 ; travel
G1 E+0.800 F3600 ; unretract
;infill
G1 X-10.000 Y-3.941 E-nan F3600
G0 X-8.467 Y-10.000 F9000 ; travel
G1 E+0.800 F3600 ; unretract
;infill
G1 X-10.000 Y-8.467 E-nan F3600
;LAYER:90 ;Z:18.00
G1 Z18.00 F9000 ; move to layer
G92 E0 ; reset extruder at layer start
G0 X-10.000 Y-10.000 F9000 ; travel
G1 E+0.800 F3600 ; unretract
;perimeter
G1 X8.000 Y-10.000 E-nan F3600
G1 X10.000 Y-10.000 E-nan F3600
G1 X10.000 Y8.000 E-nan F3600
G1 X10.000 Y10.000 E-nan F3600
G1 X8.000 Y10.000 E-nan F3600
G1 X-10.000 Y10.000 E-nan F3600
G1 X-10.000 Y8.000 E-nan F3600
G0 X-9.520 Y-9.520 F9000 ; travel
G1 E+0.800 F3600 ; unretract
;perimeter
G1 X8.000 Y-9.520 E-nan F3600
G1 X9.520 Y-9.520 E-nan F3600
G1 X9.520 Y8.000 E-nan F3600
G1 X9.520 Y9.520 E-nan F3600
G1 X8.000 Y9.520 E-nan F3600
G1 X-9.520 Y9.520 E-nan F3600
G1 X-9.520 Y8.000 E-nan F3600
G0 X7.737 Y-10.000 F9000 ; travel
G1 E+0.800 F3600 ; unretract
;infill
G1 X10.000 Y-7.737 E-nan F3600
G0 X3.212 Y-10.000 F9000 ; travel
G1 E+0.800 F3600 ; unretract
;infill
G1 X10.000 Y-3.212 E-nan F3600
G0 X-1.314 Y-10.000 F9000 ; travel
G1 E+0.800 F3600 ; unretract
;infill
G1 X10.000 Y1.314 E-nan F3600
G0 X-5.839 Y-10.000 F9000 ; travel
G1 E+0.800 F3600 ; unretract
;infill
G1 X10.000 Y5.839 E-nan F3600
G0 X-10.000 Y-9.635 F9000 ; travel
G1 E+0.800 F3600 ; unretract
;infill
G1 X9.635 Y10.000 E-nan F3600
G0 X-10.000 Y-5.110 F9000 ; travel
G1 E+0.800 F3600 ; unretract
;infill
G1 X5.110 Y10.000 E-nan F3600
G0 X-10.000 Y-0.584 F9000 ; travel
G1 E+0.800 F3600 ; unretract
;infill
G1 X0.584 Y10.000 E-nan F3600
G0 X-10.000 Y3.941 F9000 ; travel
G1 E+0.800 F3600 ; unretract
;infill
G1 X-3.941 Y10.000 E-nan F3600
G0 X-10.000 Y8.467 F9000 ; travel
G1 E+0.800 F3600 ; unretract
;infill
G1 X-8.467 Y10.000 E-nan F3600
G0 X10.000 Y7.737 F9000 ; travel
G1 E+0.800 F3600 ; unretract
;infill
G1 X7.737 Y10.000 E-nan F3600
G0 X10.000 Y3.212 F9000 ; travel
G1 E+0.800 F3600 ; unretract
;infill
G1 X3.212 Y10.000 E-nan F3600
G0 X10.000 Y-1.314 F9000 ; travel
G1 E+0.800 F3600 ; unretract
;infill
G1 X-1.314 Y10.000 E-nan F3600
G0 X10.000 Y-5.839 F9000 ; travel
G1 E+0.800 F3600 ; unretract
;infill
G1 X-5.839 Y10.000 E-nan F3600
G0 X9.635 Y-10.000 F9000 ; travel
G1 E+0.800 F3600 ; unretract
;infill
G1 X-10.000 Y9.635 E-nan F3600
G0 X5.110 Y-10.000 F9000 ; travel
G1 E+0.800 F3600 ; unretract
;infill
G1 X-10.000 Y5.110 E-nan F3600
G0 X0.584 Y-10.000 F9000 ; travel
G1 E+0.800 F3600 ; unretract
;infill
G1 X-10.000 Y0.584 E-nan F3600
G0 X-3.941 Y-10.000 F9000 ; travel
G1 E+0.800 F3600 ; unretract
;infill
G1 X-10.000 Y-3.941 E-nan F3600
G0 X-8.467 Y-10.000 F9000 ; travel
G1 E+0.800 F3600 ; unretract
;infill
G1 X-10.000 Y-8.467 E-nan F3600
;LAYER:91 ;Z:18.20
G1 Z18.20 F9000 ; move to layer
G92 E0 ; reset extruder at layer start
G0 X-10.000 Y-10.000 F9000 ; travel
G1 E+0.800 F3600 ; unretract
;perimeter
G1 X8.200 Y-10.000 E-nan F3600
G1 X10.000 Y-10.000 E-nan F3600
G1 X10.000 Y8.200 E-nan F3600
G1 X10.000 Y10.000 E-nan F3600
G1 X8.200 Y10.000 E-nan F3600
G1 X-10.000 Y10.000 E-nan F3600
G1 X-10.000 Y8.200 E-nan F3600
G0 X-9.520 Y-9.520 F9000 ; travel
G1 E+0.800 F3600 ; unretract
;perimeter
G1 X8.200 Y-9.520 E-nan F3600
G1 X9.520 Y-9.520 E-nan F3600
G1 X9.520 Y8.200 E-nan F3600
G1 X9.520 Y9.520 E-nan F3600
G1 X8.200 Y9.520 E-nan F3600
G1 X-9.520 Y9.520 E-nan F3600
G1 X-9.520 Y8.200 E-nan F3600
G0 X7.737 Y-10.000 F9000 ; travel
G1 E+0.800 F3600 ; unretract
;infill
G1 X10.000 Y-7.737 E-nan F3600
G0 X3.212 Y-10.000 F9000 ; travel
G1 E+0.800 F3600 ; unretract
;infill
G1 X10.000 Y-3.212 E-nan F3600
G0 X-1.314 Y-10.000 F9000 ; travel
G1 E+0.800 F3600 ; unretract
;infill
G1 X10.000 Y1.314 E-nan F3600
G0 X-5.839 Y-10.000 F9000 ; travel
G1 E+0.800 F3600 ; unretract
;infill
G1 X10.000 Y5.839 E-nan F3600
G0 X-10.000 Y-9.635 F9000 ; travel
G1 E+0.800 F3600 ; unretract
;infill
G1 X9.635 Y10.000 E-nan F3600
G0 X-10.000 Y-5.110 F9000 ; travel
G1 E+0.800 F3600 ; unretract
;infill
G1 X5.110 Y10.000 E-nan F3600
G0 X-10.000 Y-0.584 F9000 ; travel
G1 E+0.800 F3600 ; unretract
;infill
G1 X0.584 Y10.000 E-nan F3600
G0 X-10.000 Y3.941 F9000 ; travel
G1 E+0.800 F3600 ; unretract
;infill
G1 X-3.941 Y10.000 E-nan F3600
G0 X-10.000 Y8.467 F9000 ; travel
G1 E+0.800 F3600 ; unretract
;infill
G1 X-8.467 Y10.000 E-nan F3600
G0 X10.000 Y7.737 F9000 ; travel
G1 E+0.800 F3600 ; unretract
;infill
G1 X7.737 Y10.000 E-nan F3600
G0 X10.000 Y3.212 F9000 ; travel
G1 E+0.800 F3600 ; unretract
;infill
G1 X3.212 Y10.000 E-nan F3600
G0 X10.000 Y-1.314 F9000 ; travel
G1 E+0.800 F3600 ; unretract
;infill
G1 X-1.314 Y10.000 E-nan F3600
G0 X10.000 Y-5.839 F9000 ; travel
G1 E+0.800 F3600 ; unretract
;infill
G1 X-5.839 Y10.000 E-nan F3600
G0 X9.635 Y-10.000 F9000 ; travel
G1 E+0.800 F3600 ; unretract
;infill
G1 X-10.000 Y9.635 E-nan F3600
G0 X5.110 Y-10.000 F9000 ; travel
G1 E+0.800 F3600 ; unretract
;infill
G1 X-10.000 Y5.110 E-nan F3600
G0 X0.584 Y-10.000 F9000 ; travel
G1 E+0.800 F3600 ; unretract
;infill
G1 X-10.000 Y0.584 E-nan F3600
G0 X-3.941 Y-10.000 F9000 ; travel
G1 E+0.800 F3600 ; unretract
;infill
G1 X-10.000 Y-3.941 E-nan F3600
G0 X-8.467 Y-10.000 F9000 ; travel
G1 E+0.800 F3600 ; unretract
;infill
G1 X-10.000 Y-8.467 E-nan F3600
;LAYER:92 ;Z:18.40
G1 Z18.40 F9000 ; move to layer
G92 E0 ; reset extruder at layer start
G0 X-10.000 Y-10.000 F9000 ; travel
G1 E+0.800 F3600 ; unretract
;perimeter
G1 X8.400 Y-10.000 E-nan F3600
G1 X10.000 Y-10.000 E-nan F3600
G1 X10.000 Y8.400 E-nan F3600
G1 X10.000 Y10.000 E-nan F3600
G1 X8.400 Y10.000 E-nan F3600
G1 X-10.000 Y10.000 E-nan F3600
G1 X-10.000 Y8.400 E-nan F3600
G0 X-9.520 Y-9.520 F9000 ; travel
G1 E+0.800 F3600 ; unretract
;perimeter
G1 X8.400 Y-9.520 E-nan F3600
G1 X9.520 Y-9.520 E-nan F3600
G1 X9.520 Y8.400 E-nan F3600
G1 X9.520 Y9.520 E-nan F3600
G1 X8.400 Y9.520 E-nan F3600
G1 X-9.520 Y9.520 E-nan F3600
G1 X-9.520 Y8.400 E-nan F3600
G0 X7.737 Y-10.000 F9000 ; travel
G1 E+0.800 F3600 ; unretract
;infill
G1 X10.000 Y-7.737 E-nan F3600
G0 X3.212 Y-10.000 F9000 ; travel
G1 E+0.800 F3600 ; unretract
;infill
G1 X10.000 Y-3.212 E-nan F3600
G0 X-1.314 Y-10.000 F9000 ; travel
G1 E+0.800 F3600 ; unretract
;infill
G1 X10.000 Y1.314 E-nan F3600
G0 X-5.839 Y-10.000 F9000 ; travel
G1 E+0.800 F3600 ; unretract
;infill
G1 X10.000 Y5.839 E-nan F3600
G0 X-10.000 Y-9.635 F9000 ; travel
G1 E+0.800 F3600 ; unretract
;infill
G1 X9.635 Y10.000 E-nan F3600
G0 X-10.000 Y-5.110 F9000 ; travel
G1 E+0.800 F3600 ; unretract
;infill
G1 X5.110 Y10.000 E-nan F3600
G0 X-10.000 Y-0.584 F9000 ; travel
G1 E+0.800 F3600 ; unretract
;infill
G1 X0.584 Y10.000 E-nan F3600
G0 X-10.000 Y3.941 F9000 ; travel
G1 E+0.800 F3600 ; unretract
;infill
G1 X-3.941 Y10.000 E-nan F3600
G0 X-10.000 Y8.467 F9000 ; travel
G1 E+0.800 F3600 ; unretract
;infill
G1 X-8.467 Y10.000 E-nan F3600
G0 X10.000 Y7.737 F9000 ; travel
G1 E+0.800 F3600 ; unretract
;infill
G1 X7.737 Y10.000 E-nan F3600
G0 X10.000 Y3.212 F9000 ; travel
G1 E+0.800 F3600 ; unretract
;infill
G1 X3.212 Y10.000 E-nan F3600
G0 X10.000 Y-1.314 F9000 ; travel
G1 E+0.800 F3600 ; unretract
;infill
G1 X-1.314 Y10.000 E-nan F3600
G0 X10.000 Y-5.839 F9000 ; travel
G1 E+0.800 F3600 ; unretract
;infill
G1 X-5.839 Y10.000 E-nan F3600
G0 X9.635 Y-10.000 F9000 ; travel
G1 E+0.800 F3600 ; unretract
;infill
G1 X-10.000 Y9.635 E-nan F3600
G0 X5.110 Y-10.000 F9000 ; travel
G1 E+0.800 F3600 ; unretract
;infill
G1 X-10.000 Y5.110 E-nan F3600
G0 X0.584 Y-10.000 F9000 ; travel
G1 E+0.800 F3600 ; unretract
;infill
G1 X-10.000 Y0.584 E-nan F3600
G0 X-3.941 Y-10.000 F9000 ; travel
G1 E+0.800 F3600 ; unretract
;infill
G1 X-10.000 Y-3.941 E-nan F3600
G0 X-8.467 Y-10.000 F9000 ; travel
G1 E+0.800 F3600 ; unretract
;infill
G1 X-10.000 Y-8.467 E-nan F3600
;LAYER:93 ;Z:18.60
G1 Z18.60 F9000 ; move to layer
G92 E0 ; reset extruder at layer start
G0 X-10.000 Y-10.000 F9000 ; travel
G1 E+0.800 F3600 ; unretract
;perimeter
G1 X8.600 Y-10.000 E-nan F3600
G1 X10.000 Y-10.000 E-nan F3600
G1 X10.000 Y8.600 E-nan F3600
G1 X10.000 Y10.000 E-nan F3600
G1 X8.600 Y10.000 E-nan F3600
G1 X-10.000 Y10.000 E-nan F3600
G1 X-10.000 Y8.600 E-nan F3600
G0 X-9.520 Y-9.520 F9000 ; travel
G1 E+0.800 F3600 ; unretract
;perimeter
G1 X8.600 Y-9.520 E-nan F3600
G1 X9.520 Y-9.520 E-nan F3600
G1 X9.520 Y8.600 E-nan F3600
G1 X9.520 Y9.520 E-nan F3600
G1 X8.600 Y9.520 E-nan F3600
G1 X-9.520 Y9.520 E-nan F3600
G1 X-9.520 Y8.600 E-nan F3600
G0 X7.737 Y-10.000 F9000 ; travel
G1 E+0.800 F3600 ; unretract
;infill
G1 X10.000 Y-7.737 E-nan F3600
G0 X3.212 Y-10.000 F9000 ; travel
G1 E+0.800 F3600 ; unretract
;infill
G1 X10.000 Y-3.212 E-nan F3600
G0 X-1.314 Y-10.000 F9000 ; travel
G1 E+0.800 F3600 ; unretract
;infill
G1 X10.000 Y1.314 E-nan F3600
G0 X-5.839 Y-10.000 F9000 ; travel
G1 E+0.800 F3600 ; unretract
;infill
G1 X10.000 Y5.839 E-nan F3600
G0 X-10.000 Y-9.635 F9000 ; travel
G1 E+0.800 F3600 ; unretract
;infill
G1 X9.635 Y10.000 E-nan F3600
G0 X-10.000 Y-5.110 F9000 ; travel
G1 E+0.800 F3600 ; unretract
;infill
G1 X5.110 Y10.000 E-nan F3600
G0 X-10.000 Y-0.584 F9000 ; travel
G1 E+0.800 F3600 ; unretract
;infill
G1 X0.584 Y10.000 E-nan F3600
G0 X-10.000 Y3.941 F9000 ; travel
G1 E+0.800 F3600 ; unretract
;infill
G1 X-3.941 Y10.000 E-nan F3600
G0 X-10.000 Y8.467 F9000 ; travel
G1 E+0.800 F3600 ; unretract
;infill
G1 X-8.467 Y10.000 E-nan F3600
G0 X10.000 Y7.737 F9000 ; travel
G1 E+0.800 F3600 ; unretract
;infill
G1 X7.737 Y10.000 E-nan F3600
G0 X10.000 Y3.212 F9000 ; travel
G1 E+0.800 F3600 ; unretract
;infill
G1 X3.212 Y10.000 E-nan F3600
G0 X10.000 Y-1.314 F9000 ; travel
G1 E+0.800 F3600 ; unretract
;infill
G1 X-1.314 Y10.000 E-nan F3600
G0 X10.000 Y-5.839 F9000 ; travel
G1 E+0.800 F3600 ; unretract
;infill
G1 X-5.839 Y10.000 E-nan F3600
G0 X9.635 Y-10.000 F9000 ; travel
G1 E+0.800 F3600 ; unretract
;infill
G1 X-10.000 Y9.635 E-nan F3600
G0 X5.110 Y-10.000 F9000 ; travel
G1 E+0.800 F3600 ; unretract
;infill
G1 X-10.000 Y5.110 E-nan F3600
G0 X0.584 Y-10.000 F9000 ; travel
G1 E+0.800 F3600 ; unretract
;infill
G1 X-10.000 Y0.584 E-nan F3600
G0 X-3.941 Y-10.000 F9000 ; travel
G1 E+0.800 F3600 ; unretract
;infill
G1 X-10.000 Y-3.941 E-nan F3600
G0 X-8.467 Y-10.000 F9000 ; travel
G1 E+0.800 F3600 ; unretract
;infill
G1 X-10.000 Y-8.467 E-nan F3600
;LAYER:94 ;Z:18.80
G1 Z18.80 F9000 ; move to layer
G92 E0 ; reset extruder at layer start
G0 X-10.000 Y-10.000 F9000 ; travel
G1 E+0.800 F3600 ; unretract
;perimeter
G1 X8.800 Y-10.000 E-nan F3600
G1 X10.000 Y-10.000 E-nan F3600
G1 X10.000 Y8.800 E-nan F3600
G1 X10.000 Y10.000 E-nan F3600
G1 X8.800 Y10.000 E-nan F3600
G1 X-10.000 Y10.000 E-nan F3600
G1 X-10.000 Y8.800 E-nan F3600
G0 X-9.520 Y-9.520 F9000 ; travel
G1 E+0.800 F3600 ; unretract
;perimeter
G1 X8.800 Y-9.520 E-nan F3600
G1 X9.520 Y-9.520 E-nan F3600
G1 X9.520 Y8.800 E-nan F3600
G1 X9.520 Y9.520 E-nan F3600
G1 X8.800 Y9.520 E-nan F3600
G1 X-9.520 Y9.520 E-nan F3600
G1 X-9.520 Y8.800 E-nan F3600
G0 X7.737 Y-10.000 F9000 ; travel
G1 E+0.800 F3600 ; unretract
;infill
G1 X10.000 Y-7.737 E-nan F3600
G0 X3.212 Y-10.000 F9000 ; travel
G1 E+0.800 F3600 ; unretract
;infill
G1 X10.000 Y-3.212 E-nan F3600
G0 X-1.314 Y-10.000 F9000 ; travel
G1 E+0.800 F3600 ; unretract
;infill
G1 X10.000 Y1.314 E-nan F3600
G0 X-5.839 Y-10.000 F9000 ; travel
G1 E+0.800 F3600 ; unretract
;infill
G1 X10.000 Y5.839 E-nan F3600
G0 X-10.000 Y-9.635 F9000 ; travel
G1 E+0.800 F3600 ; unretract
;infill
G1 X9.635 Y10.000 E-nan F3600
G0 X-10.000 Y-5.110 F9000 ; travel
G1 E+0.800 F3600 ; unretract
;infill
G1 X5.110 Y10.000 E-nan F3600
G0 X-10.000 Y-0.584 F9000 ; travel
G1 E+0.800 F3600 ; unretract
;infill
G1 X0.584 Y10.000 E-nan F3600
G0 X-10.000 Y3.941 F9000 ; travel
G1 E+0.800 F3600 ; unretract
;infill
G1 X-3.941 Y10.000 E-nan F3600
G0 X-10.000 Y8.467 F9000 ; travel
G1 E+0.800 F3600 ; unretract
;infill
G1 X-8.467 Y10.000 E-nan F3600
G0 X10.000 Y7.737 F9000 ; travel
G1 E+0.800 F3600 ; unretract
;infill
G1 X7.737 Y10.000 E-nan F3600
G0 X10.000 Y3.212 F9000 ; travel
G1 E+0.800 F3600 ; unretract
;infill
G1 X3.212 Y10.000 E-nan F3600
G0 X10.000 Y-1.314 F9000 ; travel
G1 E+0.800 F3600 ; unretract
;infill
G1 X-1.314 Y10.000 E-nan F3600
G0 X10.000 Y-5.839 F9000 ; travel
G1 E+0.800 F3600 ; unretract
;infill
G1 X-5.839 Y10.000 E-nan F3600
G0 X9.635 Y-10.000 F9000 ; travel
G1 E+0.800 F3600 ; unretract
;infill
G1 X-10.000 Y9.635 E-nan F3600
G0 X5.110 Y-10.000 F9000 ; travel
G1 E+0.800 F3600 ; unretract
;infill
G1 X-10.000 Y5.110 E-nan F3600
G0 X0.584 Y-10.000 F9000 ; travel
G1 E+0.800 F3600 ; unretract
;infill
G1 X-10.000 Y0.584 E-nan F3600
G0 X-3.941 Y-10.000 F9000 ; travel
G1 E+0.800 F3600 ; unretract
;infill
G1 X-10.000 Y-3.941 E-nan F3600
G0 X-8.467 Y-10.000 F9000 ; travel
G1 E+0.800 F3600 ; unretract
;infill
G1 X-10.000 Y-8.467 E-nan F3600
;LAYER:95 ;Z:19.00
G1 Z19.00 F9000 ; move to layer
G92 E0 ; reset extruder at layer start
G0 X-10.000 Y-10.000 F9000 ; travel
G1 E+0.800 F3600 ; unretract
;perimeter
G1 X9.000 Y-10.000 E-nan F3600
G1 X10.000 Y-10.000 E-nan F3600
G1 X10.000 Y9.000 E-nan F3600
G1 X10.000 Y10.000 E-nan F3600
G1 X9.000 Y10.000 E-nan F3600
G1 X-10.000 Y10.000 E-nan F3600
G1 X-10.000 Y9.000 E-nan F3600
G0 X-9.520 Y-9.520 F9000 ; travel
G1 E+0.800 F3600 ; unretract
;perimeter
G1 X9.000 Y-9.520 E-nan F3600
G1 X9.520 Y-9.520 E-nan F3600
G1 X9.520 Y9.000 E-nan F3600
G1 X9.520 Y9.520 E-nan F3600
G1 X9.000 Y9.520 E-nan F3600
G1 X-9.520 Y9.520 E-nan F3600
G1 X-9.520 Y9.000 E-nan F3600
G0 X7.737 Y-10.000 F9000 ; travel
G1 E+0.800 F3600 ; unretract
;infill
G1 X10.000 Y-7.737 E-nan F3600
G0 X3.212 Y-10.000 F9000 ; travel
G1 E+0.800 F3600 ; unretract
;infill
G1 X10.000 Y-3.212 E-nan F3600
G0 X-1.314 Y-10.000 F9000 ; travel
G1 E+0.800 F3600 ; unretract
;infill
G1 X10.000 Y1.314 E-nan F3600
G0 X-5.839 Y-10.000 F9000 ; travel
G1 E+0.800 F3600 ; unretract
;infill
G1 X10.000 Y5.839 E-nan F3600
G0 X-10.000 Y-9.635 F9000 ; travel
G1 E+0.800 F3600 ; unretract
;infill
G1 X9.635 Y10.000 E-nan F3600
G0 X-10.000 Y-5.110 F9000 ; travel
G1 E+0.800 F3600 ; unretract
;infill
G1 X5.110 Y10.000 E-nan F3600
G0 X-10.000 Y-0.584 F9000 ; travel
G1 E+0.800 F3600 ; unretract
;infill
G1 X0.584 Y10.000 E-nan F3600
G0 X-10.000 Y3.941 F9000 ; travel
G1 E+0.800 F3600 ; unretract
;infill
G1 X-3.941 Y10.000 E-nan F3600
G0 X-10.000 Y8.467 F9000 ; travel
G1 E+0.800 F3600 ; unretract
;infill
G1 X-8.467 Y10.000 E-nan F3600
G0 X10.000 Y7.737 F9000 ; travel
G1 E+0.800 F3600 ; unretract
;infill
G1 X7.737 Y10.000 E-nan F3600
G0 X10.000 Y3.212 F9000 ; travel
G1 E+0.800 F3600 ; unretract
;infill
G1 X3.212 Y10.000 E-nan F3600
G0 X10.000 Y-1.314 F9000 ; travel
G1 E+0.800 F3600 ; unretract
;infill
G1 X-1.314 Y10.000 E-nan F3600
G0 X10.000 Y-5.839 F9000 ; travel
G1 E+0.800 F3600 ; unretract
;infill
G1 X-5.839 Y10.000 E-nan F3600
G0 X9.635 Y-10.000 F9000 ; travel
G1 E+0.800 F3600 ; unretract
;infill
G1 X-10.000 Y9.635 E-nan F3600
G0 X5.110 Y-10.000 F9000 ; travel
G1 E+0.800 F3600 ; unretract
;infill
G1 X-10.000 Y5.110 E-nan F3600
G0 X0.584 Y-10.000 F9000 ; travel
G1 E+0.800 F3600 ; unretract
;infill
G1 X-10.000 Y0.584 E-nan F3600
G0 X-3.941 Y-10.000 F9000 ; travel
G1 E+0.800 F3600 ; unretract
;infill
G1 X-10.000 Y-3.941 E-nan F3600
G0 X-8.467 Y-10.000 F9000 ; travel
G1 E+0.800 F3600 ; unretract
;infill
G1 X-10.000 Y-8.467 E-nan F3600
;LAYER:96 ;Z:19.20
G1 Z19.20 F9000 ; move to layer
G92 E0 ; reset extruder at layer start
G0 X-10.000 Y-10.000 F9000 ; travel
G1 E+0.800 F3600 ; unretract
;perimeter
G1 X9.200 Y-10.000 E-nan F3600
G1 X10.000 Y-10.000 E-nan F3600
G1 X10.000 Y9.200 E-nan F3600
G1 X10.000 Y10.000 E-nan F3600
G1 X9.200 Y10.000 E-nan F3600
G1 X-10.000 Y10.000 E-nan F3600
G1 X-10.000 Y9.200 E-nan F3600
G0 X-9.520 Y-9.520 F9000 ; travel
G1 E+0.800 F3600 ; unretract
;perimeter
G1 X9.200 Y-9.520 E-nan F3600
G1 X9.520 Y-9.520 E-nan F3600
G1 X9.520 Y9.200 E-nan F3600
G1 X9.520 Y9.520 E-nan F3600
G1 X9.200 Y9.520 E-nan F3600
G1 X-9.520 Y9.520 E-nan F3600
G1 X-9.520 Y9.200 E-nan F3600
G0 X7.737 Y-10.000 F9000 ; travel
G1 E+0.800 F3600 ; unretract
;infill
G1 X10.000 Y-7.737 E-nan F3600
G0 X3.212 Y-10.000 F9000 ; travel
G1 E+0.800 F3600 ; unretract
;infill
G1 X10.000 Y-3.212 E-nan F3600
G0 X-1.314 Y-10.000 F9000 ; travel
G1 E+0.800 F3600 ; unretract
;infill
G1 X10.000 Y1.314 E-nan F3600
G0 X-5.839 Y-10.000 F9000 ; travel
G1 E+0.800 F3600 ; unretract
;infill
G1 X10.000 Y5.839 E-nan F3600
G0 X-10.000 Y-9.635 F9000 ; travel
G1 E+0.800 F3600 ; unretract
;infill
G1 X9.635 Y10.000 E-nan F3600
G0 X-10.000 Y-5.110 F9000 ; travel
G1 E+0.800 F3600 ; unretract
;infill
G1 X5.110 Y10.000 E-nan F3600
G0 X-10.000 Y-0.584 F9000 ; travel
G1 E+0.800 F3600 ; unretract
;infill
G1 X0.584 Y10.000 E-nan F3600
G0 X-10.000 Y3.941 F9000 ; travel
G1 E+0.800 F3600 ; unretract
;infill
G1 X-3.941 Y10.000 E-nan F3600
G0 X-10.000 Y8.467 F9000 ; travel
G1 E+0.800 F3600 ; unretract
;infill
G1 X-8.467 Y10.000 E-nan F3600
G0 X10.000 Y7.737 F9000 ; travel
G1 E+0.800 F3600 ; unretract
;infill
G1 X7.737 Y10.000 E-nan F3600
G0 X10.000 Y3.212 F9000 ; travel
G1 E+0.800 F3600 ; unretract
;infill
G1 X3.212 Y10.000 E-nan F3600
G0 X10.000 Y-1.314 F9000 ; travel
G1 E+0.800 F3600 ; unretract
;infill
G1 X-1.314 Y10.000 E-nan F3600
G0 X10.000 Y-5.839 F9000 ; travel
G1 E+0.800 F3600 ; unretract
;infill
G1 X-5.839 Y10.000 E-nan F3600
G0 X9.635 Y-10.000 F9000 ; travel
G1 E+0.800 F3600 ; unretract
;infill
G1 X-10.000 Y9.635 E-nan F3600
G0 X5.110 Y-10.000 F9000 ; travel
G1 E+0.800 F3600 ; unretract
;infill
G1 X-10.000 Y5.110 E-nan F3600
G0 X0.584 Y-10.000 F9000 ; travel
G1 E+0.800 F3600 ; unretract
;infill
G1 X-10.000 Y0.584 E-nan F3600
G0 X-3.941 Y-10.000 F9000 ; travel
G1 E+0.800 F3600 ; unretract
;infill
G1 X-10.000 Y-3.941 E-nan F3600
G0 X-8.467 Y-10.000 F9000 ; travel
G1 E+0.800 F3600 ; unretract
;infill
G1 X-10.000 Y-8.467 E-nan F3600
;LAYER:97 ;Z:19.40
G1 Z19.40 F9000 ; move to layer
G92 E0 ; reset extruder at layer start
G0 X-10.000 Y-10.000 F9000 ; travel
G1 E+0.800 F3600 ; unretract
;perimeter
G1 X9.400 Y-10.000 E-nan F3600
G1 X10.000 Y-10.000 E-nan F3600
G1 X10.000 Y9.400 E-nan F3600
G1 X10.000 Y10.000 E-nan F3600
G1 X9.400 Y10.000 E-nan F3600
G1 X-10.000 Y10.000 E-nan F3600
G1 X-10.000 Y9.400 E-nan F3600
G0 X-9.520 Y-9.520 F9000 ; travel
G1 E+0.800 F3600 ; unretract
;perimeter
G1 X9.400 Y-9.520 E-nan F3600
G1 X9.520 Y-9.520 E-nan F3600
G1 X9.520 Y9.400 E-nan F3600
G1 X9.520 Y9.520 E-nan F3600
G1 X9.400 Y9.520 E-nan F3600
G1 X-9.520 Y9.520 E-nan F3600
G1 X-9.520 Y9.400 E-nan F3600
G0 X7.737 Y-10.000 F9000 ; travel
G1 E+0.800 F3600 ; unretract
;infill
G1 X10.000 Y-7.737 E-nan F3600
G0 X3.212 Y-10.000 F9000 ; travel
G1 E+0.800 F3600 ; unretract
;infill
G1 X10.000 Y-3.212 E-nan F3600
G0 X-1.314 Y-10.000 F9000 ; travel
G1 E+0.800 F3600 ; unretract
;infill
G1 X10.000 Y1.314 E-nan F3600
G0 X-5.839 Y-10.000 F9000 ; travel
G1 E+0.800 F3600 ; unretract
;infill
G1 X10.000 Y5.839 E-nan F3600
G0 X-10.000 Y-9.635 F9000 ; travel
G1 E+0.800 F3600 ; unretract
;infill
G1 X9.635 Y10.000 E-nan F3600
G0 X-10.000 Y-5.110 F9000 ; travel
G1 E+0.800 F3600 ; unretract
;infill
G1 X5.110 Y10.000 E-nan F3600
G0 X-10.000 Y-0.584 F9000 ; travel
G1 E+0.800 F3600 ; unretract
;infill
G1 X0.584 Y10.000 E-nan F3600
G0 X-10.000 Y3.941 F9000 ; travel
G1 E+0.800 F3600 ; unretract
;infill
G1 X-3.941 Y10.000 E-nan F3600
G0 X-10.000 Y8.467 F9000 ; travel
G1 E+0.800 F3600 ; unretract
;infill
G1 X-8.467 Y10.000 E-nan F3600
G0 X10.000 Y7.737 F9000 ; travel
G1 E+0.800 F3600 ; unretract
;infill
G1 X7.737 Y10.000 E-nan F3600
G0 X10.000 Y3.212 F9000 ; travel
G1 E+0.800 F3600 ; unretract
;infill
G1 X3.212 Y10.000 E-nan F3600
G0 X10.000 Y-1.314 F9000 ; travel
G1 E+0.800 F3600 ; unretract
;infill
G1 X-1.314 Y10.000 E-nan F3600
G0 X10.000 Y-5.839 F9000 ; travel
G1 E+0.800 F3600 ; unretract
;infill
G1 X-5.839 Y10.000 E-nan F3600
G0 X9.635 Y-10.000 F9000 ; travel
G1 E+0.800 F3600 ; unretract
;infill
G1 X-10.000 Y9.635 E-nan F3600
G0 X5.110 Y-10.000 F9000 ; travel
G1 E+0.800 F3600 ; unretract
;infill
G1 X-10.000 Y5.110 E-nan F3600
G0 X0.584 Y-10.000 F9000 ; travel
G1 E+0.800 F3600 ; unretract
;infill
G1 X-10.000 Y0.584 E-nan F3600
G0 X-3.941 Y-10.000 F9000 ; travel
G1 E+0.800 F3600 ; unretract
;infill
G1 X-10.000 Y-3.941 E-nan F3600
G0 X-8.467 Y-10.000 F9000 ; travel
G1 E+0.800 F3600 ; unretract
;infill
G1 X-10.000 Y-8.467 E-nan F3600
;LAYER:98 ;Z:19.60
G1 Z19.60 F9000 ; move to layer
G92 E0 ; reset extruder at layer start
G0 X-10.000 Y-10.000 F9000 ; travel
G1 E+0.800 F3600 ; unretract
;perimeter
G1 X9.600 Y-10.000 E-nan F3600
G1 X10.000 Y-10.000 E-nan F3600
G1 X10.000 Y9.600 E-nan F3600
G1 X10.000 Y10.000 E-nan F3600
G1 X9.600 Y10.000 E-nan F3600
G1 X-10.000 Y10.000 E-nan F3600
G1 X-10.000 Y9.600 E-nan F3600
G0 X-9.520 Y-9.520 F9000 ; travel
G1 E+0.800 F3600 ; unretract
;perimeter
G1 X9.600 Y-9.520 E-nan F3600
G1 X9.520 Y-9.520 E-nan F3600
G1 X9.520 Y9.600 E-nan F3600
G1 X9.520 Y9.520 E-nan F3600
G1 X9.600 Y9.520 E-nan F3600
G1 X-9.520 Y9.520 E-nan F3600
G1 X-9.520 Y9.600 E-nan F3600
G0 X9.661 Y-10.000 F9000 ; travel
G1 E+0.800 F3600 ; unretract
;infill-solid
G1 X10.000 Y-9.661 E-nan F3600
G0 X8.982 Y-10.000 F9000 ; travel
G1 E+0.800 F3600 ; unretract
;infill-solid
G1 X10.000 Y-8.982 E-nan F3600
G0 X8.303 Y-10.000 F9000 ; travel
G1 E+0.800 F3600 ; unretract
;infill-solid
G1 X10.000 Y-8.303 E-nan F3600
G0 X7.624 Y-10.000 F9000 ; travel
G1 E+0.800 F3600 ; unretract
;infill-solid
G1 X10.000 Y-7.624 E-nan F3600
G0 X6.945 Y-10.000 F9000 ; travel
G1 E+0.800 F3600 ; unretract
;infill-solid
G1 X10.000 Y-6.945 E-nan F3600
G0 X6.266 Y-10.000 F9000 ; travel
G1 E+0.800 F3600 ; unretract
;infill-solid
G1 X10.000 Y-6.266 E-nan F3600
G0 X5.588 Y-10.000 F9000 ; travel
G1 E+0.800 F3600 ; unretract
;infill-solid
G1 X10.000 Y-5.588 E-nan F3600
G0 X4.909 Y-10.000 F9000 ; travel
G1 E+0.800 F3600 ; unretract
;infill-solid
G1 X10.000 Y-4.909 E-nan F3600
G0 X4.230 Y-10.000 F9000 ; travel
G1 E+0.800 F3600 ; unretract
;infill-solid
G1 X10.000 Y-4.230 E-nan F3600
G0 X3.551 Y-10.000 F9000 ; travel
G1 E+0.800 F3600 ; unretract
;infill-solid
G1 X10.000 Y-3.551 E-nan F3600
G0 X2.872 Y-10.000 F9000 ; travel
G1 E+0.800 F3600 ; unretract
;infill-solid
G1 X10.000 Y-2.872 E-nan F3600
G0 X2.194 Y-10.000 F9000 ; travel
G1 E+0.800 F3600 ; unretract
;infill-solid
G1 X10.000 Y-2.194 E-nan F3600
G0 X1.515 Y-10.000 F9000 ; travel
G1 E+0.800 F3600 ; unretract
;infill-solid
G1 X10.000 Y-1.515 E-nan F3600
G0 X0.836 Y-10.000 F9000 ; travel
G1 E+0.800 F3600 ; unretract
;infill-solid
G1 X10.000 Y-0.836 E-nan F3600
G0 X0.157 Y-10.000 F9000 ; travel
G1 E+0.800 F3600 ; unretract
;infill-solid
G1 X10.000 Y-0.157 E-nan F3600
G0 X-0.522 Y-10.000 F9000 ; travel
G1 E+0.800 F3600 ; unretract
;infill-solid
G1 X10.000 Y0.522 E-nan F3600
G0 X-1.201 Y-10.000 F9000 ; travel
G1 E+0.800 F3600 ; unretract
;infill-solid
G1 X10.000 Y1.201 E-nan F3600
G0 X-1.879 Y-10.000 F9000 ; travel
G1 E+0.800 F3600 ; unretract
;infill-solid
G1 X10.000 Y1.879 E-nan F3600
G0 X-2.558 Y-10.000 F9000 ; travel
G1 E+0.800 F3600 ; unretract
;infill-solid
G1 X10.000 Y2.558 E-nan F3600
G0 X-3.237 Y-10.000 F9000 ; travel
G1 E+0.800 F3600 ; unretract
;infill-solid
G1 X10.000 Y3.237 E-nan F3600
G0 X-3.916 Y-10.000 F9000 ; travel
G1 E+0.800 F3600 ; unretract
;infill-solid
G1 X10.000 Y3.916 E-nan F3600
G0 X-4.595 Y-10.000 F9000 ; travel
G1 E+0.800 F3600 ; unretract
;infill-solid
G1 X10.000 Y4.595 E-nan F3600
G0 X-5.273 Y-10.000 F9000 ; travel
G1 E+0.800 F3600 ; unretract
;infill-solid
G1 X10.000 Y5.273 E-nan F3600
G0 X-5.952 Y-10.000 F9000 ; travel
G1 E+0.800 F3600 ; unretract
;infill-solid
G1 X10.000 Y5.952 E-nan F3600
G0 X-6.631 Y-10.000 F9000 ; travel
G1 E+0.800 F3600 ; unretract
;infill-solid
G1 X10.000 Y6.631 E-nan F3600
G0 X-7.310 Y-10.000 F9000 ; travel
G1 E+0.800 F3600 ; unretract
;infill-solid
G1 X10.000 Y7.310 E-nan F3600
G0 X-7.989 Y-10.000 F9000 ; travel
G1 E+0.800 F3600 ; unretract
;infill-solid
G1 X10.000 Y7.989 E-nan F3600
G0 X-8.668 Y-10.000 F9000 ; travel
G1 E+0.800 F3600 ; unretract
;infill-solid
G1 X10.000 Y8.668 E-nan F3600
G0 X-9.346 Y-10.000 F9000 ; travel
G1 E+0.800 F3600 ; unretract
;infill-solid
G1 X10.000 Y9.346 E-nan F3600
G0 X-10.000 Y-9.975 F9000 ; travel
G1 E+0.800 F3600 ; unretract
;infill-solid
G1 X9.975 Y10.000 E-nan F3600
G0 X-10.000 Y-9.296 F9000 ; travel
G1 E+0.800 F3600 ; unretract
;infill-solid
G1 X9.296 Y10.000 E-nan F3600
G0 X-10.000 Y-8.617 F9000 ; travel
G1 E+0.800 F3600 ; unretract
;infill-solid
G1 X8.617 Y10.000 E-nan F3600
G0 X-10.000 Y-7.938 F9000 ; travel
G1 E+0.800 F3600 ; unretract
;infill-solid
G1 X7.938 Y10.000 E-nan F3600
G0 X-10.000 Y-7.259 F9000 ; travel
G1 E+0.800 F3600 ; unretract
;infill-solid
G1 X7.259 Y10.000 E-nan F3600
G0 X-10.000 Y-6.581 F9000 ; travel
G1 E+0.800 F3600 ; unretract
;infill-solid
G1 X6.581 Y10.000 E-nan F3600
G0 X-10.000 Y-5.902 F9000 ; travel
G1 E+0.800 F3600 ; unretract
;infill-solid
G1 X5.902 Y10.000 E-nan F3600
G0 X-10.000 Y-5.223 F9000 ; travel
G1 E+0.800 F3600 ; unretract
;infill-solid
G1 X5.223 Y10.000 E-nan F3600
G0 X-10.000 Y-4.544 F9000 ; travel
G1 E+0.800 F3600 ; unretract
;infill-solid
G1 X4.544 Y10.000 E-nan F3600
G0 X-10.000 Y-3.865 F9000 ; travel
G1 E+0.800 F3600 ; unretract
;infill-solid
G1 X3.865 Y10.000 E-nan F3600
G0 X-10.000 Y-3.187 F9000 ; travel
G1 E+0.800 F3600 ; unretract
;infill-solid
G1 X3.187 Y10.000 E-nan F3600
G0 X-10.000 Y-2.508 F9000 ; travel
G1 E+0.800 F3600 ; unretract
;infill-solid
G1 X2.508 Y10.000 E-nan F3600
G0 X-10.000 Y-1.829 F9000 ; travel
G1 E+0.800 F3600 ; unretract
;infill-solid
G1 X1.829 Y10.000 E-nan F3600
G0 X-10.000 Y-1.150 F9000 ; travel
G1 E+0.800 F3600 ; unretract
;infill-solid
G1 X1.150 Y10.000 E-nan F3600
G0 X-10.000 Y-0.471 F9000 ; travel
G1 E+0.800 F3600 ; unretract
;infill-solid
G1 X0.471 Y10.000 E-nan F3600
G0 X-10.000 Y0.208 F9000 ; travel
G1 E+0.800 F3600 ; unretract
;infill-solid
G1 X-0.208 Y10.000 E-nan F3600
G0 X-10.000 Y0.886 F9000 ; travel
G1 E+0.800 F3600 ; unretract
;infill-solid
G1 X-0.886 Y10.000 E-nan F3600
G0 X-10.000 Y1.565 F9000 ; travel
G1 E+0.800 F3600 ; unretract
;infill-solid
G1 X-1.565 Y10.000 E-nan F3600
G0 X-10.000 Y2.244 F9000 ; travel
G1 E+0.800 F3600 ; unretract
;infill-solid
G1 X-2.244 Y10.000 E-nan F3600
G0 X-10.000 Y2.923 F9000 ; travel
G1 E+0.800 F3600 ; unretract
;infill-solid
G1 X-2.923 Y10.000 E-nan F3600
G0 X-10.000 Y3.602 F9000 ; travel
G1 E+0.800 F3600 ; unretract
;infill-solid
G1 X-3.602 Y10.000 E-nan F3600
G0 X-10.000 Y4.281 F9000 ; travel
G1 E+0.800 F3600 ; unretract
;infill-solid
G1 X-4.281 Y10.000 E-nan F3600
G0 X-10.000 Y4.959 F9000 ; travel
G1 E+0.800 F3600 ; unretract
;infill-solid
G1 X-4.959 Y10.000 E-nan F3600
G0 X-10.000 Y5.638 F9000 ; travel
G1 E+0.800 F3600 ; unretract
;infill-solid
G1 X-5.638 Y10.000 E-nan F3600
G0 X-10.000 Y6.317 F9000 ; travel
G1 E+0.800 F3600 ; unretract
;infill-solid
G1 X-6.317 Y10.000 E-nan F3600
G0 X-10.000 Y6.996 F9000 ; travel
G1 E+0.800 F3600 ; unretract
;infill-solid
G1 X-6.996 Y10.000 E-nan F3600
G0 X-10.000 Y7.675 F9000 ; travel
G1 E+0.800 F3600 ; unretract
;infill-solid
G1 X-7.675 Y10.000 E-nan F3600
G0 X-10.000 Y8.353 F9000 ; travel
G1 E+0.800 F3600 ; unretract
;infill-solid
G1 X-8.353 Y10.000 E-nan F3600
G0 X-10.000 Y9.032 F9000 ; travel
G1 E+0.800 F3600 ; unretract
;infill-solid
G1 X-9.032 Y10.000 E-nan F3600
G0 X-10.000 Y9.711 F9000 ; travel
G1 E+0.800 F3600 ; unretract
;infill-solid
G1 X-9.711 Y10.000 E-nan F3600
G0 X10.000 Y9.661 F9000 ; travel
G1 E+0.800 F3600 ; unretract
;infill-solid
G1 X9.661 Y10.000 E-nan F3600
G0 X10.000 Y8.982 F9000 ; travel
G1 E+0.800 F3600 ; unretract
;infill-solid
G1 X8.982 Y10.000 E-nan F3600
G0 X10.000 Y8.303 F9000 ; travel
G1 E+0.800 F3600 ; unretract
;infill-solid
G1 X8.303 Y10.000 E-nan F3600
G0 X10.000 Y7.624 F9000 ; travel
G1 E+0.800 F3600 ; unretract
;infill-solid
G1 X7.624 Y10.000 E-nan F3600
G0 X10.000 Y6.945 F9000 ; travel
G1 E+0.800 F3600 ; unretract
;infill-solid
G1 X6.945 Y10.000 E-nan F3600
G0 X10.000 Y6.266 F9000 ; travel
G1 E+0.800 F3600 ; unretract
;infill-solid
G1 X6.266 Y10.000 E-nan F3600
G0 X10.000 Y5.588 F9000 ; travel
G1 E+0.800 F3600 ; unretract
;infill-solid
G1 X5.588 Y10.000 E-nan F3600
G0 X10.000 Y4.909 F9000 ; travel
G1 E+0.800 F3600 ; unretract
;infill-solid
G1 X4.909 Y10.000 E-nan F3600
G0 X10.000 Y4.230 F9000 ; travel
G1 E+0.800 F3600 ; unretract
;infill-solid
G1 X4.230 Y10.000 E-nan F3600
G0 X10.000 Y3.551 F9000 ; travel
G1 E+0.800 F3600 ; unretract
;infill-solid
G1 X3.551 Y10.000 E-nan F3600
G0 X10.000 Y2.872 F9000 ; travel
G1 E+0.800 F3600 ; unretract
;infill-solid
G1 X2.872 Y10.000 E-nan F3600
G0 X10.000 Y2.194 F9000 ; travel
G1 E+0.800 F3600 ; unretract
;infill-solid
G1 X2.194 Y10.000 E-nan F3600
G0 X10.000 Y1.515 F9000 ; travel
G1 E+0.800 F3600 ; unretract
;infill-solid
G1 X1.515 Y10.000 E-nan F3600
G0 X10.000 Y0.836 F9000 ; travel
G1 E+0.800 F3600 ; unretract
;infill-solid
G1 X0.836 Y10.000 E-nan F3600
G0 X10.000 Y0.157 F9000 ; travel
G1 E+0.800 F3600 ; unretract
;infill-solid
G1 X0.157 Y10.000 E-nan F3600
G0 X10.000 Y-0.522 F9000 ; travel
G1 E+0.800 F3600 ; unretract
;infill-solid
G1 X-0.522 Y10.000 E-nan F3600
G0 X10.000 Y-1.201 F9000 ; travel
G1 E+0.800 F3600 ; unretract
;infill-solid
G1 X-1.201 Y10.000 E-nan F3600
G0 X10.000 Y-1.879 F9000 ; travel
G1 E+0.800 F3600 ; unretract
;infill-solid
G1 X-1.879 Y10.000 E-nan F3600
G0 X10.000 Y-2.558 F9000 ; travel
G1 E+0.800 F3600 ; unretract
;infill-solid
G1 X-2.558 Y10.000 E-nan F3600
G0 X10.000 Y-3.237 F9000 ; travel
G1 E+0.800 F3600 ; unretract
;infill-solid
G1 X-3.237 Y10.000 E-nan F3600
G0 X10.000 Y-3.916 F9000 ; travel
G1 E+0.800 F3600 ; unretract
;infill-solid
G1 X-3.916 Y10.000 E-nan F3600
G0 X10.000 Y-4.595 F9000 ; travel
G1 E+0.800 F3600 ; unretract
;infill-solid
G1 X-4.595 Y10.000 E-nan F3600
G0 X10.000 Y-5.273 F9000 ; travel
G1 E+0.800 F3600 ; unretract
;infill-solid
G1 X-5.273 Y10.000 E-nan F3600
G0 X10.000 Y-5.952 F9000 ; travel
G1 E+0.800 F3600 ; unretract
;infill-solid
G1 X-5.952 Y10.000 E-nan F3600
G0 X10.000 Y-6.631 F9000 ; travel
G1 E+0.800 F3600 ; unretract
;infill-solid
G1 X-6.631 Y10.000 E-nan F3600
G0 X10.000 Y-7.310 F9000 ; travel
G1 E+0.800 F3600 ; unretract
;infill-solid
G1 X-7.310 Y10.000 E-nan F3600
G0 X10.000 Y-7.989 F9000 ; travel
G1 E+0.800 F3600 ; unretract
;infill-solid
G1 X-7.989 Y10.000 E-nan F3600
G0 X10.000 Y-8.668 F9000 ; travel
G1 E+0.800 F3600 ; unretract
;infill-solid
G1 X-8.668 Y10.000 E-nan F3600
G0 X10.000 Y-9.346 F9000 ; travel
G1 E+0.800 F3600 ; unretract
;infill-solid
G1 X-9.346 Y10.000 E-nan F3600
G0 X9.975 Y-10.000 F9000 ; travel
G1 E+0.800 F3600 ; unretract
;infill-solid
G1 X-10.000 Y9.975 E-nan F3600
G0 X9.296 Y-10.000 F9000 ; travel
G1 E+0.800 F3600 ; unretract
;infill-solid
G1 X-10.000 Y9.296 E-nan F3600
G0 X8.617 Y-10.000 F9000 ; travel
G1 E+0.800 F3600 ; unretract
;infill-solid
G1 X-10.000 Y8.617 E-nan F3600
G0 X7.938 Y-10.000 F9000 ; travel
G1 E+0.800 F3600 ; unretract
;infill-solid
G1 X-10.000 Y7.938 E-nan F3600
G0 X7.259 Y-10.000 F9000 ; travel
G1 E+0.800 F3600 ; unretract
;infill-solid
G1 X-10.000 Y7.259 E-nan F3600
G0 X6.581 Y-10.000 F9000 ; travel
G1 E+0.800 F3600 ; unretract
;infill-solid
G1 X-10.000 Y6.581 E-nan F3600
G0 X5.902 Y-10.000 F9000 ; travel
G1 E+0.800 F3600 ; unretract
;infill-solid
G1 X-10.000 Y5.902 E-nan F3600
G0 X5.223 Y-10.000 F9000 ; travel
G1 E+0.800 F3600 ; unretract
;infill-solid
G1 X-10.000 Y5.223 E-nan F3600
G0 X4.544 Y-10.000 F9000 ; travel
G1 E+0.800 F3600 ; unretract
;infill-solid
G1 X-10.000 Y4.544 E-nan F3600
G0 X3.865 Y-10.000 F9000 ; travel
G1 E+0.800 F3600 ; unretract
;infill-solid
G1 X-10.000 Y3.865 E-nan F3600
G0 X3.187 Y-10.000 F9000 ; travel
G1 E+0.800 F3600 ; unretract
;infill-solid
G1 X-10.000 Y3.187 E-nan F3600
G0 X2.508 Y-10.000 F9000 ; travel
G1 E+0.800 F3600 ; unretract
;infill-solid
G1 X-10.000 Y2.508 E-nan F3600
G0 X1.829 Y-10.000 F9000 ; travel
G1 E+0.800 F3600 ; unretract
;infill-solid
G1 X-10.000 Y1.829 E-nan F3600
G0 X0.000 Y0.000 F9000 ; travel
G1 E+0.800 F3600 ; unretract
;infill-solid
G1 X-1602471329792.000 Y0.000 E-nan F3600
G0 X0.000 Y0.000 F9000 ; travel
G1 E+0.800 F3600 ; unretract
;infill-solid
G1 X0.000 Y0.000 E-nan F3600
G0 X0.000 Y0.480 F9000 ; travel
G1 E+0.800 F3600 ; unretract
;infill-solid
G1 X0.000 Y0.000 E-nan F3600
G0 X0.000 Y-14.142 F9000 ; travel
G1 E+0.800 F3600 ; unretract
;infill-solid
G1 X0.000 Y0.000 E-nan F3600
G0 X0.000 Y0.480 F9000 ; travel
G1 E+0.800 F3600 ; unretract
;infill-solid
G1 X0.000 Y0.566 E-nan F3600
G0 X0.000 Y0.000 F9000 ; travel
G1 E+0.800 F3600 ; unretract
;infill-solid
G1 X0.000 Y0.000 E-nan F3600
G0 X0.000 Y0.480 F9000 ; travel
G1 E+0.800 F3600 ; unretract
;infill-solid
G1 X0.000 Y-nan E-nan F3600
G0 X0.000 Y0.000 F9000 ; travel
G1 E+0.800 F3600 ; unretract
;infill-solid
G1 X0.000 Y0.000 E-nan F3600
G0 X0.000 Y0.480 F9000 ; travel
G1 E+0.800 F3600 ; unretract
;infill-solid
G1 X0.000 Y0.000 E-nan F3600
G0 X0.000 Y0.000 F9000 ; travel
G1 E+0.800 F3600 ; unretract
;infill-solid
G1 X0.000 Y0.000 E-nan F3600
G0 X0.000 Y0.480 F9000 ; travel
G1 E+0.800 F3600 ; unretract
;infill-solid
G1 X0.000 Y5.980 E-nan F3600
G0 X0.000 Y5.000 F9000 ; travel
G1 E+0.800 F3600 ; unretract
;infill-solid
G1 X0.000 Y0.000 E-nan F3600
G0 X0.000 Y0.480 F9000 ; travel
G1 E+0.800 F3600 ; unretract
;infill-solid
G1 X0.000 Y0.000 E-nan F3600
G0 X0.000 Y0.000 F9000 ; travel
G1 E+0.800 F3600 ; unretract
;infill-solid
G1 X0.000 Y0.000 E-nan F3600
G0 X0.000 Y0.480 F9000 ; travel
G1 E+0.800 F3600 ; unretract
;infill-solid
G1 X0.000 Y0.000 E-nan F3600
G0 X0.000 Y0.480 F9000 ; travel
G1 E+0.800 F3600 ; unretract
;infill-solid
G1 X0.000 Y0.000 E-nan F3600
G0 X0.000 Y0.480 F9000 ; travel
G1 E+0.800 F3600 ; unretract
;infill-solid
G1 X0.000 Y0.000 E-nan F3600
;LAYER:99 ;Z:19.80
G1 Z19.80 F9000 ; move to layer
G92 E0 ; reset extruder at layer start
G0 X-10.000 Y-10.000 F9000 ; travel
G1 E+0.800 F3600 ; unretract
;perimeter
G1 X9.800 Y-10.000 E-nan F3600
G1 X10.000 Y-10.000 E-nan F3600
G1 X10.000 Y9.800 E-nan F3600
G1 X10.000 Y10.000 E-nan F3600
G1 X9.800 Y10.000 E-nan F3600
G1 X-10.000 Y10.000 E-nan F3600
G1 X-10.000 Y9.800 E-nan F3600
G0 X-9.520 Y-9.520 F9000 ; travel
G1 E+0.800 F3600 ; unretract
;perimeter
G1 X9.800 Y-9.520 E-nan F3600
G1 X9.520 Y-9.520 E-nan F3600
G1 X9.520 Y9.800 E-nan F3600
G1 X9.520 Y9.520 E-nan F3600
G1 X9.800 Y9.520 E-nan F3600
G1 X-9.520 Y9.520 E-nan F3600
G1 X-9.520 Y9.800 E-nan F3600
G0 X9.661 Y-10.000 F9000 ; travel
G1 E+0.800 F3600 ; unretract
;infill-solid
G1 X10.000 Y-9.661 E-nan F3600
G0 X8.982 Y-10.000 F9000 ; travel
G1 E+0.800 F3600 ; unretract
;infill-solid
G1 X10.000 Y-8.982 E-nan F3600
G0 X8.303 Y-10.000 F9000 ; travel
G1 E+0.800 F3600 ; unretract
;infill-solid
G1 X10.000 Y-8.303 E-nan F3600
G0 X7.624 Y-10.000 F9000 ; travel
G1 E+0.800 F3600 ; unretract
;infill-solid
G1 X10.000 Y-7.624 E-nan F3600
G0 X6.945 Y-10.000 F9000 ; travel
G1 E+0.800 F3600 ; unretract
;infill-solid
G1 X10.000 Y-6.945 E-nan F3600
G0 X6.266 Y-10.000 F9000 ; travel
G1 E+0.800 F3600 ; unretract
;infill-solid
G1 X10.000 Y-6.266 E-nan F3600
G0 X5.588 Y-10.000 F9000 ; travel
G1 E+0.800 F3600 ; unretract
;infill-solid
G1 X10.000 Y-5.588 E-nan F3600
G0 X4.909 Y-10.000 F9000 ; travel
G1 E+0.800 F3600 ; unretract
;infill-solid
G1 X10.000 Y-4.909 E-nan F3600
G0 X4.230 Y-10.000 F9000 ; travel
G1 E+0.800 F3600 ; unretract
;infill-solid
G1 X10.000 Y-4.230 E-nan F3600
G0 X3.551 Y-10.000 F9000 ; travel
G1 E+0.800 F3600 ; unretract
;infill-solid
G1 X10.000 Y-3.551 E-nan F3600
G0 X2.872 Y-10.000 F9000 ; travel
G1 E+0.800 F3600 ; unretract
;infill-solid
G1 X10.000 Y-2.872 E-nan F3600
G0 X2.194 Y-10.000 F9000 ; travel
G1 E+0.800 F3600 ; unretract
;infill-solid
G1 X10.000 Y-2.194 E-nan F3600
G0 X1.515 Y-10.000 F9000 ; travel
G1 E+0.800 F3600 ; unretract
;infill-solid
G1 X10.000 Y-1.515 E-nan F3600
G0 X0.836 Y-10.000 F9000 ; travel
G1 E+0.800 F3600 ; unretract
;infill-solid
G1 X10.000 Y-0.836 E-nan F3600
G0 X0.157 Y-10.000 F9000 ; travel
G1 E+0.800 F3600 ; unretract
;infill-solid
G1 X10.000 Y-0.157 E-nan F3600
G0 X-0.522 Y-10.000 F9000 ; travel
G1 E+0.800 F3600 ; unretract
;infill-solid
G1 X10.000 Y0.522 E-nan F3600
G0 X-1.201 Y-10.000 F9000 ; travel
G1 E+0.800 F3600 ; unretract
;infill-solid
G1 X10.000 Y1.201 E-nan F3600
G0 X-1.879 Y-10.000 F9000 ; travel
G1 E+0.800 F3600 ; unretract
;infill-solid
G1 X10.000 Y1.879 E-nan F3600
G0 X-2.558 Y-10.000 F9000 ; travel
G1 E+0.800 F3600 ; unretract
;infill-solid
G1 X10.000 Y2.558 E-nan F3600
G0 X-3.237 Y-10.000 F9000 ; travel
G1 E+0.800 F3600 ; unretract
;infill-solid
G1 X10.000 Y3.237 E-nan F3600
G0 X-3.916 Y-10.000 F9000 ; travel
G1 E+0.800 F3600 ; unretract
;infill-solid
G1 X10.000 Y3.916 E-nan F3600
G0 X-4.595 Y-10.000 F9000 ; travel
G1 E+0.800 F3600 ; unretract
;infill-solid
G1 X10.000 Y4.595 E-nan F3600
G0 X-5.273 Y-10.000 F9000 ; travel
G1 E+0.800 F3600 ; unretract
;infill-solid
G1 X10.000 Y5.273 E-nan F3600
G0 X-5.952 Y-10.000 F9000 ; travel
G1 E+0.800 F3600 ; unretract
;infill-solid
G1 X10.000 Y5.952 E-nan F3600
G0 X-6.631 Y-10.000 F9000 ; travel
G1 E+0.800 F3600 ; unretract
;infill-solid
G1 X10.000 Y6.631 E-nan F3600
G0 X-7.310 Y-10.000 F9000 ; travel
G1 E+0.800 F3600 ; unretract
;infill-solid
G1 X10.000 Y7.310 E-nan F3600
G0 X-7.989 Y-10.000 F9000 ; travel
G1 E+0.800 F3600 ; unretract
;infill-solid
G1 X10.000 Y7.989 E-nan F3600
G0 X-8.668 Y-10.000 F9000 ; travel
G1 E+0.800 F3600 ; unretract
;infill-solid
G1 X10.000 Y8.668 E-nan F3600
G0 X-9.346 Y-10.000 F9000 ; travel
G1 E+0.800 F3600 ; unretract
;infill-solid
G1 X10.000 Y9.346 E-nan F3600
G0 X-10.000 Y-9.975 F9000 ; travel
G1 E+0.800 F3600 ; unretract
;infill-solid
G1 X9.975 Y10.000 E-nan F3600
G0 X-10.000 Y-9.296 F9000 ; travel
G1 E+0.800 F3600 ; unretract
;infill-solid
G1 X9.296 Y10.000 E-nan F3600
G0 X-10.000 Y-8.617 F9000 ; travel
G1 E+0.800 F3600 ; unretract
;infill-solid
G1 X8.617 Y10.000 E-nan F3600
G0 X-10.000 Y-7.938 F9000 ; travel
G1 E+0.800 F3600 ; unretract
;infill-solid
G1 X7.938 Y10.000 E-nan F3600
G0 X-10.000 Y-7.259 F9000 ; travel
G1 E+0.800 F3600 ; unretract
;infill-solid
G1 X7.259 Y10.000 E-nan F3600
G0 X-10.000 Y-6.581 F9000 ; travel
G1 E+0.800 F3600 ; unretract
;infill-solid
G1 X6.581 Y10.000 E-nan F3600
G0 X-10.000 Y-5.902 F9000 ; travel
G1 E+0.800 F3600 ; unretract
;infill-solid
G1 X5.902 Y10.000 E-nan F3600
G0 X-10.000 Y-5.223 F9000 ; travel
G1 E+0.800 F3600 ; unretract
;infill-solid
G1 X5.223 Y10.000 E-nan F3600
G0 X-10.000 Y-4.544 F9000 ; travel
G1 E+0.800 F3600 ; unretract
;infill-solid
G1 X4.544 Y10.000 E-nan F3600
G0 X-10.000 Y-3.865 F9000 ; travel
G1 E+0.800 F3600 ; unretract
;infill-solid
G1 X3.865 Y10.000 E-nan F3600
G0 X-10.000 Y-3.187 F9000 ; travel
G1 E+0.800 F3600 ; unretract
;infill-solid
G1 X3.187 Y10.000 E-nan F3600
G0 X-10.000 Y-2.508 F9000 ; travel
G1 E+0.800 F3600 ; unretract
;infill-solid
G1 X2.508 Y10.000 E-nan F3600
G0 X-10.000 Y-1.829 F9000 ; travel
G1 E+0.800 F3600 ; unretract
;infill-solid
G1 X1.829 Y10.000 E-nan F3600
G0 X-10.000 Y-1.150 F9000 ; travel
G1 E+0.800 F3600 ; unretract
;infill-solid
G1 X1.150 Y10.000 E-nan F3600
G0 X-10.000 Y-0.471 F9000 ; travel
G1 E+0.800 F3600 ; unretract
;infill-solid
G1 X0.471 Y10.000 E-nan F3600
G0 X-10.000 Y0.208 F9000 ; travel
G1 E+0.800 F3600 ; unretract
;infill-solid
G1 X-0.208 Y10.000 E-nan F3600
G0 X-10.000 Y0.886 F9000 ; travel
G1 E+0.800 F3600 ; unretract
;infill-solid
G1 X-0.886 Y10.000 E-nan F3600
G0 X-10.000 Y1.565 F9000 ; travel
G1 E+0.800 F3600 ; unretract
;infill-solid
G1 X-1.565 Y10.000 E-nan F3600
G0 X-10.000 Y2.244 F9000 ; travel
G1 E+0.800 F3600 ; unretract
;infill-solid
G1 X-2.244 Y10.000 E-nan F3600
G0 X-10.000 Y2.923 F9000 ; travel
G1 E+0.800 F3600 ; unretract
;infill-solid
G1 X-2.923 Y10.000 E-nan F3600
G0 X-10.000 Y3.602 F9000 ; travel
G1 E+0.800 F3600 ; unretract
;infill-solid
G1 X-3.602 Y10.000 E-nan F3600
G0 X-10.000 Y4.281 F9000 ; travel
G1 E+0.800 F3600 ; unretract
;infill-solid
G1 X-4.281 Y10.000 E-nan F3600
G0 X-10.000 Y4.959 F9000 ; travel
G1 E+0.800 F3600 ; unretract
;infill-solid
G1 X-4.959 Y10.000 E-nan F3600
G0 X-10.000 Y5.638 F9000 ; travel
G1 E+0.800 F3600 ; unretract
;infill-solid
G1 X-5.638 Y10.000 E-nan F3600
G0 X-10.000 Y6.317 F9000 ; travel
G1 E+0.800 F3600 ; unretract
;infill-solid
G1 X-6.317 Y10.000 E-nan F3600
G0 X-10.000 Y6.996 F9000 ; travel
G1 E+0.800 F3600 ; unretract
;infill-solid
G1 X-6.996 Y10.000 E-nan F3600
G0 X-10.000 Y7.675 F9000 ; travel
G1 E+0.800 F3600 ; unretract
;infill-solid
G1 X-7.675 Y10.000 E-nan F3600
G0 X-10.000 Y8.353 F9000 ; travel
G1 E+0.800 F3600 ; unretract
;infill-solid
G1 X-8.353 Y10.000 E-nan F3600
G0 X-10.000 Y9.032 F9000 ; travel
G1 E+0.800 F3600 ; unretract
;infill-solid
G1 X-9.032 Y10.000 E-nan F3600
G0 X-10.000 Y9.711 F9000 ; travel
G1 E+0.800 F3600 ; unretract
;infill-solid
G1 X-9.711 Y10.000 E-nan F3600
G0 X10.000 Y9.661 F9000 ; travel
G1 E+0.800 F3600 ; unretract
;infill-solid
G1 X9.661 Y10.000 E-nan F3600
G0 X10.000 Y8.982 F9000 ; travel
G1 E+0.800 F3600 ; unretract
;infill-solid
G1 X8.982 Y10.000 E-nan F3600
G0 X10.000 Y8.303 F9000 ; travel
G1 E+0.800 F3600 ; unretract
;infill-solid
G1 X8.303 Y10.000 E-nan F3600
G0 X10.000 Y7.624 F9000 ; travel
G1 E+0.800 F3600 ; unretract
;infill-solid
G1 X7.624 Y10.000 E-nan F3600
G0 X10.000 Y6.945 F9000 ; travel
G1 E+0.800 F3600 ; unretract
;infill-solid
G1 X6.945 Y10.000 E-nan F3600
G0 X10.000 Y6.266 F9000 ; travel
G1 E+0.800 F3600 ; unretract
;infill-solid
G1 X6.266 Y10.000 E-nan F3600
G0 X10.000 Y5.588 F9000 ; travel
G1 E+0.800 F3600 ; unretract
;infill-solid
G1 X5.588 Y10.000 E-nan F3600
G0 X10.000 Y4.909 F9000 ; travel
G1 E+0.800 F3600 ; unretract
;infill-solid
G1 X4.909 Y10.000 E-nan F3600
G0 X10.000 Y4.230 F9000 ; travel
G1 E+0.800 F3600 ; unretract
;infill-solid
G1 X4.230 Y10.000 E-nan F3600
G0 X10.000 Y3.551 F9000 ; travel
G1 E+0.800 F3600 ; unretract
;infill-solid
G1 X3.551 Y10.000 E-nan F3600
G0 X10.000 Y2.872 F9000 ; travel
G1 E+0.800 F3600 ; unretract
;infill-solid
G1 X2.872 Y10.000 E-nan F3600
G0 X10.000 Y2.194 F9000 ; travel
G1 E+0.800 F3600 ; unretract
;infill-solid
G1 X2.194 Y10.000 E-nan F3600
G0 X10.000 Y1.515 F9000 ; travel
G1 E+0.800 F3600 ; unretract
;infill-solid
G1 X1.515 Y10.000 E-nan F3600
G0 X10.000 Y0.836 F9000 ; travel
G1 E+0.800 F3600 ; unretract
;infill-solid
G1 X0.836 Y10.000 E-nan F3600
G0 X10.000 Y0.157 F9000 ; travel
G1 E+0.800 F3600 ; unretract
;infill-solid
G1 X0.157 Y10.000 E-nan F3600
G0 X10.000 Y-0.522 F9000 ; travel
G1 E+0.800 F3600 ; unretract
;infill-solid
G1 X-0.522 Y10.000 E-nan F3600
G0 X10.000 Y-1.201 F9000 ; travel
G1 E+0.800 F3600 ; unretract
;infill-solid
G1 X-1.201 Y10.000 E-nan F3600
G0 X10.000 Y-1.879 F9000 ; travel
G1 E+0.800 F3600 ; unretract
;infill-solid
G1 X-1.879 Y10.000 E-nan F3600
G0 X10.000 Y-2.558 F9000 ; travel
G1 E+0.800 F3600 ; unretract
;infill-solid
G1 X-2.558 Y10.000 E-nan F3600
G0 X10.000 Y-3.237 F9000 ; travel
G1 E+0.800 F3600 ; unretract
;infill-solid
G1 X-3.237 Y10.000 E-nan F3600
G0 X10.000 Y-3.916 F9000 ; travel
G1 E+0.800 F3600 ; unretract
;infill-solid
G1 X-3.916 Y10.000 E-nan F3600
G0 X10.000 Y-4.595 F9000 ; travel
G1 E+0.800 F3600 ; unretract
;infill-solid
G1 X-4.595 Y10.000 E-nan F3600
G0 X10.000 Y-5.273 F9000 ; travel
G1 E+0.800 F3600 ; unretract
;infill-solid
G1 X-5.273 Y10.000 E-nan F3600
G0 X10.000 Y-5.952 F9000 ; travel
G1 E+0.800 F3600 ; unretract
;infill-solid
G1 X-5.952 Y10.000 E-nan F3600
G0 X10.000 Y-6.631 F9000 ; travel
G1 E+0.800 F3600 ; unretract
;infill-solid
G1 X-6.631 Y10.000 E-nan F3600
G0 X10.000 Y-7.310 F9000 ; travel
G1 E+0.800 F3600 ; unretract
;infill-solid
G1 X-7.310 Y10.000 E-nan F3600
G0 X10.000 Y-7.989 F9000 ; travel
G1 E+0.800 F3600 ; unretract
;infill-solid
G1 X-7.989 Y10.000 E-nan F3600
G0 X10.000 Y-8.668 F9000 ; travel
G1 E+0.800 F3600 ; unretract
;infill-solid
G1 X-8.668 Y10.000 E-nan F3600
G0 X10.000 Y-9.346 F9000 ; travel
G1 E+0.800 F3600 ; unretract
;infill-solid
G1 X-9.346 Y10.000 E-nan F3600
G0 X9.975 Y-10.000 F9000 ; travel
G1 E+0.800 F3600 ; unretract
;infill-solid
G1 X-10.000 Y9.975 E-nan F3600
G0 X9.296 Y-10.000 F9000 ; travel
G1 E+0.800 F3600 ; unretract
;infill-solid
G1 X-10.000 Y9.296 E-nan F3600
G0 X8.617 Y-10.000 F9000 ; travel
G1 E+0.800 F3600 ; unretract
;infill-solid
G1 X-10.000 Y8.617 E-nan F3600
G0 X7.938 Y-10.000 F9000 ; travel
G1 E+0.800 F3600 ; unretract
;infill-solid
G1 X-10.000 Y7.938 E-nan F3600
G0 X7.259 Y-10.000 F9000 ; travel
G1 E+0.800 F3600 ; unretract
;infill-solid
G1 X-10.000 Y7.259 E-nan F3600
G0 X6.581 Y-10.000 F9000 ; travel
G1 E+0.800 F3600 ; unretract
;infill-solid
G1 X-10.000 Y6.581 E-nan F3600
G0 X5.902 Y-10.000 F9000 ; travel
G1 E+0.800 F3600 ; unretract
;infill-solid
G1 X-10.000 Y5.902 E-nan F3600
G0 X5.223 Y-10.000 F9000 ; travel
G1 E+0.800 F3600 ; unretract
;infill-solid
G1 X-10.000 Y5.223 E-nan F3600
G0 X4.544 Y-10.000 F9000 ; travel
G1 E+0.800 F3600 ; unretract
;infill-solid
G1 X-10.000 Y4.544 E-nan F3600
G0 X3.865 Y-10.000 F9000 ; travel
G1 E+0.800 F3600 ; unretract
;infill-solid
G1 X-10.000 Y3.865 E-nan F3600
G0 X3.187 Y-10.000 F9000 ; travel
G1 E+0.800 F3600 ; unretract
;infill-solid
G1 X-10.000 Y3.187 E-nan F3600
G0 X2.508 Y-10.000 F9000 ; travel
G1 E+0.800 F3600 ; unretract
;infill-solid
G1 X-10.000 Y2.508 E-nan F3600
G0 X1.829 Y-10.000 F9000 ; travel
G1 E+0.800 F3600 ; unretract
;infill-solid
G1 X-10.000 Y1.829 E-nan F3600
G0 X0.000 Y0.000 F9000 ; travel
G1 E+0.800 F3600 ; unretract
;infill-solid
G1 X-7216890464314775122797920256.000 Y0.000 E-nan F3600
G0 X0.000 Y0.000 F9000 ; travel
G1 E+0.800 F3600 ; unretract
;infill-solid
G1 X0.000 Y0.000 E-nan F3600
G0 X0.000 Y0.480 F9000 ; travel
G1 E+0.800 F3600 ; unretract
;infill-solid
G1 X0.000 Y0.000 E-nan F3600
G0 X0.000 Y-14.142 F9000 ; travel
G1 E+0.800 F3600 ; unretract
;infill-solid
G1 X0.000 Y0.000 E-nan F3600
G0 X0.000 Y0.480 F9000 ; travel
G1 E+0.800 F3600 ; unretract
;infill-solid
G1 X0.000 Y0.566 E-nan F3600
G0 X0.000 Y0.000 F9000 ; travel
G1 E+0.800 F3600 ; unretract
;infill-solid
G1 X0.000 Y0.000 E-nan F3600
G0 X0.000 Y0.480 F9000 ; travel
G1 E+0.800 F3600 ; unretract
;infill-solid
G1 X0.000 Y-nan E-nan F3600
G0 X0.000 Y0.000 F9000 ; travel
G1 E+0.800 F3600 ; unretract
;infill-solid
G1 X0.000 Y0.000 E-nan F3600
G0 X0.000 Y0.480 F9000 ; travel
G1 E+0.800 F3600 ; unretract
;infill-solid
G1 X0.000 Y0.000 E-nan F3600
G0 X0.000 Y0.000 F9000 ; travel
G1 E+0.800 F3600 ; unretract
;infill-solid
G1 X0.000 Y0.000 E-nan F3600
G0 X0.000 Y0.480 F9000 ; travel
G1 E+0.800 F3600 ; unretract
;infill-solid
G1 X0.000 Y5.980 E-nan F3600
G0 X0.000 Y5.000 F9000 ; travel
G1 E+0.800 F3600 ; unretract
;infill-solid
G1 X0.000 Y0.000 E-nan F3600
G0 X0.000 Y0.480 F9000 ; travel
G1 E+0.800 F3600 ; unretract
;infill-solid
G1 X0.000 Y0.000 E-nan F3600
G0 X0.000 Y0.000 F9000 ; travel
G1 E+0.800 F3600 ; unretract
;infill-solid
G1 X0.000 Y0.000 E-nan F3600
G0 X0.000 Y0.480 F9000 ; travel
G1 E+0.800 F3600 ; unretract
;infill-solid
G1 X0.000 Y0.000 E-nan F3600
G0 X0.000 Y0.480 F9000 ; travel
G1 E+0.800 F3600 ; unretract
;infill-solid
G1 X0.000 Y0.000 E-nan F3600
G0 X0.000 Y0.480 F9000 ; travel
G1 E+0.800 F3600 ; unretract
;infill-solid
G1 X0.000 Y0.000 E-nan F3600
M104 S0 ; hotend off
M140 S0 ; bed off
; auto-eject sequence (release temp 40C)
M190 S40 ; wait for bed cool to release temp
M300 S440 P100 ; alert
M280 P0 S90 ; servo eject
G1 X0 Y0 F3000 ; park
M84 ; motors off
; llc end
;FARM_JOB_END:job2 ;FARM_OK
; llc farm batch end (1/1 ok)
