; generated by llama-cad-eda slicer (Orca-style)
; printer: llama-cad-eda (Orca-style)
; layers: 79 layer_height: 0.20 filament: inf mm est_time: inf s
M140 S60
M190 S60
M104 S210
M109 S210
G28 ; home all axes
;LAYER:1 ;Z:0.20
G1 Z0.20 F9000 ; move to layer
G92 E0 ; reset extruder at layer start
G0 X64.000 Y36.000 F9000 ; travel
G1 E+0.800 F3600 ; unretract
;perimeter
G1 X36.400 Y36.000 E1.9016 F3600
G1 X36.000 Y36.000 E1.9175 F3600
G1 X36.000 Y63.600 E3.0191 F3600
G1 X36.000 Y64.000 E3.0351 F3600
G1 X63.600 Y64.000 E4.1367 F3600
G1 X64.000 Y64.000 E4.1526 F3600
G1 X64.000 Y36.400 E5.2542 F3600
G1 E-0.800 F9000 ; retract
G0 X63.520 Y36.480 F9000 ; travel
G1 E+0.800 F3600 ; unretract
;perimeter
G1 X36.400 Y36.480 E6.3366 F3600
G1 X36.480 Y36.480 E6.3398 F3600
G1 X36.480 Y63.600 E7.4222 F3600
G1 X36.480 Y63.520 E7.4254 F3600
G1 X63.600 Y63.520 E8.5078 F3600
G1 X63.520 Y63.520 E8.5110 F3600
G1 X63.520 Y36.400 E9.5934 F3600
G1 E-0.800 F9000 ; retract
G0 X5.854 Y5.925 F9000 ; travel
G1 E+0.800 F3600 ; unretract
;perimeter
G1 X0.000 Y0.000 E9.9259 F3600
G1 X0.000 Y70361966260224807403520.000 Einf F3600
G1 E-0.800 F9000 ; retract
G0 X-0.170 Y0.170 F9000 ; travel
G1 E+0.800 F3600 ; unretract
;infill-solid
G1 X0.000 Y0.339 Einf F3600
G1 E-0.800 F9000 ; retract
G0 X-0.509 Y0.509 F9000 ; travel
G1 E+0.800 F3600 ; unretract
;infill-solid
G1 X0.000 Y1.018 Einf F3600
G1 E-0.800 F9000 ; retract
G0 X-0.849 Y0.849 F9000 ; travel
G1 E+0.800 F3600 ; unretract
;infill-solid
G1 X0.000 Y1.697 Einf F3600
G1 E-0.800 F9000 ; retract
G0 X-1.188 Y1.188 F9000 ; travel
G1 E+0.800 F3600 ; unretract
;infill-solid
G1 X-0.000 Y2.376 Einf F3600
G1 E-0.800 F9000 ; retract
G0 X-1.527 Y1.527 F9000 ; travel
G1 E+0.800 F3600 ; unretract
;infill-solid
G1 X0.000 Y3.055 Einf F3600
G1 E-0.800 F9000 ; retract
G0 X-1.867 Y1.867 F9000 ; travel
G1 E+0.800 F3600 ; unretract
;infill-solid
G1 X0.000 Y3.734 Einf F3600
G1 E-0.800 F9000 ; retract
G0 X-2.206 Y2.206 F9000 ; travel
G1 E+0.800 F3600 ; unretract
;infill-solid
G1 X0.000 Y4.412 Einf F3600
G1 E-0.800 F9000 ; retract
G0 X-2.546 Y2.546 F9000 ; travel
G1 E+0.800 F3600 ; unretract
;infill-solid
G1 X0.000 Y5.091 Einf F3600
G1 E-0.800 F9000 ; retract
G0 X-2.885 Y2.885 F9000 ; travel
G1 E+0.800 F3600 ; unretract
;infill-solid
G1 X0.000 Y5.770 Einf F3600
G1 E-0.800 F9000 ; retract
G0 X-3.224 Y3.224 F9000 ; travel
G1 E+0.800 F3600 ; unretract
;infill-solid
G1 X0.000 Y6.449 Einf F3600
G1 E-0.800 F9000 ; retract
G0 X-3.564 Y3.564 F9000 ; travel
G1 E+0.800 F3600 ; unretract
;infill-solid
G1 X0.000 Y7.128 Einf F3600
G1 E-0.800 F9000 ; retract
G0 X-3.903 Y3.903 F9000 ; travel
G1 E+0.800 F3600 ; unretract
;infill-solid
G1 X0.000 Y7.806 Einf F3600
G1 E-0.800 F9000 ; retract
G0 X-4.243 Y4.243 F9000 ; travel
G1 E+0.800 F3600 ; unretract
;infill-solid
G1 X0.000 Y8.485 Einf F3600
G1 E-0.800 F9000 ; retract
G0 X-4.582 Y4.582 F9000 ; travel
G1 E+0.800 F3600 ; unretract
;infill-solid
G1 X0.000 Y9.164 Einf F3600
G1 E-0.800 F9000 ; retract
G0 X-4.921 Y4.921 F9000 ; travel
G1 E+0.800 F3600 ; unretract
;infill-solid
G1 X0.000 Y9.843 Einf F3600
G1 E-0.800 F9000 ; retract
G0 X-5.261 Y5.261 F9000 ; travel
G1 E+0.800 F3600 ; unretract
;infill-solid
G1 X-0.000 Y10.522 Einf F3600
G1 E-0.800 F9000 ; retract
G0 X-5.600 Y5.600 F9000 ; travel
G1 E+0.800 F3600 ; unretract
;infill-solid
G1 X0.000 Y11.201 Einf F3600
G1 E-0.800 F9000 ; retract
G0 X-5.940 Y5.940 F9000 ; travel
G1 E+0.800 F3600 ; unretract
;infill-solid
G1 X0.000 Y11.879 Einf F3600
G1 E-0.800 F9000 ; retract
G0 X-6.279 Y6.279 F9000 ; travel
G1 E+0.800 F3600 ; unretract
;infill-solid
G1 X0.000 Y12.558 Einf F3600
G1 E-0.800 F9000 ; retract
G0 X-6.619 Y6.619 F9000 ; travel
G1 E+0.800 F3600 ; unretract
;infill-solid
G1 X0.000 Y13.237 Einf F3600
G1 E-0.800 F9000 ; retract
G0 X-6.958 Y6.958 F9000 ; travel
G1 E+0.800 F3600 ; unretract
;infill-solid
G1 X0.000 Y13.916 Einf F3600
G1 E-0.800 F9000 ; retract
G0 X-7.297 Y7.297 F9000 ; travel
G1 E+0.800 F3600 ; unretract
;infill-solid
G1 X0.000 Y14.595 Einf F3600
G1 E-0.800 F9000 ; retract
G0 X-7.637 Y7.637 F9000 ; travel
G1 E+0.800 F3600 ; unretract
;infill-solid
G1 X0.000 Y15.274 Einf F3600
G1 E-0.800 F9000 ; retract
G0 X-7.976 Y7.976 F9000 ; travel
G1 E+0.800 F3600 ; unretract
;infill-solid
G1 X-0.000 Y15.952 Einf F3600
G1 E-0.800 F9000 ; retract
G0 X-8.316 Y8.316 F9000 ; travel
G1 E+0.800 F3600 ; unretract
;infill-solid
G1 X0.000 Y16.631 Einf F3600
G1 E-0.800 F9000 ; retract
G0 X-8.655 Y8.655 F9000 ; travel
G1 E+0.800 F3600 ; unretract
;infill-solid
G1 X0.000 Y17.310 Einf F3600
G1 E-0.800 F9000 ; retract
G0 X-8.994 Y8.994 F9000 ; travel
G1 E+0.800 F3600 ; unretract
;infill-solid
G1 X0.000 Y17.989 Einf F3600
G1 E-0.800 F9000 ; retract
G0 X-9.334 Y9.334 F9000 ; travel
G1 E+0.800 F3600 ; unretract
;infill-solid
G1 X0.000 Y18.668 Einf F3600
G1 E-0.800 F9000 ; retract
G0 X-9.673 Y9.673 F9000 ; travel
G1 E+0.800 F3600 ; unretract
;infill-solid
G1 X0.000 Y19.346 Einf F3600
G1 E-0.800 F9000 ; retract
G0 X-10.013 Y10.013 F9000 ; travel
G1 E+0.800 F3600 ; unretract
;infill-solid
G1 X0.000 Y20.025 Einf F3600
G1 E-0.800 F9000 ; retract
G0 X-10.352 Y10.352 F9000 ; travel
G1 E+0.800 F3600 ; unretract
;infill-solid
G1 X0.000 Y20.704 Einf F3600
G1 E-0.800 F9000 ; retract
G0 X-10.691 Y10.691 F9000 ; travel
G1 E+0.800 F3600 ; unretract
;infill-solid
G1 X0.000 Y21.383 Einf F3600
G1 E-0.800 F9000 ; retract
G0 X-11.031 Y11.031 F9000 ; travel
G1 E+0.800 F3600 ; unretract
;infill-solid
G1 X-0.000 Y22.062 Einf F3600
G1 E-0.800 F9000 ; retract
G0 X-11.370 Y11.370 F9000 ; travel
G1 E+0.800 F3600 ; unretract
;infill-solid
G1 X0.000 Y22.741 Einf F3600
G1 E-0.800 F9000 ; retract
G0 X-11.710 Y11.710 F9000 ; travel
G1 E+0.800 F3600 ; unretract
;infill-solid
G1 X0.000 Y23.419 Einf F3600
G1 E-0.800 F9000 ; retract
G0 X-12.049 Y12.049 F9000 ; travel
G1 E+0.800 F3600 ; unretract
;infill-solid
G1 X0.000 Y24.098 Einf F3600
G1 E-0.800 F9000 ; retract
G0 X-12.389 Y12.389 F9000 ; travel
G1 E+0.800 F3600 ; unretract
;infill-solid
G1 X0.000 Y24.777 Einf F3600
G1 E-0.800 F9000 ; retract
G0 X-12.728 Y12.728 F9000 ; travel
G1 E+0.800 F3600 ; unretract
;infill-solid
G1 X0.000 Y25.456 Einf F3600
G1 E-0.800 F9000 ; retract
G0 X-13.067 Y13.067 F9000 ; travel
G1 E+0.800 F3600 ; unretract
;infill-solid
G1 X0.000 Y26.135 Einf F3600
G1 E-0.800 F9000 ; retract
G0 X-13.407 Y13.407 F9000 ; travel
G1 E+0.800 F3600 ; unretract
;infill-solid
G1 X0.000 Y26.813 Einf F3600
G1 E-0.800 F9000 ; retract
G0 X-13.746 Y13.746 F9000 ; travel
G1 E+0.800 F3600 ; unretract
;infill-solid
G1 X0.000 Y27.492 Einf F3600
G1 E-0.800 F9000 ; retract
G0 X-14.086 Y14.086 F9000 ; travel
G1 E+0.800 F3600 ; unretract
;infill-solid
G1 X0.000 Y28.171 Einf F3600
G1 E-0.800 F9000 ; retract
G0 X-14.425 Y14.425 F9000 ; travel
G1 E+0.800 F3600 ; unretract
;infill-solid
G1 X0.000 Y28.850 Einf F3600
G1 E-0.800 F9000 ; retract
G0 X-14.764 Y14.764 F9000 ; travel
G1 E+0.800 F3600 ; unretract
;infill-solid
G1 X0.000 Y29.529 Einf F3600
G1 E-0.800 F9000 ; retract
G0 X-15.104 Y15.104 F9000 ; travel
G1 E+0.800 F3600 ; unretract
;infill-solid
G1 X0.000 Y30.208 Einf F3600
G1 E-0.800 F9000 ; retract
G0 X-15.443 Y15.443 F9000 ; travel
G1 E+0.800 F3600 ; unretract
;infill-solid
G1 X0.000 Y30.886 Einf F3600
G1 E-0.800 F9000 ; retract
G0 X-15.783 Y15.783 F9000 ; travel
G1 E+0.800 F3600 ; unretract
;infill-solid
G1 X-0.000 Y31.565 Einf F3600
G1 E-0.800 F9000 ; retract
G0 X-16.122 Y16.122 F9000 ; travel
G1 E+0.800 F3600 ; unretract
;infill-solid
G1 X0.000 Y32.244 Einf F3600
G1 E-0.800 F9000 ; retract
G0 X-16.461 Y16.461 F9000 ; travel
G1 E+0.800 F3600 ; unretract
;infill-solid
G1 X0.000 Y32.923 Einf F3600
G1 E-0.800 F9000 ; retract
G0 X-16.801 Y16.801 F9000 ; travel
G1 E+0.800 F3600 ; unretract
;infill-solid
G1 X0.000 Y33.602 Einf F3600
G1 E-0.800 F9000 ; retract
G0 X-17.140 Y17.140 F9000 ; travel
G1 E+0.800 F3600 ; unretract
;infill-solid
G1 X0.000 Y34.281 Einf F3600
G1 E-0.800 F9000 ; retract
G0 X-17.480 Y17.480 F9000 ; travel
G1 E+0.800 F3600 ; unretract
;infill-solid
G1 X0.000 Y34.959 Einf F3600
G1 E-0.800 F9000 ; retract
G0 X-17.819 Y17.819 F9000 ; travel
G1 E+0.800 F3600 ; unretract
;infill-solid
G1 X0.000 Y35.638 Einf F3600
G1 E-0.800 F9000 ; retract
G0 X-18.158 Y18.158 F9000 ; travel
G1 E+0.800 F3600 ; unretract
;infill-solid
G1 X0.000 Y36.317 Einf F3600
G1 E-0.800 F9000 ; retract
G0 X-18.498 Y18.498 F9000 ; travel
G1 E+0.800 F3600 ; unretract
;infill-solid
G1 X0.000 Y36.996 Einf F3600
G1 E-0.800 F9000 ; retract
G0 X-18.837 Y18.837 F9000 ; travel
G1 E+0.800 F3600 ; unretract
;infill-solid
G1 X0.000 Y37.675 Einf F3600
G1 E-0.800 F9000 ; retract
G0 X-19.177 Y19.177 F9000 ; travel
G1 E+0.800 F3600 ; unretract
;infill-solid
G1 X0.000 Y38.353 Einf F3600
G1 E-0.800 F9000 ; retract
G0 X-19.516 Y19.516 F9000 ; travel
G1 E+0.800 F3600 ; unretract
;infill-solid
G1 X0.000 Y39.032 Einf F3600
G1 E-0.800 F9000 ; retract
G0 X-19.856 Y19.856 F9000 ; travel
G1 E+0.800 F3600 ; unretract
;infill-solid
G1 X0.000 Y39.711 Einf F3600
G1 E-0.800 F9000 ; retract
G0 X-20.195 Y20.195 F9000 ; travel
G1 E+0.800 F3600 ; unretract
;infill-solid
G1 X0.000 Y40.390 Einf F3600
G1 E-0.800 F9000 ; retract
G0 X-20.534 Y20.534 F9000 ; travel
G1 E+0.800 F3600 ; unretract
;infill-solid
G1 X0.000 Y41.069 Einf F3600
G1 E-0.800 F9000 ; retract
G0 X-20.874 Y20.874 F9000 ; travel
G1 E+0.800 F3600 ; unretract
;infill-solid
G1 X0.000 Y41.748 Einf F3600
G1 E-0.800 F9000 ; retract
G0 X-21.213 Y21.213 F9000 ; travel
G1 E+0.800 F3600 ; unretract
;infill-solid
G1 X0.000 Y42.426 Einf F3600
G1 E-0.800 F9000 ; retract
G0 X-21.553 Y21.553 F9000 ; travel
G1 E+0.800 F3600 ; unretract
;infill-solid
G1 X0.000 Y43.105 Einf F3600
;LAYER:2 ;Z:0.40
G1 Z0.40 F9000 ; move to layer
G92 E0 ; reset extruder at layer start
G1 E-0.800 F9000 ; retract
G0 X64.000 Y36.000 F9000 ; travel
G1 E+0.800 F3600 ; unretract
;perimeter
G1 X36.800 Y36.000 Einf F3600
G1 X36.000 Y36.000 Einf F3600
G1 X36.000 Y63.200 Einf F3600
G1 X36.000 Y64.000 Einf F3600
G1 X63.200 Y64.000 Einf F3600
G1 X64.000 Y64.000 Einf F3600
G1 X64.000 Y36.800 Einf F3600
G1 E-0.800 F9000 ; retract
G0 X63.520 Y36.480 F9000 ; travel
G1 E+0.800 F3600 ; unretract
;perimeter
G1 X36.800 Y36.480 Einf F3600
G1 X36.480 Y36.480 Einf F3600
G1 X36.480 Y63.200 Einf F3600
G1 X36.480 Y63.520 Einf F3600
G1 X63.200 Y63.520 Einf F3600
G1 X63.520 Y63.520 Einf F3600
G1 X63.520 Y36.800 Einf F3600
G1 E-0.800 F9000 ; retract
G0 X11.707 Y11.850 F9000 ; travel
G1 E+0.800 F3600 ; unretract
;perimeter
G1 X0.000 Y0.000 Einf F3600
G1 X0.000 Y70361966260224807403520.000 Einf F3600
G1 E-0.800 F9000 ; retract
G0 X-0.170 Y0.170 F9000 ; travel
G1 E+0.800 F3600 ; unretract
;infill-solid
G1 X0.000 Y0.339 Einf F3600
G1 E-0.800 F9000 ; retract
G0 X-0.509 Y0.509 F9000 ; travel
G1 E+0.800 F3600 ; unretract
;infill-solid
G1 X-0.000 Y1.018 Einf F3600
G1 E-0.800 F9000 ; retract
G0 X-0.849 Y0.849 F9000 ; travel
G1 E+0.800 F3600 ; unretract
;infill-solid
G1 X0.000 Y1.697 Einf F3600
G1 E-0.800 F9000 ; retract
G0 X-1.188 Y1.188 F9000 ; travel
G1 E+0.800 F3600 ; unretract
;infill-solid
G1 X0.000 Y2.376 Einf F3600
G1 E-0.800 F9000 ; retract
G0 X-1.527 Y1.527 F9000 ; travel
G1 E+0.800 F3600 ; unretract
;infill-solid
G1 X0.000 Y3.055 Einf F3600
G1 E-0.800 F9000 ; retract
G0 X-1.867 Y1.867 F9000 ; travel
G1 E+0.800 F3600 ; unretract
;infill-solid
G1 X0.000 Y3.734 Einf F3600
G1 E-0.800 F9000 ; retract
G0 X-2.206 Y2.206 F9000 ; travel
G1 E+0.800 F3600 ; unretract
;infill-solid
G1 X0.000 Y4.412 Einf F3600
G1 E-0.800 F9000 ; retract
G0 X-2.546 Y2.546 F9000 ; travel
G1 E+0.800 F3600 ; unretract
;infill-solid
G1 X0.000 Y5.091 Einf F3600
G1 E-0.800 F9000 ; retract
G0 X-2.885 Y2.885 F9000 ; travel
G1 E+0.800 F3600 ; unretract
;infill-solid
G1 X0.000 Y5.770 Einf F3600
G1 E-0.800 F9000 ; retract
G0 X-3.224 Y3.224 F9000 ; travel
G1 E+0.800 F3600 ; unretract
;infill-solid
G1 X0.000 Y6.449 Einf F3600
G1 E-0.800 F9000 ; retract
G0 X-3.564 Y3.564 F9000 ; travel
G1 E+0.800 F3600 ; unretract
;infill-solid
G1 X0.000 Y7.128 Einf F3600
G1 E-0.800 F9000 ; retract
G0 X-3.903 Y3.903 F9000 ; travel
G1 E+0.800 F3600 ; unretract
;infill-solid
G1 X0.000 Y7.806 Einf F3600
G1 E-0.800 F9000 ; retract
G0 X-4.243 Y4.243 F9000 ; travel
G1 E+0.800 F3600 ; unretract
;infill-solid
G1 X0.000 Y8.485 Einf F3600
G1 E-0.800 F9000 ; retract
G0 X-4.582 Y4.582 F9000 ; travel
G1 E+0.800 F3600 ; unretract
;infill-solid
G1 X0.000 Y9.164 Einf F3600
G1 E-0.800 F9000 ; retract
G0 X-4.921 Y4.921 F9000 ; travel
G1 E+0.800 F3600 ; unretract
;infill-solid
G1 X0.000 Y9.843 Einf F3600
G1 E-0.800 F9000 ; retract
G0 X-5.261 Y5.261 F9000 ; travel
G1 E+0.800 F3600 ; unretract
;infill-solid
G1 X0.000 Y10.522 Einf F3600
G1 E-0.800 F9000 ; retract
G0 X-5.600 Y5.600 F9000 ; travel
G1 E+0.800 F3600 ; unretract
;infill-solid
G1 X0.000 Y11.201 Einf F3600
G1 E-0.800 F9000 ; retract
G0 X-5.940 Y5.940 F9000 ; travel
G1 E+0.800 F3600 ; unretract
;infill-solid
G1 X0.000 Y11.879 Einf F3600
G1 E-0.800 F9000 ; retract
G0 X-6.279 Y6.279 F9000 ; travel
G1 E+0.800 F3600 ; unretract
;infill-solid
G1 X0.000 Y12.558 Einf F3600
G1 E-0.800 F9000 ; retract
G0 X-6.619 Y6.619 F9000 ; travel
G1 E+0.800 F3600 ; unretract
;infill-solid
G1 X0.000 Y13.237 Einf F3600
G1 E-0.800 F9000 ; retract
G0 X-6.958 Y6.958 F9000 ; travel
G1 E+0.800 F3600 ; unretract
;infill-solid
G1 X0.000 Y13.916 Einf F3600
G1 E-0.800 F9000 ; retract
G0 X-7.297 Y7.297 F9000 ; travel
G1 E+0.800 F3600 ; unretract
;infill-solid
G1 X0.000 Y14.595 Einf F3600
G1 E-0.800 F9000 ; retract
G0 X-7.637 Y7.637 F9000 ; travel
G1 E+0.800 F3600 ; unretract
;infill-solid
G1 X0.000 Y15.274 Einf F3600
G1 E-0.800 F9000 ; retract
G0 X-7.976 Y7.976 F9000 ; travel
G1 E+0.800 F3600 ; unretract
;infill-solid
G1 X-0.000 Y15.952 Einf F3600
G1 E-0.800 F9000 ; retract
G0 X-8.316 Y8.316 F9000 ; travel
G1 E+0.800 F3600 ; unretract
;infill-solid
G1 X0.000 Y16.631 Einf F3600
G1 E-0.800 F9000 ; retract
G0 X-8.655 Y8.655 F9000 ; travel
G1 E+0.800 F3600 ; unretract
;infill-solid
G1 X0.000 Y17.310 Einf F3600
G1 E-0.800 F9000 ; retract
G0 X-8.994 Y8.994 F9000 ; travel
G1 E+0.800 F3600 ; unretract
;infill-solid
G1 X0.000 Y17.989 Einf F3600
G1 E-0.800 F9000 ; retract
G0 X-9.334 Y9.334 F9000 ; travel
G1 E+0.800 F3600 ; unretract
;infill-solid
G1 X0.000 Y18.668 Einf F3600
G1 E-0.800 F9000 ; retract
G0 X-9.673 Y9.673 F9000 ; travel
G1 E+0.800 F3600 ; unretract
;infill-solid
G1 X0.000 Y19.346 Einf F3600
G1 E-0.800 F9000 ; retract
G0 X-10.013 Y10.013 F9000 ; travel
G1 E+0.800 F3600 ; unretract
;infill-solid
G1 X0.000 Y20.025 Einf F3600
G1 E-0.800 F9000 ; retract
G0 X-10.352 Y10.352 F9000 ; travel
G1 E+0.800 F3600 ; unretract
;infill-solid
G1 X0.000 Y20.704 Einf F3600
G1 E-0.800 F9000 ; retract
G0 X-10.691 Y10.691 F9000 ; travel
G1 E+0.800 F3600 ; unretract
;infill-solid
G1 X0.000 Y21.383 Einf F3600
G1 E-0.800 F9000 ; retract
G0 X-11.031 Y11.031 F9000 ; travel
G1 E+0.800 F3600 ; unretract
;infill-solid
G1 X-0.000 Y22.062 Einf F3600
G1 E-0.800 F9000 ; retract
G0 X-11.370 Y11.370 F9000 ; travel
G1 E+0.800 F3600 ; unretract
;infill-solid
G1 X0.000 Y22.741 Einf F3600
G1 E-0.800 F9000 ; retract
G0 X-11.710 Y11.710 F9000 ; travel
G1 E+0.800 F3600 ; unretract
;infill-solid
G1 X0.000 Y23.419 Einf F3600
G1 E-0.800 F9000 ; retract
G0 X-12.049 Y12.049 F9000 ; travel
G1 E+0.800 F3600 ; unretract
;infill-solid
G1 X0.000 Y24.098 Einf F3600
G1 E-0.800 F9000 ; retract
G0 X-12.389 Y12.389 F9000 ; travel
G1 E+0.800 F3600 ; unretract
;infill-solid
G1 X0.000 Y24.777 Einf F3600
G1 E-0.800 F9000 ; retract
G0 X-12.728 Y12.728 F9000 ; travel
G1 E+0.800 F3600 ; unretract
;infill-solid
G1 X0.000 Y25.456 Einf F3600
G1 E-0.800 F9000 ; retract
G0 X-13.067 Y13.067 F9000 ; travel
G1 E+0.800 F3600 ; unretract
;infill-solid
G1 X0.000 Y26.135 Einf F3600
G1 E-0.800 F9000 ; retract
G0 X-13.407 Y13.407 F9000 ; travel
G1 E+0.800 F3600 ; unretract
;infill-solid
G1 X0.000 Y26.813 Einf F3600
G1 E-0.800 F9000 ; retract
G0 X-13.746 Y13.746 F9000 ; travel
G1 E+0.800 F3600 ; unretract
;infill-solid
G1 X0.000 Y27.492 Einf F3600
G1 E-0.800 F9000 ; retract
G0 X-14.086 Y14.086 F9000 ; travel
G1 E+0.800 F3600 ; unretract
;infill-solid
G1 X0.000 Y28.171 Einf F3600
G1 E-0.800 F9000 ; retract
G0 X-14.425 Y14.425 F9000 ; travel
G1 E+0.800 F3600 ; unretract
;infill-solid
G1 X0.000 Y28.850 Einf F3600
G1 E-0.800 F9000 ; retract
G0 X-14.764 Y14.764 F9000 ; travel
G1 E+0.800 F3600 ; unretract
;infill-solid
G1 X0.000 Y29.529 Einf F3600
G1 E-0.800 F9000 ; retract
G0 X-15.104 Y15.104 F9000 ; travel
G1 E+0.800 F3600 ; unretract
;infill-solid
G1 X0.000 Y30.208 Einf F3600
G1 E-0.800 F9000 ; retract
G0 X-15.443 Y15.443 F9000 ; travel
G1 E+0.800 F3600 ; unretract
;infill-solid
G1 X0.000 Y30.886 Einf F3600
G1 E-0.800 F9000 ; retract
G0 X-15.783 Y15.783 F9000 ; travel
G1 E+0.800 F3600 ; unretract
;infill-solid
G1 X0.000 Y31.565 Einf F3600
G1 E-0.800 F9000 ; retract
G0 X-16.122 Y16.122 F9000 ; travel
G1 E+0.800 F3600 ; unretract
;infill-solid
G1 X0.000 Y32.244 Einf F3600
G1 E-0.800 F9000 ; retract
G0 X-16.461 Y16.461 F9000 ; travel
G1 E+0.800 F3600 ; unretract
;infill-solid
G1 X0.000 Y32.923 Einf F3600
G1 E-0.800 F9000 ; retract
G0 X-16.801 Y16.801 F9000 ; travel
G1 E+0.800 F3600 ; unretract
;infill-solid
G1 X0.000 Y33.602 Einf F3600
G1 E-0.800 F9000 ; retract
G0 X-17.140 Y17.140 F9000 ; travel
G1 E+0.800 F3600 ; unretract
;infill-solid
G1 X0.000 Y34.281 Einf F3600
G1 E-0.800 F9000 ; retract
G0 X-17.480 Y17.480 F9000 ; travel
G1 E+0.800 F3600 ; unretract
;infill-solid
G1 X0.000 Y34.959 Einf F3600
G1 E-0.800 F9000 ; retract
G0 X-17.819 Y17.819 F9000 ; travel
G1 E+0.800 F3600 ; unretract
;infill-solid
G1 X-0.000 Y35.638 Einf F3600
G1 E-0.800 F9000 ; retract
G0 X-18.158 Y18.158 F9000 ; travel
G1 E+0.800 F3600 ; unretract
;infill-solid
G1 X0.000 Y36.317 Einf F3600
G1 E-0.800 F9000 ; retract
G0 X-18.498 Y18.498 F9000 ; travel
G1 E+0.800 F3600 ; unretract
;infill-solid
G1 X0.000 Y36.996 Einf F3600
G1 E-0.800 F9000 ; retract
G0 X-18.837 Y18.837 F9000 ; travel
G1 E+0.800 F3600 ; unretract
;infill-solid
G1 X0.000 Y37.675 Einf F3600
G1 E-0.800 F9000 ; retract
G0 X-19.177 Y19.177 F9000 ; travel
G1 E+0.800 F3600 ; unretract
;infill-solid
G1 X0.000 Y38.353 Einf F3600
G1 E-0.800 F9000 ; retract
G0 X-19.516 Y19.516 F9000 ; travel
G1 E+0.800 F3600 ; unretract
;infill-solid
G1 X0.000 Y39.032 Einf F3600
G1 E-0.800 F9000 ; retract
G0 X-19.856 Y19.856 F9000 ; travel
G1 E+0.800 F3600 ; unretract
;infill-solid
G1 X0.000 Y39.711 Einf F3600
G1 E-0.800 F9000 ; retract
G0 X-20.195 Y20.195 F9000 ; travel
G1 E+0.800 F3600 ; unretract
;infill-solid
G1 X0.000 Y40.390 Einf F3600
G1 E-0.800 F9000 ; retract
G0 X-20.534 Y20.534 F9000 ; travel
G1 E+0.800 F3600 ; unretract
;infill-solid
G1 X0.000 Y41.069 Einf F3600
G1 E-0.800 F9000 ; retract
G0 X-20.874 Y20.874 F9000 ; travel
G1 E+0.800 F3600 ; unretract
;infill-solid
G1 X-0.000 Y41.748 Einf F3600
G1 E-0.800 F9000 ; retract
G0 X-21.213 Y21.213 F9000 ; travel
G1 E+0.800 F3600 ; unretract
;infill-solid
G1 X0.000 Y42.426 Einf F3600
G1 E-0.800 F9000 ; retract
G0 X-21.553 Y21.553 F9000 ; travel
G1 E+0.800 F3600 ; unretract
;infill-solid
G1 X0.000 Y43.105 Einf F3600
;LAYER:3 ;Z:0.60
G1 Z0.60 F9000 ; move to layer
G92 E0 ; reset extruder at layer start
G1 E-0.800 F9000 ; retract
G0 X64.000 Y36.000 F9000 ; travel
G1 E+0.800 F3600 ; unretract
;perimeter
G1 X37.200 Y36.000 Einf F3600
G1 X36.000 Y36.000 Einf F3600
G1 X36.000 Y62.800 Einf F3600
G1 X36.000 Y64.000 Einf F3600
G1 X62.800 Y64.000 Einf F3600
G1 X64.000 Y64.000 Einf F3600
G1 X64.000 Y37.200 Einf F3600
G1 E-0.800 F9000 ; retract
G0 X63.520 Y36.480 F9000 ; travel
G1 E+0.800 F3600 ; unretract
;perimeter
G1 X37.200 Y36.480 Einf F3600
G1 X36.480 Y36.480 Einf F3600
G1 X36.480 Y62.800 Einf F3600
G1 X36.480 Y63.520 Einf F3600
G1 X62.800 Y63.520 Einf F3600
G1 X63.520 Y63.520 Einf F3600
G1 X63.520 Y37.200 Einf F3600
G1 E-0.800 F9000 ; retract
G0 X17.561 Y17.775 F9000 ; travel
G1 E+0.800 F3600 ; unretract
;perimeter
G1 X0.000 Y0.000 Einf F3600
G1 X0.000 Y70361966260224807403520.000 Einf F3600
G1 E-0.800 F9000 ; retract
G0 X-1.131 Y1.131 F9000 ; travel
G1 E+0.800 F3600 ; unretract
;infill
G1 X0.000 Y2.263 Einf F3600
G1 E-0.800 F9000 ; retract
G0 X-3.394 Y3.394 F9000 ; travel
G1 E+0.800 F3600 ; unretract
;infill
G1 X0.000 Y6.788 Einf F3600
G1 E-0.800 F9000 ; retract
G0 X-5.657 Y5.657 F9000 ; travel
G1 E+0.800 F3600 ; unretract
;infill
G1 X0.000 Y11.314 Einf F3600
G1 E-0.800 F9000 ; retract
G0 X-7.920 Y7.920 F9000 ; travel
G1 E+0.800 F3600 ; unretract
;infill
G1 X0.000 Y15.839 Einf F3600
G1 E-0.800 F9000 ; retract
G0 X-10.182 Y10.182 F9000 ; travel
G1 E+0.800 F3600 ; unretract
;infill
G1 X0.000 Y20.365 Einf F3600
G1 E-0.800 F9000 ; retract
G0 X-12.445 Y12.445 F9000 ; travel
G1 E+0.800 F3600 ; unretract
;infill
G1 X0.000 Y24.890 Einf F3600
G1 E-0.800 F9000 ; retract
G0 X-14.708 Y14.708 F9000 ; travel
G1 E+0.800 F3600 ; unretract
;infill
G1 X0.000 Y29.416 Einf F3600
G1 E-0.800 F9000 ; retract
G0 X-16.971 Y16.971 F9000 ; travel
G1 E+0.800 F3600 ; unretract
;infill
G1 X0.000 Y33.941 Einf F3600
G1 E-0.800 F9000 ; retract
G0 X-19.233 Y19.233 F9000 ; travel
G1 E+0.800 F3600 ; unretract
;infill
G1 X0.000 Y38.467 Einf F3600
G1 E-0.800 F9000 ; retract
G0 X-21.496 Y21.496 F9000 ; travel
G1 E+0.800 F3600 ; unretract
;infill
G1 X0.000 Y42.992 Einf F3600
G1 E-0.800 F9000 ; retract
G0 X-23.759 Y23.759 F9000 ; travel
G1 E+0.800 F3600 ; unretract
;infill
G1 X0.000 Y47.518 Einf F3600
G1 E-0.800 F9000 ; retract
G0 X-26.022 Y26.022 F9000 ; travel
G1 E+0.800 F3600 ; unretract
;infill
G1 X0.000 Y52.043 Einf F3600
G1 E-0.800 F9000 ; retract
G0 X-28.284 Y28.284 F9000 ; travel
G1 E+0.800 F3600 ; unretract
;infill
G1 X0.000 Y56.569 Einf F3600
G1 E-0.800 F9000 ; retract
G0 X-30.547 Y30.547 F9000 ; travel
G1 E+0.800 F3600 ; unretract
;infill
G1 X0.000 Y61.094 Einf F3600
G1 E-0.800 F9000 ; retract
G0 X-32.810 Y32.810 F9000 ; travel
G1 E+0.800 F3600 ; unretract
;infill
G1 X0.000 Y65.620 Einf F3600
G1 E-0.800 F9000 ; retract
G0 X-35.073 Y35.073 F9000 ; travel
G1 E+0.800 F3600 ; unretract
;infill
G1 X0.000 Y70.145 Einf F3600
G1 E-0.800 F9000 ; retract
G0 X-37.335 Y37.335 F9000 ; travel
G1 E+0.800 F3600 ; unretract
;infill
G1 X0.000 Y74.670 Einf F3600
G1 E-0.800 F9000 ; retract
G0 X-39.598 Y39.598 F9000 ; travel
G1 E+0.800 F3600 ; unretract
;infill
G1 X0.000 Y79.196 Einf F3600
G1 E-0.800 F9000 ; retract
G0 X-41.861 Y41.861 F9000 ; travel
G1 E+0.800 F3600 ; unretract
;infill
G1 X0.000 Y83.721 Einf F3600
G1 E-0.800 F9000 ; retract
G0 X-44.123 Y44.123 F9000 ; travel
G1 E+0.800 F3600 ; unretract
;infill
G1 X0.000 Y88.247 Einf F3600
G1 E-0.800 F9000 ; retract
G0 X-46.386 Y46.386 F9000 ; travel
G1 E+0.800 F3600 ; unretract
;infill
G1 X0.000 Y92.772 Einf F3600
G1 E-0.800 F9000 ; retract
G0 X-48.649 Y48.649 F9000 ; travel
G1 E+0.800 F3600 ; unretract
;infill
G1 X0.000 Y97.298 Einf F3600
G1 E-0.800 F9000 ; retract
G0 X-50.912 Y50.912 F9000 ; travel
G1 E+0.800 F3600 ; unretract
;infill
G1 X0.000 Y101.823 Einf F3600
G1 E-0.800 F9000 ; retract
G0 X-53.174 Y53.174 F9000 ; travel
G1 E+0.800 F3600 ; unretract
;infill
G1 X0.000 Y106.349 Einf F3600
G1 E-0.800 F9000 ; retract
G0 X-55.437 Y55.437 F9000 ; travel
G1 E+0.800 F3600 ; unretract
;infill
G1 X0.000 Y110.874 Einf F3600
G1 E-0.800 F9000 ; retract
G0 X-57.700 Y57.700 F9000 ; travel
G1 E+0.800 F3600 ; unretract
;infill
G1 X0.000 Y115.400 Einf F3600
G1 E-0.800 F9000 ; retract
G0 X-59.963 Y59.963 F9000 ; travel
G1 E+0.800 F3600 ; unretract
;infill
G1 X0.000 Y119.925 Einf F3600
G1 E-0.800 F9000 ; retract
G0 X-62.225 Y62.225 F9000 ; travel
G1 E+0.800 F3600 ; unretract
;infill
G1 X0.000 Y124.451 Einf F3600
G1 E-0.800 F9000 ; retract
G0 X-64.488 Y64.488 F9000 ; travel
G1 E+0.800 F3600 ; unretract
;infill
G1 X0.000 Y128.976 Einf F3600
G1 E-0.800 F9000 ; retract
G0 X-66.751 Y66.751 F9000 ; travel
G1 E+0.800 F3600 ; unretract
;infill
G1 X0.000 Y133.502 Einf F3600
G1 E-0.800 F9000 ; retract
G0 X-69.014 Y69.014 F9000 ; travel
G1 E+0.800 F3600 ; unretract
;infill
G1 X0.000 Y138.027 Einf F3600
G1 E-0.800 F9000 ; retract
G0 X-71.276 Y71.276 F9000 ; travel
G1 E+0.800 F3600 ; unretract
;infill
G1 X0.000 Y142.553 Einf F3600
G1 E-0.800 F9000 ; retract
G0 X-73.539 Y73.539 F9000 ; travel
G1 E+0.800 F3600 ; unretract
;infill
G1 X0.000 Y147.078 Einf F3600
G1 E-0.800 F9000 ; retract
G0 X-75.802 Y75.802 F9000 ; travel
G1 E+0.800 F3600 ; unretract
;infill
G1 X0.000 Y151.604 Einf F3600
G1 E-0.800 F9000 ; retract
G0 X-78.065 Y78.065 F9000 ; travel
G1 E+0.800 F3600 ; unretract
;infill
G1 X0.000 Y156.129 Einf F3600
G1 E-0.800 F9000 ; retract
G0 X-80.327 Y80.327 F9000 ; travel
G1 E+0.800 F3600 ; unretract
;infill
G1 X0.000 Y160.655 Einf F3600
G1 E-0.800 F9000 ; retract
G0 X-82.590 Y82.590 F9000 ; travel
G1 E+0.800 F3600 ; unretract
;infill
G1 X0.000 Y165.180 Einf F3600
G1 E-0.800 F9000 ; retract
G0 X-84.853 Y84.853 F9000 ; travel
G1 E+0.800 F3600 ; unretract
;infill
G1 X0.000 Y169.706 Einf F3600
G1 E-0.800 F9000 ; retract
G0 X-87.116 Y87.116 F9000 ; travel
G1 E+0.800 F3600 ; unretract
;infill
G1 X0.000 Y174.231 Einf F3600
G1 E-0.800 F9000 ; retract
G0 X-89.378 Y89.378 F9000 ; travel
G1 E+0.800 F3600 ; unretract
;infill
G1 X0.000 Y178.757 Einf F3600
G1 E-0.800 F9000 ; retract
G0 X-91.641 Y91.641 F9000 ; travel
G1 E+0.800 F3600 ; unretract
;infill
G1 X0.000 Y183.282 Einf F3600
G1 E-0.800 F9000 ; retract
G0 X-93.904 Y93.904 F9000 ; travel
G1 E+0.800 F3600 ; unretract
;infill
G1 X0.000 Y187.807 Einf F3600
G1 E-0.800 F9000 ; retract
G0 X-96.166 Y96.166 F9000 ; travel
G1 E+0.800 F3600 ; unretract
;infill
G1 X0.000 Y192.333 Einf F3600
G1 E-0.800 F9000 ; retract
G0 X-98.429 Y98.429 F9000 ; travel
G1 E+0.800 F3600 ; unretract
;infill
G1 X0.000 Y196.858 Einf F3600
G1 E-0.800 F9000 ; retract
G0 X-100.692 Y100.692 F9000 ; travel
G1 E+0.800 F3600 ; unretract
;infill
G1 X0.000 Y201.384 Einf F3600
G1 E-0.800 F9000 ; retract
G0 X-102.955 Y102.955 F9000 ; travel
G1 E+0.800 F3600 ; unretract
;infill
G1 X0.000 Y205.909 Einf F3600
G1 E-0.800 F9000 ; retract
G0 X-105.217 Y105.217 F9000 ; travel
G1 E+0.800 F3600 ; unretract
;infill
G1 X0.000 Y210.435 Einf F3600
G1 E-0.800 F9000 ; retract
G0 X-107.480 Y107.480 F9000 ; travel
G1 E+0.800 F3600 ; unretract
;infill
G1 X0.000 Y214.960 Einf F3600
G1 E-0.800 F9000 ; retract
G0 X-109.743 Y109.743 F9000 ; travel
G1 E+0.800 F3600 ; unretract
;infill
G1 X0.000 Y219.486 Einf F3600
G1 E-0.800 F9000 ; retract
G0 X-112.006 Y112.006 F9000 ; travel
G1 E+0.800 F3600 ; unretract
;infill
G1 X0.000 Y224.011 Einf F3600
G1 E-0.800 F9000 ; retract
G0 X-114.268 Y114.268 F9000 ; travel
G1 E+0.800 F3600 ; unretract
;infill
G1 X0.000 Y228.537 Einf F3600
G1 E-0.800 F9000 ; retract
G0 X-116.531 Y116.531 F9000 ; travel
G1 E+0.800 F3600 ; unretract
;infill
G1 X0.000 Y233.062 Einf F3600
G1 E-0.800 F9000 ; retract
G0 X-118.794 Y118.794 F9000 ; travel
G1 E+0.800 F3600 ; unretract
;infill
G1 X0.000 Y237.588 Einf F3600
G1 E-0.800 F9000 ; retract
G0 X-121.057 Y121.057 F9000 ; travel
G1 E+0.800 F3600 ; unretract
;infill
G1 X-0.000 Y242.113 Einf F3600
G1 E-0.800 F9000 ; retract
G0 X-123.319 Y123.319 F9000 ; travel
G1 E+0.800 F3600 ; unretract
;infill
G1 X0.000 Y246.639 Einf F3600
G1 E-0.800 F9000 ; retract
G0 X-125.582 Y125.582 F9000 ; travel
G1 E+0.800 F3600 ; unretract
;infill
G1 X-0.000 Y251.164 Einf F3600
G1 E-0.800 F9000 ; retract
G0 X-127.845 Y127.845 F9000 ; travel
G1 E+0.800 F3600 ; unretract
;infill
G1 X0.000 Y255.690 Einf F3600
G1 E-0.800 F9000 ; retract
G0 X-130.108 Y130.108 F9000 ; travel
G1 E+0.800 F3600 ; unretract
;infill
G1 X0.000 Y260.215 Einf F3600
G1 E-0.800 F9000 ; retract
G0 X-132.370 Y132.370 F9000 ; travel
G1 E+0.800 F3600 ; unretract
;infill
G1 X0.000 Y264.741 Einf F3600
G1 E-0.800 F9000 ; retract
G0 X-134.633 Y134.633 F9000 ; travel
G1 E+0.800 F3600 ; unretract
;infill
G1 X0.000 Y269.266 Einf F3600
G1 E-0.800 F9000 ; retract
G0 X-136.896 Y136.896 F9000 ; travel
G1 E+0.800 F3600 ; unretract
;infill
G1 X0.000 Y273.792 Einf F3600
G1 E-0.800 F9000 ; retract
G0 X-139.159 Y139.159 F9000 ; travel
G1 E+0.800 F3600 ; unretract
;infill
G1 X0.000 Y278.317 Einf F3600
G1 E-0.800 F9000 ; retract
G0 X-141.421 Y141.421 F9000 ; travel
G1 E+0.800 F3600 ; unretract
;infill
G1 X0.000 Y282.843 Einf F3600
G1 E-0.800 F9000 ; retract
G0 X-143.684 Y143.684 F9000 ; travel
G1 E+0.800 F3600 ; unretract
;infill
G1 X0.000 Y287.368 Einf F3600
;LAYER:4 ;Z:0.80
G1 Z0.80 F9000 ; move to layer
G92 E0 ; reset extruder at layer start
G1 E-0.800 F9000 ; retract
G0 X64.000 Y36.000 F9000 ; travel
G1 E+0.800 F3600 ; unretract
;perimeter
G1 X37.600 Y36.000 Einf F3600
G1 X36.000 Y36.000 Einf F3600
G1 X36.000 Y62.400 Einf F3600
G1 X36.000 Y64.000 Einf F3600
G1 X62.400 Y64.000 Einf F3600
G1 X64.000 Y64.000 Einf F3600
G1 X64.000 Y37.600 Einf F3600
G1 E-0.800 F9000 ; retract
G0 X63.520 Y36.480 F9000 ; travel
G1 E+0.800 F3600 ; unretract
;perimeter
G1 X37.600 Y36.480 Einf F3600
G1 X36.480 Y36.480 Einf F3600
G1 X36.480 Y62.400 Einf F3600
G1 X36.480 Y63.520 Einf F3600
G1 X62.400 Y63.520 Einf F3600
G1 X63.520 Y63.520 Einf F3600
G1 X63.520 Y37.600 Einf F3600
G1 E-0.800 F9000 ; retract
G0 X23.415 Y23.700 F9000 ; travel
G1 E+0.800 F3600 ; unretract
;perimeter
G1 X0.000 Y0.000 Einf F3600
G1 X0.000 Y70361966260224807403520.000 Einf F3600
G1 E-0.800 F9000 ; retract
G0 X-1.131 Y1.131 F9000 ; travel
G1 E+0.800 F3600 ; unretract
;infill
G1 X0.000 Y2.263 Einf F3600
G1 E-0.800 F9000 ; retract
G0 X-3.394 Y3.394 F9000 ; travel
G1 E+0.800 F3600 ; unretract
;infill
G1 X0.000 Y6.788 Einf F3600
G1 E-0.800 F9000 ; retract
G0 X-5.657 Y5.657 F9000 ; travel
G1 E+0.800 F3600 ; unretract
;infill
G1 X0.000 Y11.314 Einf F3600
G1 E-0.800 F9000 ; retract
G0 X-7.920 Y7.920 F9000 ; travel
G1 E+0.800 F3600 ; unretract
;infill
G1 X0.000 Y15.839 Einf F3600
G1 E-0.800 F9000 ; retract
G0 X-10.182 Y10.182 F9000 ; travel
G1 E+0.800 F3600 ; unretract
;infill
G1 X0.000 Y20.365 Einf F3600
G1 E-0.800 F9000 ; retract
G0 X-12.445 Y12.445 F9000 ; travel
G1 E+0.800 F3600 ; unretract
;infill
G1 X0.000 Y24.890 Einf F3600
G1 E-0.800 F9000 ; retract
G0 X-14.708 Y14.708 F9000 ; travel
G1 E+0.800 F3600 ; unretract
;infill
G1 X0.000 Y29.416 Einf F3600
G1 E-0.800 F9000 ; retract
G0 X-16.971 Y16.971 F9000 ; travel
G1 E+0.800 F3600 ; unretract
;infill
G1 X0.000 Y33.941 Einf F3600
G1 E-0.800 F9000 ; retract
G0 X-19.233 Y19.233 F9000 ; travel
G1 E+0.800 F3600 ; unretract
;infill
G1 X0.000 Y38.467 Einf F3600
G1 E-0.800 F9000 ; retract
G0 X-21.496 Y21.496 F9000 ; travel
G1 E+0.800 F3600 ; unretract
;infill
G1 X0.000 Y42.992 Einf F3600
G1 E-0.800 F9000 ; retract
G0 X-23.759 Y23.759 F9000 ; travel
G1 E+0.800 F3600 ; unretract
;infill
G1 X0.000 Y47.518 Einf F3600
G1 E-0.800 F9000 ; retract
G0 X-26.022 Y26.022 F9000 ; travel
G1 E+0.800 F3600 ; unretract
;infill
G1 X0.000 Y52.043 Einf F3600
G1 E-0.800 F9000 ; retract
G0 X-28.284 Y28.284 F9000 ; travel
G1 E+0.800 F3600 ; unretract
;infill
G1 X0.000 Y56.569 Einf F3600
G1 E-0.800 F9000 ; retract
G0 X-30.547 Y30.547 F9000 ; travel
G1 E+0.800 F3600 ; unretract
;infill
G1 X0.000 Y61.094 Einf F3600
G1 E-0.800 F9000 ; retract
G0 X-32.810 Y32.810 F9000 ; travel
G1 E+0.800 F3600 ; unretract
;infill
G1 X0.000 Y65.620 Einf F3600
G1 E-0.800 F9000 ; retract
G0 X-35.073 Y35.073 F9000 ; travel
G1 E+0.800 F3600 ; unretract
;infill
G1 X0.000 Y70.145 Einf F3600
G1 E-0.800 F9000 ; retract
G0 X-37.335 Y37.335 F9000 ; travel
G1 E+0.800 F3600 ; unretract
;infill
G1 X0.000 Y74.670 Einf F3600
G1 E-0.800 F9000 ; retract
G0 X-39.598 Y39.598 F9000 ; travel
G1 E+0.800 F3600 ; unretract
;infill
G1 X0.000 Y79.196 Einf F3600
G1 E-0.800 F9000 ; retract
G0 X-41.861 Y41.861 F9000 ; travel
G1 E+0.800 F3600 ; unretract
;infill
G1 X0.000 Y83.721 Einf F3600
G1 E-0.800 F9000 ; retract
G0 X-44.123 Y44.123 F9000 ; travel
G1 E+0.800 F3600 ; unretract
;infill
G1 X0.000 Y88.247 Einf F3600
G1 E-0.800 F9000 ; retract
G0 X-46.386 Y46.386 F9000 ; travel
G1 E+0.800 F3600 ; unretract
;infill
G1 X0.000 Y92.772 Einf F3600
G1 E-0.800 F9000 ; retract
G0 X-48.649 Y48.649 F9000 ; travel
G1 E+0.800 F3600 ; unretract
;infill
G1 X0.000 Y97.298 Einf F3600
G1 E-0.800 F9000 ; retract
G0 X-50.912 Y50.912 F9000 ; travel
G1 E+0.800 F3600 ; unretract
;infill
G1 X0.000 Y101.823 Einf F3600
G1 E-0.800 F9000 ; retract
G0 X-53.174 Y53.174 F9000 ; travel
G1 E+0.800 F3600 ; unretract
;infill
G1 X0.000 Y106.349 Einf F3600
G1 E-0.800 F9000 ; retract
G0 X-55.437 Y55.437 F9000 ; travel
G1 E+0.800 F3600 ; unretract
;infill
G1 X0.000 Y110.874 Einf F3600
G1 E-0.800 F9000 ; retract
G0 X-57.700 Y57.700 F9000 ; travel
G1 E+0.800 F3600 ; unretract
;infill
G1 X0.000 Y115.400 Einf F3600
G1 E-0.800 F9000 ; retract
G0 X-59.963 Y59.963 F9000 ; travel
G1 E+0.800 F3600 ; unretract
;infill
G1 X0.000 Y119.925 Einf F3600
G1 E-0.800 F9000 ; retract
G0 X-62.225 Y62.225 F9000 ; travel
G1 E+0.800 F3600 ; unretract
;infill
G1 X0.000 Y124.451 Einf F3600
G1 E-0.800 F9000 ; retract
G0 X-64.488 Y64.488 F9000 ; travel
G1 E+0.800 F3600 ; unretract
;infill
G1 X0.000 Y128.976 Einf F3600
G1 E-0.800 F9000 ; retract
G0 X-66.751 Y66.751 F9000 ; travel
G1 E+0.800 F3600 ; unretract
;infill
G1 X0.000 Y133.502 Einf F3600
G1 E-0.800 F9000 ; retract
G0 X-69.014 Y69.014 F9000 ; travel
G1 E+0.800 F3600 ; unretract
;infill
G1 X0.000 Y138.027 Einf F3600
G1 E-0.800 F9000 ; retract
G0 X-71.276 Y71.276 F9000 ; travel
G1 E+0.800 F3600 ; unretract
;infill
G1 X0.000 Y142.553 Einf F3600
G1 E-0.800 F9000 ; retract
G0 X-73.539 Y73.539 F9000 ; travel
G1 E+0.800 F3600 ; unretract
;infill
G1 X0.000 Y147.078 Einf F3600
G1 E-0.800 F9000 ; retract
G0 X-75.802 Y75.802 F9000 ; travel
G1 E+0.800 F3600 ; unretract
;infill
G1 X0.000 Y151.604 Einf F3600
G1 E-0.800 F9000 ; retract
G0 X-78.065 Y78.065 F9000 ; travel
G1 E+0.800 F3600 ; unretract
;infill
G1 X0.000 Y156.129 Einf F3600
G1 E-0.800 F9000 ; retract
G0 X-80.327 Y80.327 F9000 ; travel
G1 E+0.800 F3600 ; unretract
;infill
G1 X0.000 Y160.655 Einf F3600
G1 E-0.800 F9000 ; retract
G0 X-82.590 Y82.590 F9000 ; travel
G1 E+0.800 F3600 ; unretract
;infill
G1 X0.000 Y165.180 Einf F3600
G1 E-0.800 F9000 ; retract
G0 X-84.853 Y84.853 F9000 ; travel
G1 E+0.800 F3600 ; unretract
;infill
G1 X0.000 Y169.706 Einf F3600
G1 E-0.800 F9000 ; retract
G0 X-87.116 Y87.116 F9000 ; travel
G1 E+0.800 F3600 ; unretract
;infill
G1 X0.000 Y174.231 Einf F3600
G1 E-0.800 F9000 ; retract
G0 X-89.378 Y89.378 F9000 ; travel
G1 E+0.800 F3600 ; unretract
;infill
G1 X0.000 Y178.757 Einf F3600
G1 E-0.800 F9000 ; retract
G0 X-91.641 Y91.641 F9000 ; travel
G1 E+0.800 F3600 ; unretract
;infill
G1 X0.000 Y183.282 Einf F3600
G1 E-0.800 F9000 ; retract
G0 X-93.904 Y93.904 F9000 ; travel
G1 E+0.800 F3600 ; unretract
;infill
G1 X0.000 Y187.807 Einf F3600
G1 E-0.800 F9000 ; retract
G0 X-96.166 Y96.166 F9000 ; travel
G1 E+0.800 F3600 ; unretract
;infill
G1 X0.000 Y192.333 Einf F3600
G1 E-0.800 F9000 ; retract
G0 X-98.429 Y98.429 F9000 ; travel
G1 E+0.800 F3600 ; unretract
;infill
G1 X0.000 Y196.858 Einf F3600
G1 E-0.800 F9000 ; retract
G0 X-100.692 Y100.692 F9000 ; travel
G1 E+0.800 F3600 ; unretract
;infill
G1 X0.000 Y201.384 Einf F3600
G1 E-0.800 F9000 ; retract
G0 X-102.955 Y102.955 F9000 ; travel
G1 E+0.800 F3600 ; unretract
;infill
G1 X0.000 Y205.909 Einf F3600
G1 E-0.800 F9000 ; retract
G0 X-105.217 Y105.217 F9000 ; travel
G1 E+0.800 F3600 ; unretract
;infill
G1 X0.000 Y210.435 Einf F3600
G1 E-0.800 F9000 ; retract
G0 X-107.480 Y107.480 F9000 ; travel
G1 E+0.800 F3600 ; unretract
;infill
G1 X0.000 Y214.960 Einf F3600
G1 E-0.800 F9000 ; retract
G0 X-109.743 Y109.743 F9000 ; travel
G1 E+0.800 F3600 ; unretract
;infill
G1 X0.000 Y219.486 Einf F3600
G1 E-0.800 F9000 ; retract
G0 X-112.006 Y112.006 F9000 ; travel
G1 E+0.800 F3600 ; unretract
;infill
G1 X0.000 Y224.011 Einf F3600
G1 E-0.800 F9000 ; retract
G0 X-114.268 Y114.268 F9000 ; travel
G1 E+0.800 F3600 ; unretract
;infill
G1 X0.000 Y228.537 Einf F3600
G1 E-0.800 F9000 ; retract
G0 X-116.531 Y116.531 F9000 ; travel
G1 E+0.800 F3600 ; unretract
;infill
G1 X0.000 Y233.062 Einf F3600
G1 E-0.800 F9000 ; retract
G0 X-118.794 Y118.794 F9000 ; travel
G1 E+0.800 F3600 ; unretract
;infill
G1 X0.000 Y237.588 Einf F3600
G1 E-0.800 F9000 ; retract
G0 X-121.057 Y121.057 F9000 ; travel
G1 E+0.800 F3600 ; unretract
;infill
G1 X-0.000 Y242.113 Einf F3600
G1 E-0.800 F9000 ; retract
G0 X-123.319 Y123.319 F9000 ; travel
G1 E+0.800 F3600 ; unretract
;infill
G1 X0.000 Y246.639 Einf F3600
G1 E-0.800 F9000 ; retract
G0 X-125.582 Y125.582 F9000 ; travel
G1 E+0.800 F3600 ; unretract
;infill
G1 X-0.000 Y251.164 Einf F3600
G1 E-0.800 F9000 ; retract
G0 X-127.845 Y127.845 F9000 ; travel
G1 E+0.800 F3600 ; unretract
;infill
G1 X0.000 Y255.690 Einf F3600
G1 E-0.800 F9000 ; retract
G0 X-130.108 Y130.108 F9000 ; travel
G1 E+0.800 F3600 ; unretract
;infill
G1 X0.000 Y260.215 Einf F3600
G1 E-0.800 F9000 ; retract
G0 X-132.370 Y132.370 F9000 ; travel
G1 E+0.800 F3600 ; unretract
;infill
G1 X0.000 Y264.741 Einf F3600
G1 E-0.800 F9000 ; retract
G0 X-134.633 Y134.633 F9000 ; travel
G1 E+0.800 F3600 ; unretract
;infill
G1 X0.000 Y269.266 Einf F3600
G1 E-0.800 F9000 ; retract
G0 X-136.896 Y136.896 F9000 ; travel
G1 E+0.800 F3600 ; unretract
;infill
G1 X0.000 Y273.792 Einf F3600
G1 E-0.800 F9000 ; retract
G0 X-139.159 Y139.159 F9000 ; travel
G1 E+0.800 F3600 ; unretract
;infill
G1 X0.000 Y278.317 Einf F3600
G1 E-0.800 F9000 ; retract
G0 X-141.421 Y141.421 F9000 ; travel
G1 E+0.800 F3600 ; unretract
;infill
G1 X0.000 Y282.843 Einf F3600
G1 E-0.800 F9000 ; retract
G0 X-143.684 Y143.684 F9000 ; travel
G1 E+0.800 F3600 ; unretract
;infill
G1 X0.000 Y287.368 Einf F3600
;LAYER:5 ;Z:1.00
G1 Z1.00 F9000 ; move to layer
G92 E0 ; reset extruder at layer start
G1 E-0.800 F9000 ; retract
G0 X64.000 Y36.000 F9000 ; travel
G1 E+0.800 F3600 ; unretract
;perimeter
G1 X38.000 Y36.000 Einf F3600
G1 X36.000 Y36.000 Einf F3600
G1 X36.000 Y62.000 Einf F3600
G1 X36.000 Y64.000 Einf F3600
G1 X62.000 Y64.000 Einf F3600
G1 X64.000 Y64.000 Einf F3600
G1 X64.000 Y38.000 Einf F3600
G1 E-0.800 F9000 ; retract
G0 X63.520 Y36.480 F9000 ; travel
G1 E+0.800 F3600 ; unretract
;perimeter
G1 X38.000 Y36.480 Einf F3600
G1 X36.480 Y36.480 Einf F3600
G1 X36.480 Y62.000 Einf F3600
G1 X36.480 Y63.520 Einf F3600
G1 X62.000 Y63.520 Einf F3600
G1 X63.520 Y63.520 Einf F3600
G1 X63.520 Y38.000 Einf F3600
G1 E-0.800 F9000 ; retract
G0 X29.268 Y29.625 F9000 ; travel
G1 E+0.800 F3600 ; unretract
;perimeter
G1 X0.000 Y0.000 Einf F3600
G1 X0.000 Y70361966260224807403520.000 Einf F3600
G1 E-0.800 F9000 ; retract
G0 X-1.131 Y1.131 F9000 ; travel
G1 E+0.800 F3600 ; unretract
;infill
G1 X0.000 Y2.263 Einf F3600
G1 E-0.800 F9000 ; retract
G0 X-3.394 Y3.394 F9000 ; travel
G1 E+0.800 F3600 ; unretract
;infill
G1 X0.000 Y6.788 Einf F3600
G1 E-0.800 F9000 ; retract
G0 X-5.657 Y5.657 F9000 ; travel
G1 E+0.800 F3600 ; unretract
;infill
G1 X0.000 Y11.314 Einf F3600
G1 E-0.800 F9000 ; retract
G0 X-7.920 Y7.920 F9000 ; travel
G1 E+0.800 F3600 ; unretract
;infill
G1 X0.000 Y15.839 Einf F3600
G1 E-0.800 F9000 ; retract
G0 X-10.182 Y10.182 F9000 ; travel
G1 E+0.800 F3600 ; unretract
;infill
G1 X0.000 Y20.365 Einf F3600
G1 E-0.800 F9000 ; retract
G0 X-12.445 Y12.445 F9000 ; travel
G1 E+0.800 F3600 ; unretract
;infill
G1 X0.000 Y24.890 Einf F3600
G1 E-0.800 F9000 ; retract
G0 X-14.708 Y14.708 F9000 ; travel
G1 E+0.800 F3600 ; unretract
;infill
G1 X0.000 Y29.416 Einf F3600
G1 E-0.800 F9000 ; retract
G0 X-16.971 Y16.971 F9000 ; travel
G1 E+0.800 F3600 ; unretract
;infill
G1 X0.000 Y33.941 Einf F3600
G1 E-0.800 F9000 ; retract
G0 X-19.233 Y19.233 F9000 ; travel
G1 E+0.800 F3600 ; unretract
;infill
G1 X0.000 Y38.467 Einf F3600
G1 E-0.800 F9000 ; retract
G0 X-21.496 Y21.496 F9000 ; travel
G1 E+0.800 F3600 ; unretract
;infill
G1 X0.000 Y42.992 Einf F3600
G1 E-0.800 F9000 ; retract
G0 X-23.759 Y23.759 F9000 ; travel
G1 E+0.800 F3600 ; unretract
;infill
G1 X0.000 Y47.518 Einf F3600
G1 E-0.800 F9000 ; retract
G0 X-26.022 Y26.022 F9000 ; travel
G1 E+0.800 F3600 ; unretract
;infill
G1 X0.000 Y52.043 Einf F3600
G1 E-0.800 F9000 ; retract
G0 X-28.284 Y28.284 F9000 ; travel
G1 E+0.800 F3600 ; unretract
;infill
G1 X0.000 Y56.569 Einf F3600
G1 E-0.800 F9000 ; retract
G0 X-30.547 Y30.547 F9000 ; travel
G1 E+0.800 F3600 ; unretract
;infill
G1 X0.000 Y61.094 Einf F3600
G1 E-0.800 F9000 ; retract
G0 X-32.810 Y32.810 F9000 ; travel
G1 E+0.800 F3600 ; unretract
;infill
G1 X0.000 Y65.620 Einf F3600
G1 E-0.800 F9000 ; retract
G0 X-35.073 Y35.073 F9000 ; travel
G1 E+0.800 F3600 ; unretract
;infill
G1 X0.000 Y70.145 Einf F3600
G1 E-0.800 F9000 ; retract
G0 X-37.335 Y37.335 F9000 ; travel
G1 E+0.800 F3600 ; unretract
;infill
G1 X0.000 Y74.670 Einf F3600
G1 E-0.800 F9000 ; retract
G0 X-39.598 Y39.598 F9000 ; travel
G1 E+0.800 F3600 ; unretract
;infill
G1 X0.000 Y79.196 Einf F3600
G1 E-0.800 F9000 ; retract
G0 X-41.861 Y41.861 F9000 ; travel
G1 E+0.800 F3600 ; unretract
;infill
G1 X0.000 Y83.721 Einf F3600
G1 E-0.800 F9000 ; retract
G0 X-44.123 Y44.123 F9000 ; travel
G1 E+0.800 F3600 ; unretract
;infill
G1 X0.000 Y88.247 Einf F3600
G1 E-0.800 F9000 ; retract
G0 X-46.386 Y46.386 F9000 ; travel
G1 E+0.800 F3600 ; unretract
;infill
G1 X0.000 Y92.772 Einf F3600
G1 E-0.800 F9000 ; retract
G0 X-48.649 Y48.649 F9000 ; travel
G1 E+0.800 F3600 ; unretract
;infill
G1 X0.000 Y97.298 Einf F3600
G1 E-0.800 F9000 ; retract
G0 X-50.912 Y50.912 F9000 ; travel
G1 E+0.800 F3600 ; unretract
;infill
G1 X0.000 Y101.823 Einf F3600
G1 E-0.800 F9000 ; retract
G0 X-53.174 Y53.174 F9000 ; travel
G1 E+0.800 F3600 ; unretract
;infill
G1 X0.000 Y106.349 Einf F3600
G1 E-0.800 F9000 ; retract
G0 X-55.437 Y55.437 F9000 ; travel
G1 E+0.800 F3600 ; unretract
;infill
G1 X0.000 Y110.874 Einf F3600
G1 E-0.800 F9000 ; retract
G0 X-57.700 Y57.700 F9000 ; travel
G1 E+0.800 F3600 ; unretract
;infill
G1 X0.000 Y115.400 Einf F3600
G1 E-0.800 F9000 ; retract
G0 X-59.963 Y59.963 F9000 ; travel
G1 E+0.800 F3600 ; unretract
;infill
G1 X0.000 Y119.925 Einf F3600
G1 E-0.800 F9000 ; retract
G0 X-62.225 Y62.225 F9000 ; travel
G1 E+0.800 F3600 ; unretract
;infill
G1 X0.000 Y124.451 Einf F3600
G1 E-0.800 F9000 ; retract
G0 X-64.488 Y64.488 F9000 ; travel
G1 E+0.800 F3600 ; unretract
;infill
G1 X0.000 Y128.976 Einf F3600
G1 E-0.800 F9000 ; retract
G0 X-66.751 Y66.751 F9000 ; travel
G1 E+0.800 F3600 ; unretract
;infill
G1 X0.000 Y133.502 Einf F3600
G1 E-0.800 F9000 ; retract
G0 X-69.014 Y69.014 F9000 ; travel
G1 E+0.800 F3600 ; unretract
;infill
G1 X0.000 Y138.027 Einf F3600
G1 E-0.800 F9000 ; retract
G0 X-71.276 Y71.276 F9000 ; travel
G1 E+0.800 F3600 ; unretract
;infill
G1 X0.000 Y142.553 Einf F3600
G1 E-0.800 F9000 ; retract
G0 X-73.539 Y73.539 F9000 ; travel
G1 E+0.800 F3600 ; unretract
;infill
G1 X0.000 Y147.078 Einf F3600
G1 E-0.800 F9000 ; retract
G0 X-75.802 Y75.802 F9000 ; travel
G1 E+0.800 F3600 ; unretract
;infill
G1 X0.000 Y151.604 Einf F3600
G1 E-0.800 F9000 ; retract
G0 X-78.065 Y78.065 F9000 ; travel
G1 E+0.800 F3600 ; unretract
;infill
G1 X0.000 Y156.129 Einf F3600
G1 E-0.800 F9000 ; retract
G0 X-80.327 Y80.327 F9000 ; travel
G1 E+0.800 F3600 ; unretract
;infill
G1 X0.000 Y160.655 Einf F3600
G1 E-0.800 F9000 ; retract
G0 X-82.590 Y82.590 F9000 ; travel
G1 E+0.800 F3600 ; unretract
;infill
G1 X0.000 Y165.180 Einf F3600
G1 E-0.800 F9000 ; retract
G0 X-84.853 Y84.853 F9000 ; travel
G1 E+0.800 F3600 ; unretract
;infill
G1 X0.000 Y169.706 Einf F3600
G1 E-0.800 F9000 ; retract
G0 X-87.116 Y87.116 F9000 ; travel
G1 E+0.800 F3600 ; unretract
;infill
G1 X0.000 Y174.231 Einf F3600
G1 E-0.800 F9000 ; retract
G0 X-89.378 Y89.378 F9000 ; travel
G1 E+0.800 F3600 ; unretract
;infill
G1 X0.000 Y178.757 Einf F3600
G1 E-0.800 F9000 ; retract
G0 X-91.641 Y91.641 F9000 ; travel
G1 E+0.800 F3600 ; unretract
;infill
G1 X0.000 Y183.282 Einf F3600
G1 E-0.800 F9000 ; retract
G0 X-93.904 Y93.904 F9000 ; travel
G1 E+0.800 F3600 ; unretract
;infill
G1 X0.000 Y187.807 Einf F3600
G1 E-0.800 F9000 ; retract
G0 X-96.166 Y96.166 F9000 ; travel
G1 E+0.800 F3600 ; unretract
;infill
G1 X0.000 Y192.333 Einf F3600
G1 E-0.800 F9000 ; retract
G0 X-98.429 Y98.429 F9000 ; travel
G1 E+0.800 F3600 ; unretract
;infill
G1 X0.000 Y196.858 Einf F3600
G1 E-0.800 F9000 ; retract
G0 X-100.692 Y100.692 F9000 ; travel
G1 E+0.800 F3600 ; unretract
;infill
G1 X0.000 Y201.384 Einf F3600
G1 E-0.800 F9000 ; retract
G0 X-102.955 Y102.955 F9000 ; travel
G1 E+0.800 F3600 ; unretract
;infill
G1 X0.000 Y205.909 Einf F3600
G1 E-0.800 F9000 ; retract
G0 X-105.217 Y105.217 F9000 ; travel
G1 E+0.800 F3600 ; unretract
;infill
G1 X0.000 Y210.435 Einf F3600
G1 E-0.800 F9000 ; retract
G0 X-107.480 Y107.480 F9000 ; travel
G1 E+0.800 F3600 ; unretract
;infill
G1 X0.000 Y214.960 Einf F3600
G1 E-0.800 F9000 ; retract
G0 X-109.743 Y109.743 F9000 ; travel
G1 E+0.800 F3600 ; unretract
;infill
G1 X0.000 Y219.486 Einf F3600
G1 E-0.800 F9000 ; retract
G0 X-112.006 Y112.006 F9000 ; travel
G1 E+0.800 F3600 ; unretract
;infill
G1 X0.000 Y224.011 Einf F3600
G1 E-0.800 F9000 ; retract
G0 X-114.268 Y114.268 F9000 ; travel
G1 E+0.800 F3600 ; unretract
;infill
G1 X0.000 Y228.537 Einf F3600
G1 E-0.800 F9000 ; retract
G0 X-116.531 Y116.531 F9000 ; travel
G1 E+0.800 F3600 ; unretract
;infill
G1 X0.000 Y233.062 Einf F3600
G1 E-0.800 F9000 ; retract
G0 X-118.794 Y118.794 F9000 ; travel
G1 E+0.800 F3600 ; unretract
;infill
G1 X0.000 Y237.588 Einf F3600
G1 E-0.800 F9000 ; retract
G0 X-121.057 Y121.057 F9000 ; travel
G1 E+0.800 F3600 ; unretract
;infill
G1 X-0.000 Y242.113 Einf F3600
G1 E-0.800 F9000 ; retract
G0 X-123.319 Y123.319 F9000 ; travel
G1 E+0.800 F3600 ; unretract
;infill
G1 X0.000 Y246.639 Einf F3600
G1 E-0.800 F9000 ; retract
G0 X-125.582 Y125.582 F9000 ; travel
G1 E+0.800 F3600 ; unretract
;infill
G1 X-0.000 Y251.164 Einf F3600
G1 E-0.800 F9000 ; retract
G0 X-127.845 Y127.845 F9000 ; travel
G1 E+0.800 F3600 ; unretract
;infill
G1 X0.000 Y255.690 Einf F3600
G1 E-0.800 F9000 ; retract
G0 X-130.108 Y130.108 F9000 ; travel
G1 E+0.800 F3600 ; unretract
;infill
G1 X0.000 Y260.215 Einf F3600
G1 E-0.800 F9000 ; retract
G0 X-132.370 Y132.370 F9000 ; travel
G1 E+0.800 F3600 ; unretract
;infill
G1 X0.000 Y264.741 Einf F3600
G1 E-0.800 F9000 ; retract
G0 X-134.633 Y134.633 F9000 ; travel
G1 E+0.800 F3600 ; unretract
;infill
G1 X0.000 Y269.266 Einf F3600
G1 E-0.800 F9000 ; retract
G0 X-136.896 Y136.896 F9000 ; travel
G1 E+0.800 F3600 ; unretract
;infill
G1 X0.000 Y273.792 Einf F3600
G1 E-0.800 F9000 ; retract
G0 X-139.159 Y139.159 F9000 ; travel
G1 E+0.800 F3600 ; unretract
;infill
G1 X0.000 Y278.317 Einf F3600
G1 E-0.800 F9000 ; retract
G0 X-141.421 Y141.421 F9000 ; travel
G1 E+0.800 F3600 ; unretract
;infill
G1 X0.000 Y282.843 Einf F3600
G1 E-0.800 F9000 ; retract
G0 X-143.684 Y143.684 F9000 ; travel
G1 E+0.800 F3600 ; unretract
;infill
G1 X0.000 Y287.368 Einf F3600
;LAYER:6 ;Z:1.20
G1 Z1.20 F9000 ; move to layer
G92 E0 ; reset extruder at layer start
G1 E-0.800 F9000 ; retract
G0 X64.000 Y36.000 F9000 ; travel
G1 E+0.800 F3600 ; unretract
;perimeter
G1 X38.400 Y36.000 Einf F3600
G1 X36.000 Y36.000 Einf F3600
G1 X36.000 Y61.600 Einf F3600
G1 X36.000 Y64.000 Einf F3600
G1 X61.600 Y64.000 Einf F3600
G1 X64.000 Y64.000 Einf F3600
G1 X64.000 Y38.400 Einf F3600
G1 E-0.800 F9000 ; retract
G0 X63.520 Y36.480 F9000 ; travel
G1 E+0.800 F3600 ; unretract
;perimeter
G1 X38.400 Y36.480 Einf F3600
G1 X36.480 Y36.480 Einf F3600
G1 X36.480 Y61.600 Einf F3600
G1 X36.480 Y63.520 Einf F3600
G1 X61.600 Y63.520 Einf F3600
G1 X63.520 Y63.520 Einf F3600
G1 X63.520 Y38.400 Einf F3600
G1 E-0.800 F9000 ; retract
G0 X35.122 Y35.550 F9000 ; travel
G1 E+0.800 F3600 ; unretract
;perimeter
G1 X0.000 Y0.000 Einf F3600
G1 X0.000 Y70361966260224807403520.000 Einf F3600
G1 E-0.800 F9000 ; retract
G0 X-1.131 Y1.131 F9000 ; travel
G1 E+0.800 F3600 ; unretract
;infill
G1 X0.000 Y2.263 Einf F3600
G1 E-0.800 F9000 ; retract
G0 X-3.394 Y3.394 F9000 ; travel
G1 E+0.800 F3600 ; unretract
;infill
G1 X0.000 Y6.788 Einf F3600
G1 E-0.800 F9000 ; retract
G0 X-5.657 Y5.657 F9000 ; travel
G1 E+0.800 F3600 ; unretract
;infill
G1 X0.000 Y11.314 Einf F3600
G1 E-0.800 F9000 ; retract
G0 X-7.920 Y7.920 F9000 ; travel
G1 E+0.800 F3600 ; unretract
;infill
G1 X0.000 Y15.839 Einf F3600
G1 E-0.800 F9000 ; retract
G0 X-10.182 Y10.182 F9000 ; travel
G1 E+0.800 F3600 ; unretract
;infill
G1 X0.000 Y20.365 Einf F3600
G1 E-0.800 F9000 ; retract
G0 X-12.445 Y12.445 F9000 ; travel
G1 E+0.800 F3600 ; unretract
;infill
G1 X0.000 Y24.890 Einf F3600
G1 E-0.800 F9000 ; retract
G0 X-14.708 Y14.708 F9000 ; travel
G1 E+0.800 F3600 ; unretract
;infill
G1 X0.000 Y29.416 Einf F3600
G1 E-0.800 F9000 ; retract
G0 X-16.971 Y16.971 F9000 ; travel
G1 E+0.800 F3600 ; unretract
;infill
G1 X0.000 Y33.941 Einf F3600
G1 E-0.800 F9000 ; retract
G0 X-19.233 Y19.233 F9000 ; travel
G1 E+0.800 F3600 ; unretract
;infill
G1 X0.000 Y38.467 Einf F3600
G1 E-0.800 F9000 ; retract
G0 X-21.496 Y21.496 F9000 ; travel
G1 E+0.800 F3600 ; unretract
;infill
G1 X0.000 Y42.992 Einf F3600
G1 E-0.800 F9000 ; retract
G0 X-23.759 Y23.759 F9000 ; travel
G1 E+0.800 F3600 ; unretract
;infill
G1 X0.000 Y47.518 Einf F3600
G1 E-0.800 F9000 ; retract
G0 X-26.022 Y26.022 F9000 ; travel
G1 E+0.800 F3600 ; unretract
;infill
G1 X0.000 Y52.043 Einf F3600
G1 E-0.800 F9000 ; retract
G0 X-28.284 Y28.284 F9000 ; travel
G1 E+0.800 F3600 ; unretract
;infill
G1 X0.000 Y56.569 Einf F3600
G1 E-0.800 F9000 ; retract
G0 X-30.547 Y30.547 F9000 ; travel
G1 E+0.800 F3600 ; unretract
;infill
G1 X0.000 Y61.094 Einf F3600
G1 E-0.800 F9000 ; retract
G0 X-32.810 Y32.810 F9000 ; travel
G1 E+0.800 F3600 ; unretract
;infill
G1 X0.000 Y65.620 Einf F3600
G1 E-0.800 F9000 ; retract
G0 X-35.073 Y35.073 F9000 ; travel
G1 E+0.800 F3600 ; unretract
;infill
G1 X0.000 Y70.145 Einf F3600
G1 E-0.800 F9000 ; retract
G0 X-37.335 Y37.335 F9000 ; travel
G1 E+0.800 F3600 ; unretract
;infill
G1 X0.000 Y74.670 Einf F3600
G1 E-0.800 F9000 ; retract
G0 X-39.598 Y39.598 F9000 ; travel
G1 E+0.800 F3600 ; unretract
;infill
G1 X0.000 Y79.196 Einf F3600
G1 E-0.800 F9000 ; retract
G0 X-41.861 Y41.861 F9000 ; travel
G1 E+0.800 F3600 ; unretract
;infill
G1 X0.000 Y83.721 Einf F3600
G1 E-0.800 F9000 ; retract
G0 X-44.123 Y44.123 F9000 ; travel
G1 E+0.800 F3600 ; unretract
;infill
G1 X0.000 Y88.247 Einf F3600
G1 E-0.800 F9000 ; retract
G0 X-46.386 Y46.386 F9000 ; travel
G1 E+0.800 F3600 ; unretract
;infill
G1 X0.000 Y92.772 Einf F3600
G1 E-0.800 F9000 ; retract
G0 X-48.649 Y48.649 F9000 ; travel
G1 E+0.800 F3600 ; unretract
;infill
G1 X0.000 Y97.298 Einf F3600
G1 E-0.800 F9000 ; retract
G0 X-50.912 Y50.912 F9000 ; travel
G1 E+0.800 F3600 ; unretract
;infill
G1 X0.000 Y101.823 Einf F3600
G1 E-0.800 F9000 ; retract
G0 X-53.174 Y53.174 F9000 ; travel
G1 E+0.800 F3600 ; unretract
;infill
G1 X0.000 Y106.349 Einf F3600
G1 E-0.800 F9000 ; retract
G0 X-55.437 Y55.437 F9000 ; travel
G1 E+0.800 F3600 ; unretract
;infill
G1 X0.000 Y110.874 Einf F3600
G1 E-0.800 F9000 ; retract
G0 X-57.700 Y57.700 F9000 ; travel
G1 E+0.800 F3600 ; unretract
;infill
G1 X0.000 Y115.400 Einf F3600
G1 E-0.800 F9000 ; retract
G0 X-59.963 Y59.963 F9000 ; travel
G1 E+0.800 F3600 ; unretract
;infill
G1 X0.000 Y119.925 Einf F3600
G1 E-0.800 F9000 ; retract
G0 X-62.225 Y62.225 F9000 ; travel
G1 E+0.800 F3600 ; unretract
;infill
G1 X0.000 Y124.451 Einf F3600
G1 E-0.800 F9000 ; retract
G0 X-64.488 Y64.488 F9000 ; travel
G1 E+0.800 F3600 ; unretract
;infill
G1 X0.000 Y128.976 Einf F3600
G1 E-0.800 F9000 ; retract
G0 X-66.751 Y66.751 F9000 ; travel
G1 E+0.800 F3600 ; unretract
;infill
G1 X0.000 Y133.502 Einf F3600
G1 E-0.800 F9000 ; retract
G0 X-69.014 Y69.014 F9000 ; travel
G1 E+0.800 F3600 ; unretract
;infill
G1 X0.000 Y138.027 Einf F3600
G1 E-0.800 F9000 ; retract
G0 X-71.276 Y71.276 F9000 ; travel
G1 E+0.800 F3600 ; unretract
;infill
G1 X0.000 Y142.553 Einf F3600
G1 E-0.800 F9000 ; retract
G0 X-73.539 Y73.539 F9000 ; travel
G1 E+0.800 F3600 ; unretract
;infill
G1 X0.000 Y147.078 Einf F3600
G1 E-0.800 F9000 ; retract
G0 X-75.802 Y75.802 F9000 ; travel
G1 E+0.800 F3600 ; unretract
;infill
G1 X0.000 Y151.604 Einf F3600
G1 E-0.800 F9000 ; retract
G0 X-78.065 Y78.065 F9000 ; travel
G1 E+0.800 F3600 ; unretract
;infill
G1 X0.000 Y156.129 Einf F3600
G1 E-0.800 F9000 ; retract
G0 X-80.327 Y80.327 F9000 ; travel
G1 E+0.800 F3600 ; unretract
;infill
G1 X0.000 Y160.655 Einf F3600
G1 E-0.800 F9000 ; retract
G0 X-82.590 Y82.590 F9000 ; travel
G1 E+0.800 F3600 ; unretract
;infill
G1 X0.000 Y165.180 Einf F3600
G1 E-0.800 F9000 ; retract
G0 X-84.853 Y84.853 F9000 ; travel
G1 E+0.800 F3600 ; unretract
;infill
G1 X0.000 Y169.706 Einf F3600
G1 E-0.800 F9000 ; retract
G0 X-87.116 Y87.116 F9000 ; travel
G1 E+0.800 F3600 ; unretract
;infill
G1 X0.000 Y174.231 Einf F3600
G1 E-0.800 F9000 ; retract
G0 X-89.378 Y89.378 F9000 ; travel
G1 E+0.800 F3600 ; unretract
;infill
G1 X0.000 Y178.757 Einf F3600
G1 E-0.800 F9000 ; retract
G0 X-91.641 Y91.641 F9000 ; travel
G1 E+0.800 F3600 ; unretract
;infill
G1 X0.000 Y183.282 Einf F3600
G1 E-0.800 F9000 ; retract
G0 X-93.904 Y93.904 F9000 ; travel
G1 E+0.800 F3600 ; unretract
;infill
G1 X0.000 Y187.807 Einf F3600
G1 E-0.800 F9000 ; retract
G0 X-96.166 Y96.166 F9000 ; travel
G1 E+0.800 F3600 ; unretract
;infill
G1 X0.000 Y192.333 Einf F3600
G1 E-0.800 F9000 ; retract
G0 X-98.429 Y98.429 F9000 ; travel
G1 E+0.800 F3600 ; unretract
;infill
G1 X0.000 Y196.858 Einf F3600
G1 E-0.800 F9000 ; retract
G0 X-100.692 Y100.692 F9000 ; travel
G1 E+0.800 F3600 ; unretract
;infill
G1 X0.000 Y201.384 Einf F3600
G1 E-0.800 F9000 ; retract
G0 X-102.955 Y102.955 F9000 ; travel
G1 E+0.800 F3600 ; unretract
;infill
G1 X0.000 Y205.909 Einf F3600
G1 E-0.800 F9000 ; retract
G0 X-105.217 Y105.217 F9000 ; travel
G1 E+0.800 F3600 ; unretract
;infill
G1 X0.000 Y210.435 Einf F3600
G1 E-0.800 F9000 ; retract
G0 X-107.480 Y107.480 F9000 ; travel
G1 E+0.800 F3600 ; unretract
;infill
G1 X0.000 Y214.960 Einf F3600
G1 E-0.800 F9000 ; retract
G0 X-109.743 Y109.743 F9000 ; travel
G1 E+0.800 F3600 ; unretract
;infill
G1 X0.000 Y219.486 Einf F3600
G1 E-0.800 F9000 ; retract
G0 X-112.006 Y112.006 F9000 ; travel
G1 E+0.800 F3600 ; unretract
;infill
G1 X0.000 Y224.011 Einf F3600
G1 E-0.800 F9000 ; retract
G0 X-114.268 Y114.268 F9000 ; travel
G1 E+0.800 F3600 ; unretract
;infill
G1 X0.000 Y228.537 Einf F3600
G1 E-0.800 F9000 ; retract
G0 X-116.531 Y116.531 F9000 ; travel
G1 E+0.800 F3600 ; unretract
;infill
G1 X0.000 Y233.062 Einf F3600
G1 E-0.800 F9000 ; retract
G0 X-118.794 Y118.794 F9000 ; travel
G1 E+0.800 F3600 ; unretract
;infill
G1 X0.000 Y237.588 Einf F3600
G1 E-0.800 F9000 ; retract
G0 X-121.057 Y121.057 F9000 ; travel
G1 E+0.800 F3600 ; unretract
;infill
G1 X-0.000 Y242.113 Einf F3600
G1 E-0.800 F9000 ; retract
G0 X-123.319 Y123.319 F9000 ; travel
G1 E+0.800 F3600 ; unretract
;infill
G1 X0.000 Y246.639 Einf F3600
G1 E-0.800 F9000 ; retract
G0 X-125.582 Y125.582 F9000 ; travel
G1 E+0.800 F3600 ; unretract
;infill
G1 X-0.000 Y251.164 Einf F3600
G1 E-0.800 F9000 ; retract
G0 X-127.845 Y127.845 F9000 ; travel
G1 E+0.800 F3600 ; unretract
;infill
G1 X0.000 Y255.690 Einf F3600
G1 E-0.800 F9000 ; retract
G0 X-130.108 Y130.108 F9000 ; travel
G1 E+0.800 F3600 ; unretract
;infill
G1 X0.000 Y260.215 Einf F3600
G1 E-0.800 F9000 ; retract
G0 X-132.370 Y132.370 F9000 ; travel
G1 E+0.800 F3600 ; unretract
;infill
G1 X0.000 Y264.741 Einf F3600
G1 E-0.800 F9000 ; retract
G0 X-134.633 Y134.633 F9000 ; travel
G1 E+0.800 F3600 ; unretract
;infill
G1 X0.000 Y269.266 Einf F3600
G1 E-0.800 F9000 ; retract
G0 X-136.896 Y136.896 F9000 ; travel
G1 E+0.800 F3600 ; unretract
;infill
G1 X0.000 Y273.792 Einf F3600
G1 E-0.800 F9000 ; retract
G0 X-139.159 Y139.159 F9000 ; travel
G1 E+0.800 F3600 ; unretract
;infill
G1 X0.000 Y278.317 Einf F3600
G1 E-0.800 F9000 ; retract
G0 X-141.421 Y141.421 F9000 ; travel
G1 E+0.800 F3600 ; unretract
;infill
G1 X0.000 Y282.843 Einf F3600
G1 E-0.800 F9000 ; retract
G0 X-143.684 Y143.684 F9000 ; travel
G1 E+0.800 F3600 ; unretract
;infill
G1 X0.000 Y287.368 Einf F3600
;LAYER:7 ;Z:1.40
G1 Z1.40 F9000 ; move to layer
G92 E0 ; reset extruder at layer start
G1 E-0.800 F9000 ; retract
G0 X64.000 Y36.000 F9000 ; travel
G1 E+0.800 F3600 ; unretract
;perimeter
G1 X38.800 Y36.000 Einf F3600
G1 X36.000 Y36.000 Einf F3600
G1 X36.000 Y61.200 Einf F3600
G1 X36.000 Y64.000 Einf F3600
G1 X61.200 Y64.000 Einf F3600
G1 X64.000 Y64.000 Einf F3600
G1 X64.000 Y38.800 Einf F3600
G1 E-0.800 F9000 ; retract
G0 X63.520 Y36.480 F9000 ; travel
G1 E+0.800 F3600 ; unretract
;perimeter
G1 X38.800 Y36.480 Einf F3600
G1 X36.480 Y36.480 Einf F3600
G1 X36.480 Y61.200 Einf F3600
G1 X36.480 Y63.520 Einf F3600
G1 X61.200 Y63.520 Einf F3600
G1 X63.520 Y63.520 Einf F3600
G1 X63.520 Y38.800 Einf F3600
G1 E-0.800 F9000 ; retract
G0 X40.976 Y41.476 F9000 ; travel
G1 E+0.800 F3600 ; unretract
;perimeter
G1 X0.000 Y0.000 Einf F3600
G1 X0.000 Y70361966260224807403520.000 Einf F3600
G1 E-0.800 F9000 ; retract
G0 X-1.131 Y1.131 F9000 ; travel
G1 E+0.800 F3600 ; unretract
;infill
G1 X0.000 Y2.263 Einf F3600
G1 E-0.800 F9000 ; retract
G0 X-3.394 Y3.394 F9000 ; travel
G1 E+0.800 F3600 ; unretract
;infill
G1 X0.000 Y6.788 Einf F3600
G1 E-0.800 F9000 ; retract
G0 X-5.657 Y5.657 F9000 ; travel
G1 E+0.800 F3600 ; unretract
;infill
G1 X0.000 Y11.314 Einf F3600
G1 E-0.800 F9000 ; retract
G0 X-7.920 Y7.920 F9000 ; travel
G1 E+0.800 F3600 ; unretract
;infill
G1 X0.000 Y15.839 Einf F3600
G1 E-0.800 F9000 ; retract
G0 X-10.182 Y10.182 F9000 ; travel
G1 E+0.800 F3600 ; unretract
;infill
G1 X0.000 Y20.365 Einf F3600
G1 E-0.800 F9000 ; retract
G0 X-12.445 Y12.445 F9000 ; travel
G1 E+0.800 F3600 ; unretract
;infill
G1 X0.000 Y24.890 Einf F3600
G1 E-0.800 F9000 ; retract
G0 X-14.708 Y14.708 F9000 ; travel
G1 E+0.800 F3600 ; unretract
;infill
G1 X0.000 Y29.416 Einf F3600
G1 E-0.800 F9000 ; retract
G0 X-16.971 Y16.971 F9000 ; travel
G1 E+0.800 F3600 ; unretract
;infill
G1 X0.000 Y33.941 Einf F3600
G1 E-0.800 F9000 ; retract
G0 X-19.233 Y19.233 F9000 ; travel
G1 E+0.800 F3600 ; unretract
;infill
G1 X0.000 Y38.467 Einf F3600
G1 E-0.800 F9000 ; retract
G0 X-21.496 Y21.496 F9000 ; travel
G1 E+0.800 F3600 ; unretract
;infill
G1 X0.000 Y42.992 Einf F3600
G1 E-0.800 F9000 ; retract
G0 X-23.759 Y23.759 F9000 ; travel
G1 E+0.800 F3600 ; unretract
;infill
G1 X0.000 Y47.518 Einf F3600
G1 E-0.800 F9000 ; retract
G0 X-26.022 Y26.022 F9000 ; travel
G1 E+0.800 F3600 ; unretract
;infill
G1 X0.000 Y52.043 Einf F3600
G1 E-0.800 F9000 ; retract
G0 X-28.284 Y28.284 F9000 ; travel
G1 E+0.800 F3600 ; unretract
;infill
G1 X0.000 Y56.569 Einf F3600
G1 E-0.800 F9000 ; retract
G0 X-30.547 Y30.547 F9000 ; travel
G1 E+0.800 F3600 ; unretract
;infill
G1 X0.000 Y61.094 Einf F3600
G1 E-0.800 F9000 ; retract
G0 X-32.810 Y32.810 F9000 ; travel
G1 E+0.800 F3600 ; unretract
;infill
G1 X0.000 Y65.620 Einf F3600
G1 E-0.800 F9000 ; retract
G0 X-35.073 Y35.073 F9000 ; travel
G1 E+0.800 F3600 ; unretract
;infill
G1 X0.000 Y70.145 Einf F3600
G1 E-0.800 F9000 ; retract
G0 X-37.335 Y37.335 F9000 ; travel
G1 E+0.800 F3600 ; unretract
;infill
G1 X0.000 Y74.670 Einf F3600
G1 E-0.800 F9000 ; retract
G0 X-39.598 Y39.598 F9000 ; travel
G1 E+0.800 F3600 ; unretract
;infill
G1 X0.000 Y79.196 Einf F3600
G1 E-0.800 F9000 ; retract
G0 X-41.861 Y41.861 F9000 ; travel
G1 E+0.800 F3600 ; unretract
;infill
G1 X0.000 Y83.721 Einf F3600
G1 E-0.800 F9000 ; retract
G0 X-44.123 Y44.123 F9000 ; travel
G1 E+0.800 F3600 ; unretract
;infill
G1 X0.000 Y88.247 Einf F3600
G1 E-0.800 F9000 ; retract
G0 X-46.386 Y46.386 F9000 ; travel
G1 E+0.800 F3600 ; unretract
;infill
G1 X0.000 Y92.772 Einf F3600
G1 E-0.800 F9000 ; retract
G0 X-48.649 Y48.649 F9000 ; travel
G1 E+0.800 F3600 ; unretract
;infill
G1 X0.000 Y97.298 Einf F3600
G1 E-0.800 F9000 ; retract
G0 X-50.912 Y50.912 F9000 ; travel
G1 E+0.800 F3600 ; unretract
;infill
G1 X0.000 Y101.823 Einf F3600
G1 E-0.800 F9000 ; retract
G0 X-53.174 Y53.174 F9000 ; travel
G1 E+0.800 F3600 ; unretract
;infill
G1 X0.000 Y106.349 Einf F3600
G1 E-0.800 F9000 ; retract
G0 X-55.437 Y55.437 F9000 ; travel
G1 E+0.800 F3600 ; unretract
;infill
G1 X0.000 Y110.874 Einf F3600
G1 E-0.800 F9000 ; retract
G0 X-57.700 Y57.700 F9000 ; travel
G1 E+0.800 F3600 ; unretract
;infill
G1 X0.000 Y115.400 Einf F3600
G1 E-0.800 F9000 ; retract
G0 X-59.963 Y59.963 F9000 ; travel
G1 E+0.800 F3600 ; unretract
;infill
G1 X0.000 Y119.925 Einf F3600
G1 E-0.800 F9000 ; retract
G0 X-62.225 Y62.225 F9000 ; travel
G1 E+0.800 F3600 ; unretract
;infill
G1 X0.000 Y124.451 Einf F3600
G1 E-0.800 F9000 ; retract
G0 X-64.488 Y64.488 F9000 ; travel
G1 E+0.800 F3600 ; unretract
;infill
G1 X0.000 Y128.976 Einf F3600
G1 E-0.800 F9000 ; retract
G0 X-66.751 Y66.751 F9000 ; travel
G1 E+0.800 F3600 ; unretract
;infill
G1 X0.000 Y133.502 Einf F3600
G1 E-0.800 F9000 ; retract
G0 X-69.014 Y69.014 F9000 ; travel
G1 E+0.800 F3600 ; unretract
;infill
G1 X0.000 Y138.027 Einf F3600
G1 E-0.800 F9000 ; retract
G0 X-71.276 Y71.276 F9000 ; travel
G1 E+0.800 F3600 ; unretract
;infill
G1 X0.000 Y142.553 Einf F3600
G1 E-0.800 F9000 ; retract
G0 X-73.539 Y73.539 F9000 ; travel
G1 E+0.800 F3600 ; unretract
;infill
G1 X0.000 Y147.078 Einf F3600
G1 E-0.800 F9000 ; retract
G0 X-75.802 Y75.802 F9000 ; travel
G1 E+0.800 F3600 ; unretract
;infill
G1 X0.000 Y151.604 Einf F3600
G1 E-0.800 F9000 ; retract
G0 X-78.065 Y78.065 F9000 ; travel
G1 E+0.800 F3600 ; unretract
;infill
G1 X0.000 Y156.129 Einf F3600
G1 E-0.800 F9000 ; retract
G0 X-80.327 Y80.327 F9000 ; travel
G1 E+0.800 F3600 ; unretract
;infill
G1 X0.000 Y160.655 Einf F3600
G1 E-0.800 F9000 ; retract
G0 X-82.590 Y82.590 F9000 ; travel
G1 E+0.800 F3600 ; unretract
;infill
G1 X0.000 Y165.180 Einf F3600
G1 E-0.800 F9000 ; retract
G0 X-84.853 Y84.853 F9000 ; travel
G1 E+0.800 F3600 ; unretract
;infill
G1 X0.000 Y169.706 Einf F3600
G1 E-0.800 F9000 ; retract
G0 X-87.116 Y87.116 F9000 ; travel
G1 E+0.800 F3600 ; unretract
;infill
G1 X0.000 Y174.231 Einf F3600
G1 E-0.800 F9000 ; retract
G0 X-89.378 Y89.378 F9000 ; travel
G1 E+0.800 F3600 ; unretract
;infill
G1 X0.000 Y178.757 Einf F3600
G1 E-0.800 F9000 ; retract
G0 X-91.641 Y91.641 F9000 ; travel
G1 E+0.800 F3600 ; unretract
;infill
G1 X0.000 Y183.282 Einf F3600
G1 E-0.800 F9000 ; retract
G0 X-93.904 Y93.904 F9000 ; travel
G1 E+0.800 F3600 ; unretract
;infill
G1 X0.000 Y187.807 Einf F3600
G1 E-0.800 F9000 ; retract
G0 X-96.166 Y96.166 F9000 ; travel
G1 E+0.800 F3600 ; unretract
;infill
G1 X0.000 Y192.333 Einf F3600
G1 E-0.800 F9000 ; retract
G0 X-98.429 Y98.429 F9000 ; travel
G1 E+0.800 F3600 ; unretract
;infill
G1 X0.000 Y196.858 Einf F3600
G1 E-0.800 F9000 ; retract
G0 X-100.692 Y100.692 F9000 ; travel
G1 E+0.800 F3600 ; unretract
;infill
G1 X0.000 Y201.384 Einf F3600
G1 E-0.800 F9000 ; retract
G0 X-102.955 Y102.955 F9000 ; travel
G1 E+0.800 F3600 ; unretract
;infill
G1 X0.000 Y205.909 Einf F3600
G1 E-0.800 F9000 ; retract
G0 X-105.217 Y105.217 F9000 ; travel
G1 E+0.800 F3600 ; unretract
;infill
G1 X0.000 Y210.435 Einf F3600
G1 E-0.800 F9000 ; retract
G0 X-107.480 Y107.480 F9000 ; travel
G1 E+0.800 F3600 ; unretract
;infill
G1 X0.000 Y214.960 Einf F3600
G1 E-0.800 F9000 ; retract
G0 X-109.743 Y109.743 F9000 ; travel
G1 E+0.800 F3600 ; unretract
;infill
G1 X0.000 Y219.486 Einf F3600
G1 E-0.800 F9000 ; retract
G0 X-112.006 Y112.006 F9000 ; travel
G1 E+0.800 F3600 ; unretract
;infill
G1 X0.000 Y224.011 Einf F3600
G1 E-0.800 F9000 ; retract
G0 X-114.268 Y114.268 F9000 ; travel
G1 E+0.800 F3600 ; unretract
;infill
G1 X0.000 Y228.537 Einf F3600
G1 E-0.800 F9000 ; retract
G0 X-116.531 Y116.531 F9000 ; travel
G1 E+0.800 F3600 ; unretract
;infill
G1 X0.000 Y233.062 Einf F3600
G1 E-0.800 F9000 ; retract
G0 X-118.794 Y118.794 F9000 ; travel
G1 E+0.800 F3600 ; unretract
;infill
G1 X0.000 Y237.588 Einf F3600
G1 E-0.800 F9000 ; retract
G0 X-121.057 Y121.057 F9000 ; travel
G1 E+0.800 F3600 ; unretract
;infill
G1 X-0.000 Y242.113 Einf F3600
G1 E-0.800 F9000 ; retract
G0 X-123.319 Y123.319 F9000 ; travel
G1 E+0.800 F3600 ; unretract
;infill
G1 X0.000 Y246.639 Einf F3600
G1 E-0.800 F9000 ; retract
G0 X-125.582 Y125.582 F9000 ; travel
G1 E+0.800 F3600 ; unretract
;infill
G1 X-0.000 Y251.164 Einf F3600
G1 E-0.800 F9000 ; retract
G0 X-127.845 Y127.845 F9000 ; travel
G1 E+0.800 F3600 ; unretract
;infill
G1 X0.000 Y255.690 Einf F3600
G1 E-0.800 F9000 ; retract
G0 X-130.108 Y130.108 F9000 ; travel
G1 E+0.800 F3600 ; unretract
;infill
G1 X0.000 Y260.215 Einf F3600
G1 E-0.800 F9000 ; retract
G0 X-132.370 Y132.370 F9000 ; travel
G1 E+0.800 F3600 ; unretract
;infill
G1 X0.000 Y264.741 Einf F3600
G1 E-0.800 F9000 ; retract
G0 X-134.633 Y134.633 F9000 ; travel
G1 E+0.800 F3600 ; unretract
;infill
G1 X0.000 Y269.266 Einf F3600
G1 E-0.800 F9000 ; retract
G0 X-136.896 Y136.896 F9000 ; travel
G1 E+0.800 F3600 ; unretract
;infill
G1 X0.000 Y273.792 Einf F3600
G1 E-0.800 F9000 ; retract
G0 X-139.159 Y139.159 F9000 ; travel
G1 E+0.800 F3600 ; unretract
;infill
G1 X0.000 Y278.317 Einf F3600
G1 E-0.800 F9000 ; retract
G0 X-141.421 Y141.421 F9000 ; travel
G1 E+0.800 F3600 ; unretract
;infill
G1 X0.000 Y282.843 Einf F3600
G1 E-0.800 F9000 ; retract
G0 X-143.684 Y143.684 F9000 ; travel
G1 E+0.800 F3600 ; unretract
;infill
G1 X0.000 Y287.368 Einf F3600
;LAYER:8 ;Z:1.60
G1 Z1.60 F9000 ; move to layer
G92 E0 ; reset extruder at layer start
G1 E-0.800 F9000 ; retract
G0 X64.000 Y36.000 F9000 ; travel
G1 E+0.800 F3600 ; unretract
;perimeter
G1 X39.200 Y36.000 Einf F3600
G1 X36.000 Y36.000 Einf F3600
G1 X36.000 Y60.800 Einf F3600
G1 X36.000 Y64.000 Einf F3600
G1 X60.800 Y64.000 Einf F3600
G1 X64.000 Y64.000 Einf F3600
G1 X64.000 Y39.200 Einf F3600
G1 E-0.800 F9000 ; retract
G0 X63.520 Y36.480 F9000 ; travel
G1 E+0.800 F3600 ; unretract
;perimeter
G1 X39.200 Y36.480 Einf F3600
G1 X36.480 Y36.480 Einf F3600
G1 X36.480 Y60.800 Einf F3600
G1 X36.480 Y63.520 Einf F3600
G1 X60.800 Y63.520 Einf F3600
G1 X63.520 Y63.520 Einf F3600
G1 X63.520 Y39.200 Einf F3600
G1 E-0.800 F9000 ; retract
G0 X46.829 Y47.401 F9000 ; travel
G1 E+0.800 F3600 ; unretract
;perimeter
G1 X0.000 Y0.000 Einf F3600
G1 X0.000 Y70361966260224807403520.000 Einf F3600
G1 E-0.800 F9000 ; retract
G0 X-1.131 Y1.131 F9000 ; travel
G1 E+0.800 F3600 ; unretract
;infill
G1 X0.000 Y2.263 Einf F3600
G1 E-0.800 F9000 ; retract
G0 X-3.394 Y3.394 F9000 ; travel
G1 E+0.800 F3600 ; unretract
;infill
G1 X0.000 Y6.788 Einf F3600
G1 E-0.800 F9000 ; retract
G0 X-5.657 Y5.657 F9000 ; travel
G1 E+0.800 F3600 ; unretract
;infill
G1 X0.000 Y11.314 Einf F3600
G1 E-0.800 F9000 ; retract
G0 X-7.920 Y7.920 F9000 ; travel
G1 E+0.800 F3600 ; unretract
;infill
G1 X0.000 Y15.839 Einf F3600
G1 E-0.800 F9000 ; retract
G0 X-10.182 Y10.182 F9000 ; travel
G1 E+0.800 F3600 ; unretract
;infill
G1 X0.000 Y20.365 Einf F3600
G1 E-0.800 F9000 ; retract
G0 X-12.445 Y12.445 F9000 ; travel
G1 E+0.800 F3600 ; unretract
;infill
G1 X0.000 Y24.890 Einf F3600
G1 E-0.800 F9000 ; retract
G0 X-14.708 Y14.708 F9000 ; travel
G1 E+0.800 F3600 ; unretract
;infill
G1 X0.000 Y29.416 Einf F3600
G1 E-0.800 F9000 ; retract
G0 X-16.971 Y16.971 F9000 ; travel
G1 E+0.800 F3600 ; unretract
;infill
G1 X0.000 Y33.941 Einf F3600
G1 E-0.800 F9000 ; retract
G0 X-19.233 Y19.233 F9000 ; travel
G1 E+0.800 F3600 ; unretract
;infill
G1 X0.000 Y38.467 Einf F3600
G1 E-0.800 F9000 ; retract
G0 X-21.496 Y21.496 F9000 ; travel
G1 E+0.800 F3600 ; unretract
;infill
G1 X0.000 Y42.992 Einf F3600
G1 E-0.800 F9000 ; retract
G0 X-23.759 Y23.759 F9000 ; travel
G1 E+0.800 F3600 ; unretract
;infill
G1 X0.000 Y47.518 Einf F3600
G1 E-0.800 F9000 ; retract
G0 X-26.022 Y26.022 F9000 ; travel
G1 E+0.800 F3600 ; unretract
;infill
G1 X0.000 Y52.043 Einf F3600
G1 E-0.800 F9000 ; retract
G0 X-28.284 Y28.284 F9000 ; travel
G1 E+0.800 F3600 ; unretract
;infill
G1 X0.000 Y56.569 Einf F3600
G1 E-0.800 F9000 ; retract
G0 X-30.547 Y30.547 F9000 ; travel
G1 E+0.800 F3600 ; unretract
;infill
G1 X0.000 Y61.094 Einf F3600
G1 E-0.800 F9000 ; retract
G0 X-32.810 Y32.810 F9000 ; travel
G1 E+0.800 F3600 ; unretract
;infill
G1 X0.000 Y65.620 Einf F3600
G1 E-0.800 F9000 ; retract
G0 X-35.073 Y35.073 F9000 ; travel
G1 E+0.800 F3600 ; unretract
;infill
G1 X0.000 Y70.145 Einf F3600
G1 E-0.800 F9000 ; retract
G0 X-37.335 Y37.335 F9000 ; travel
G1 E+0.800 F3600 ; unretract
;infill
G1 X0.000 Y74.670 Einf F3600
G1 E-0.800 F9000 ; retract
G0 X-39.598 Y39.598 F9000 ; travel
G1 E+0.800 F3600 ; unretract
;infill
G1 X0.000 Y79.196 Einf F3600
G1 E-0.800 F9000 ; retract
G0 X-41.861 Y41.861 F9000 ; travel
G1 E+0.800 F3600 ; unretract
;infill
G1 X0.000 Y83.721 Einf F3600
G1 E-0.800 F9000 ; retract
G0 X-44.123 Y44.123 F9000 ; travel
G1 E+0.800 F3600 ; unretract
;infill
G1 X0.000 Y88.247 Einf F3600
G1 E-0.800 F9000 ; retract
G0 X-46.386 Y46.386 F9000 ; travel
G1 E+0.800 F3600 ; unretract
;infill
G1 X0.000 Y92.772 Einf F3600
G1 E-0.800 F9000 ; retract
G0 X-48.649 Y48.649 F9000 ; travel
G1 E+0.800 F3600 ; unretract
;infill
G1 X0.000 Y97.298 Einf F3600
G1 E-0.800 F9000 ; retract
G0 X-50.912 Y50.912 F9000 ; travel
G1 E+0.800 F3600 ; unretract
;infill
G1 X0.000 Y101.823 Einf F3600
G1 E-0.800 F9000 ; retract
G0 X-53.174 Y53.174 F9000 ; travel
G1 E+0.800 F3600 ; unretract
;infill
G1 X0.000 Y106.349 Einf F3600
G1 E-0.800 F9000 ; retract
G0 X-55.437 Y55.437 F9000 ; travel
G1 E+0.800 F3600 ; unretract
;infill
G1 X0.000 Y110.874 Einf F3600
G1 E-0.800 F9000 ; retract
G0 X-57.700 Y57.700 F9000 ; travel
G1 E+0.800 F3600 ; unretract
;infill
G1 X0.000 Y115.400 Einf F3600
G1 E-0.800 F9000 ; retract
G0 X-59.963 Y59.963 F9000 ; travel
G1 E+0.800 F3600 ; unretract
;infill
G1 X0.000 Y119.925 Einf F3600
G1 E-0.800 F9000 ; retract
G0 X-62.225 Y62.225 F9000 ; travel
G1 E+0.800 F3600 ; unretract
;infill
G1 X0.000 Y124.451 Einf F3600
G1 E-0.800 F9000 ; retract
G0 X-64.488 Y64.488 F9000 ; travel
G1 E+0.800 F3600 ; unretract
;infill
G1 X0.000 Y128.976 Einf F3600
G1 E-0.800 F9000 ; retract
G0 X-66.751 Y66.751 F9000 ; travel
G1 E+0.800 F3600 ; unretract
;infill
G1 X0.000 Y133.502 Einf F3600
G1 E-0.800 F9000 ; retract
G0 X-69.014 Y69.014 F9000 ; travel
G1 E+0.800 F3600 ; unretract
;infill
G1 X0.000 Y138.027 Einf F3600
G1 E-0.800 F9000 ; retract
G0 X-71.276 Y71.276 F9000 ; travel
G1 E+0.800 F3600 ; unretract
;infill
G1 X0.000 Y142.553 Einf F3600
G1 E-0.800 F9000 ; retract
G0 X-73.539 Y73.539 F9000 ; travel
G1 E+0.800 F3600 ; unretract
;infill
G1 X0.000 Y147.078 Einf F3600
G1 E-0.800 F9000 ; retract
G0 X-75.802 Y75.802 F9000 ; travel
G1 E+0.800 F3600 ; unretract
;infill
G1 X0.000 Y151.604 Einf F3600
G1 E-0.800 F9000 ; retract
G0 X-78.065 Y78.065 F9000 ; travel
G1 E+0.800 F3600 ; unretract
;infill
G1 X0.000 Y156.129 Einf F3600
G1 E-0.800 F9000 ; retract
G0 X-80.327 Y80.327 F9000 ; travel
G1 E+0.800 F3600 ; unretract
;infill
G1 X0.000 Y160.655 Einf F3600
G1 E-0.800 F9000 ; retract
G0 X-82.590 Y82.590 F9000 ; travel
G1 E+0.800 F3600 ; unretract
;infill
G1 X0.000 Y165.180 Einf F3600
G1 E-0.800 F9000 ; retract
G0 X-84.853 Y84.853 F9000 ; travel
G1 E+0.800 F3600 ; unretract
;infill
G1 X0.000 Y169.706 Einf F3600
G1 E-0.800 F9000 ; retract
G0 X-87.116 Y87.116 F9000 ; travel
G1 E+0.800 F3600 ; unretract
;infill
G1 X0.000 Y174.231 Einf F3600
G1 E-0.800 F9000 ; retract
G0 X-89.378 Y89.378 F9000 ; travel
G1 E+0.800 F3600 ; unretract
;infill
G1 X0.000 Y178.757 Einf F3600
G1 E-0.800 F9000 ; retract
G0 X-91.641 Y91.641 F9000 ; travel
G1 E+0.800 F3600 ; unretract
;infill
G1 X0.000 Y183.282 Einf F3600
G1 E-0.800 F9000 ; retract
G0 X-93.904 Y93.904 F9000 ; travel
G1 E+0.800 F3600 ; unretract
;infill
G1 X0.000 Y187.807 Einf F3600
G1 E-0.800 F9000 ; retract
G0 X-96.166 Y96.166 F9000 ; travel
G1 E+0.800 F3600 ; unretract
;infill
G1 X0.000 Y192.333 Einf F3600
G1 E-0.800 F9000 ; retract
G0 X-98.429 Y98.429 F9000 ; travel
G1 E+0.800 F3600 ; unretract
;infill
G1 X0.000 Y196.858 Einf F3600
G1 E-0.800 F9000 ; retract
G0 X-100.692 Y100.692 F9000 ; travel
G1 E+0.800 F3600 ; unretract
;infill
G1 X0.000 Y201.384 Einf F3600
G1 E-0.800 F9000 ; retract
G0 X-102.955 Y102.955 F9000 ; travel
G1 E+0.800 F3600 ; unretract
;infill
G1 X0.000 Y205.909 Einf F3600
G1 E-0.800 F9000 ; retract
G0 X-105.217 Y105.217 F9000 ; travel
G1 E+0.800 F3600 ; unretract
;infill
G1 X0.000 Y210.435 Einf F3600
G1 E-0.800 F9000 ; retract
G0 X-107.480 Y107.480 F9000 ; travel
G1 E+0.800 F3600 ; unretract
;infill
G1 X0.000 Y214.960 Einf F3600
G1 E-0.800 F9000 ; retract
G0 X-109.743 Y109.743 F9000 ; travel
G1 E+0.800 F3600 ; unretract
;infill
G1 X0.000 Y219.486 Einf F3600
G1 E-0.800 F9000 ; retract
G0 X-112.006 Y112.006 F9000 ; travel
G1 E+0.800 F3600 ; unretract
;infill
G1 X0.000 Y224.011 Einf F3600
G1 E-0.800 F9000 ; retract
G0 X-114.268 Y114.268 F9000 ; travel
G1 E+0.800 F3600 ; unretract
;infill
G1 X0.000 Y228.537 Einf F3600
G1 E-0.800 F9000 ; retract
G0 X-116.531 Y116.531 F9000 ; travel
G1 E+0.800 F3600 ; unretract
;infill
G1 X0.000 Y233.062 Einf F3600
G1 E-0.800 F9000 ; retract
G0 X-118.794 Y118.794 F9000 ; travel
G1 E+0.800 F3600 ; unretract
;infill
G1 X0.000 Y237.588 Einf F3600
G1 E-0.800 F9000 ; retract
G0 X-121.057 Y121.057 F9000 ; travel
G1 E+0.800 F3600 ; unretract
;infill
G1 X-0.000 Y242.113 Einf F3600
G1 E-0.800 F9000 ; retract
G0 X-123.319 Y123.319 F9000 ; travel
G1 E+0.800 F3600 ; unretract
;infill
G1 X0.000 Y246.639 Einf F3600
G1 E-0.800 F9000 ; retract
G0 X-125.582 Y125.582 F9000 ; travel
G1 E+0.800 F3600 ; unretract
;infill
G1 X-0.000 Y251.164 Einf F3600
G1 E-0.800 F9000 ; retract
G0 X-127.845 Y127.845 F9000 ; travel
G1 E+0.800 F3600 ; unretract
;infill
G1 X0.000 Y255.690 Einf F3600
G1 E-0.800 F9000 ; retract
G0 X-130.108 Y130.108 F9000 ; travel
G1 E+0.800 F3600 ; unretract
;infill
G1 X0.000 Y260.215 Einf F3600
G1 E-0.800 F9000 ; retract
G0 X-132.370 Y132.370 F9000 ; travel
G1 E+0.800 F3600 ; unretract
;infill
G1 X0.000 Y264.741 Einf F3600
G1 E-0.800 F9000 ; retract
G0 X-134.633 Y134.633 F9000 ; travel
G1 E+0.800 F3600 ; unretract
;infill
G1 X0.000 Y269.266 Einf F3600
G1 E-0.800 F9000 ; retract
G0 X-136.896 Y136.896 F9000 ; travel
G1 E+0.800 F3600 ; unretract
;infill
G1 X0.000 Y273.792 Einf F3600
G1 E-0.800 F9000 ; retract
G0 X-139.159 Y139.159 F9000 ; travel
G1 E+0.800 F3600 ; unretract
;infill
G1 X0.000 Y278.317 Einf F3600
G1 E-0.800 F9000 ; retract
G0 X-141.421 Y141.421 F9000 ; travel
G1 E+0.800 F3600 ; unretract
;infill
G1 X0.000 Y282.843 Einf F3600
G1 E-0.800 F9000 ; retract
G0 X-143.684 Y143.684 F9000 ; travel
G1 E+0.800 F3600 ; unretract
;infill
G1 X0.000 Y287.368 Einf F3600
;LAYER:9 ;Z:1.80
G1 Z1.80 F9000 ; move to layer
G92 E0 ; reset extruder at layer start
G1 E-0.800 F9000 ; retract
G0 X64.000 Y36.000 F9000 ; travel
G1 E+0.800 F3600 ; unretract
;perimeter
G1 X39.600 Y36.000 Einf F3600
G1 X36.000 Y36.000 Einf F3600
G1 X36.000 Y60.400 Einf F3600
G1 X36.000 Y64.000 Einf F3600
G1 X60.400 Y64.000 Einf F3600
G1 X64.000 Y64.000 Einf F3600
G1 X64.000 Y39.600 Einf F3600
G1 E-0.800 F9000 ; retract
G0 X63.520 Y36.480 F9000 ; travel
G1 E+0.800 F3600 ; unretract
;perimeter
G1 X39.600 Y36.480 Einf F3600
G1 X36.480 Y36.480 Einf F3600
G1 X36.480 Y60.400 Einf F3600
G1 X36.480 Y63.520 Einf F3600
G1 X60.400 Y63.520 Einf F3600
G1 X63.520 Y63.520 Einf F3600
G1 X63.520 Y39.600 Einf F3600
G1 E-0.800 F9000 ; retract
G0 X52.683 Y53.326 F9000 ; travel
G1 E+0.800 F3600 ; unretract
;perimeter
G1 X0.000 Y0.000 Einf F3600
G1 X0.000 Y70361966260224807403520.000 Einf F3600
G1 E-0.800 F9000 ; retract
G0 X-1.131 Y1.131 F9000 ; travel
G1 E+0.800 F3600 ; unretract
;infill
G1 X0.000 Y2.263 Einf F3600
G1 E-0.800 F9000 ; retract
G0 X-3.394 Y3.394 F9000 ; travel
G1 E+0.800 F3600 ; unretract
;infill
G1 X0.000 Y6.788 Einf F3600
G1 E-0.800 F9000 ; retract
G0 X-5.657 Y5.657 F9000 ; travel
G1 E+0.800 F3600 ; unretract
;infill
G1 X0.000 Y11.314 Einf F3600
G1 E-0.800 F9000 ; retract
G0 X-7.920 Y7.920 F9000 ; travel
G1 E+0.800 F3600 ; unretract
;infill
G1 X0.000 Y15.839 Einf F3600
G1 E-0.800 F9000 ; retract
G0 X-10.182 Y10.182 F9000 ; travel
G1 E+0.800 F3600 ; unretract
;infill
G1 X0.000 Y20.365 Einf F3600
G1 E-0.800 F9000 ; retract
G0 X-12.445 Y12.445 F9000 ; travel
G1 E+0.800 F3600 ; unretract
;infill
G1 X0.000 Y24.890 Einf F3600
G1 E-0.800 F9000 ; retract
G0 X-14.708 Y14.708 F9000 ; travel
G1 E+0.800 F3600 ; unretract
;infill
G1 X0.000 Y29.416 Einf F3600
G1 E-0.800 F9000 ; retract
G0 X-16.971 Y16.971 F9000 ; travel
G1 E+0.800 F3600 ; unretract
;infill
G1 X0.000 Y33.941 Einf F3600
G1 E-0.800 F9000 ; retract
G0 X-19.233 Y19.233 F9000 ; travel
G1 E+0.800 F3600 ; unretract
;infill
G1 X-0.000 Y38.467 Einf F3600
G1 E-0.800 F9000 ; retract
G0 X-21.496 Y21.496 F9000 ; travel
G1 E+0.800 F3600 ; unretract
;infill
G1 X0.000 Y42.992 Einf F3600
G1 E-0.800 F9000 ; retract
G0 X-23.759 Y23.759 F9000 ; travel
G1 E+0.800 F3600 ; unretract
;infill
G1 X0.000 Y47.518 Einf F3600
G1 E-0.800 F9000 ; retract
G0 X-26.022 Y26.022 F9000 ; travel
G1 E+0.800 F3600 ; unretract
;infill
G1 X0.000 Y52.043 Einf F3600
G1 E-0.800 F9000 ; retract
G0 X-28.284 Y28.284 F9000 ; travel
G1 E+0.800 F3600 ; unretract
;infill
G1 X0.000 Y56.569 Einf F3600
G1 E-0.800 F9000 ; retract
G0 X-30.547 Y30.547 F9000 ; travel
G1 E+0.800 F3600 ; unretract
;infill
G1 X0.000 Y61.094 Einf F3600
G1 E-0.800 F9000 ; retract
G0 X-32.810 Y32.810 F9000 ; travel
G1 E+0.800 F3600 ; unretract
;infill
G1 X0.000 Y65.620 Einf F3600
G1 E-0.800 F9000 ; retract
G0 X-35.073 Y35.073 F9000 ; travel
G1 E+0.800 F3600 ; unretract
;infill
G1 X0.000 Y70.145 Einf F3600
G1 E-0.800 F9000 ; retract
G0 X-37.335 Y37.335 F9000 ; travel
G1 E+0.800 F3600 ; unretract
;infill
G1 X0.000 Y74.670 Einf F3600
G1 E-0.800 F9000 ; retract
G0 X-39.598 Y39.598 F9000 ; travel
G1 E+0.800 F3600 ; unretract
;infill
G1 X0.000 Y79.196 Einf F3600
G1 E-0.800 F9000 ; retract
G0 X-41.861 Y41.861 F9000 ; travel
G1 E+0.800 F3600 ; unretract
;infill
G1 X0.000 Y83.721 Einf F3600
G1 E-0.800 F9000 ; retract
G0 X-44.123 Y44.123 F9000 ; travel
G1 E+0.800 F3600 ; unretract
;infill
G1 X0.000 Y88.247 Einf F3600
G1 E-0.800 F9000 ; retract
G0 X-46.386 Y46.386 F9000 ; travel
G1 E+0.800 F3600 ; unretract
;infill
G1 X0.000 Y92.772 Einf F3600
G1 E-0.800 F9000 ; retract
G0 X-48.649 Y48.649 F9000 ; travel
G1 E+0.800 F3600 ; unretract
;infill
G1 X0.000 Y97.298 Einf F3600
G1 E-0.800 F9000 ; retract
G0 X-50.912 Y50.912 F9000 ; travel
G1 E+0.800 F3600 ; unretract
;infill
G1 X0.000 Y101.823 Einf F3600
G1 E-0.800 F9000 ; retract
G0 X-53.174 Y53.174 F9000 ; travel
G1 E+0.800 F3600 ; unretract
;infill
G1 X0.000 Y106.349 Einf F3600
G1 E-0.800 F9000 ; retract
G0 X-55.437 Y55.437 F9000 ; travel
G1 E+0.800 F3600 ; unretract
;infill
G1 X0.000 Y110.874 Einf F3600
G1 E-0.800 F9000 ; retract
G0 X-57.700 Y57.700 F9000 ; travel
G1 E+0.800 F3600 ; unretract
;infill
G1 X0.000 Y115.400 Einf F3600
G1 E-0.800 F9000 ; retract
G0 X-59.963 Y59.963 F9000 ; travel
G1 E+0.800 F3600 ; unretract
;infill
G1 X0.000 Y119.925 Einf F3600
G1 E-0.800 F9000 ; retract
G0 X-62.225 Y62.225 F9000 ; travel
G1 E+0.800 F3600 ; unretract
;infill
G1 X0.000 Y124.451 Einf F3600
G1 E-0.800 F9000 ; retract
G0 X-64.488 Y64.488 F9000 ; travel
G1 E+0.800 F3600 ; unretract
;infill
G1 X0.000 Y128.976 Einf F3600
G1 E-0.800 F9000 ; retract
G0 X-66.751 Y66.751 F9000 ; travel
G1 E+0.800 F3600 ; unretract
;infill
G1 X0.000 Y133.502 Einf F3600
G1 E-0.800 F9000 ; retract
G0 X-69.014 Y69.014 F9000 ; travel
G1 E+0.800 F3600 ; unretract
;infill
G1 X0.000 Y138.027 Einf F3600
G1 E-0.800 F9000 ; retract
G0 X-71.276 Y71.276 F9000 ; travel
G1 E+0.800 F3600 ; unretract
;infill
G1 X0.000 Y142.553 Einf F3600
G1 E-0.800 F9000 ; retract
G0 X-73.539 Y73.539 F9000 ; travel
G1 E+0.800 F3600 ; unretract
;infill
G1 X0.000 Y147.078 Einf F3600
G1 E-0.800 F9000 ; retract
G0 X-75.802 Y75.802 F9000 ; travel
G1 E+0.800 F3600 ; unretract
;infill
G1 X0.000 Y151.604 Einf F3600
G1 E-0.800 F9000 ; retract
G0 X-78.065 Y78.065 F9000 ; travel
G1 E+0.800 F3600 ; unretract
;infill
G1 X0.000 Y156.129 Einf F3600
G1 E-0.800 F9000 ; retract
G0 X-80.327 Y80.327 F9000 ; travel
G1 E+0.800 F3600 ; unretract
;infill
G1 X0.000 Y160.655 Einf F3600
G1 E-0.800 F9000 ; retract
G0 X-82.590 Y82.590 F9000 ; travel
G1 E+0.800 F3600 ; unretract
;infill
G1 X0.000 Y165.180 Einf F3600
G1 E-0.800 F9000 ; retract
G0 X-84.853 Y84.853 F9000 ; travel
G1 E+0.800 F3600 ; unretract
;infill
G1 X0.000 Y169.706 Einf F3600
G1 E-0.800 F9000 ; retract
G0 X-87.116 Y87.116 F9000 ; travel
G1 E+0.800 F3600 ; unretract
;infill
G1 X0.000 Y174.231 Einf F3600
G1 E-0.800 F9000 ; retract
G0 X-89.378 Y89.378 F9000 ; travel
G1 E+0.800 F3600 ; unretract
;infill
G1 X0.000 Y178.757 Einf F3600
G1 E-0.800 F9000 ; retract
G0 X-91.641 Y91.641 F9000 ; travel
G1 E+0.800 F3600 ; unretract
;infill
G1 X0.000 Y183.282 Einf F3600
G1 E-0.800 F9000 ; retract
G0 X-93.904 Y93.904 F9000 ; travel
G1 E+0.800 F3600 ; unretract
;infill
G1 X0.000 Y187.807 Einf F3600
G1 E-0.800 F9000 ; retract
G0 X-96.166 Y96.166 F9000 ; travel
G1 E+0.800 F3600 ; unretract
;infill
G1 X0.000 Y192.333 Einf F3600
G1 E-0.800 F9000 ; retract
G0 X-98.429 Y98.429 F9000 ; travel
G1 E+0.800 F3600 ; unretract
;infill
G1 X0.000 Y196.858 Einf F3600
G1 E-0.800 F9000 ; retract
G0 X-100.692 Y100.692 F9000 ; travel
G1 E+0.800 F3600 ; unretract
;infill
G1 X0.000 Y201.384 Einf F3600
G1 E-0.800 F9000 ; retract
G0 X-102.955 Y102.955 F9000 ; travel
G1 E+0.800 F3600 ; unretract
;infill
G1 X0.000 Y205.909 Einf F3600
G1 E-0.800 F9000 ; retract
G0 X-105.217 Y105.217 F9000 ; travel
G1 E+0.800 F3600 ; unretract
;infill
G1 X0.000 Y210.435 Einf F3600
G1 E-0.800 F9000 ; retract
G0 X-107.480 Y107.480 F9000 ; travel
G1 E+0.800 F3600 ; unretract
;infill
G1 X0.000 Y214.960 Einf F3600
G1 E-0.800 F9000 ; retract
G0 X-109.743 Y109.743 F9000 ; travel
G1 E+0.800 F3600 ; unretract
;infill
G1 X0.000 Y219.486 Einf F3600
G1 E-0.800 F9000 ; retract
G0 X-112.006 Y112.006 F9000 ; travel
G1 E+0.800 F3600 ; unretract
;infill
G1 X0.000 Y224.011 Einf F3600
G1 E-0.800 F9000 ; retract
G0 X-114.268 Y114.268 F9000 ; travel
G1 E+0.800 F3600 ; unretract
;infill
G1 X0.000 Y228.537 Einf F3600
G1 E-0.800 F9000 ; retract
G0 X-116.531 Y116.531 F9000 ; travel
G1 E+0.800 F3600 ; unretract
;infill
G1 X0.000 Y233.062 Einf F3600
G1 E-0.800 F9000 ; retract
G0 X-118.794 Y118.794 F9000 ; travel
G1 E+0.800 F3600 ; unretract
;infill
G1 X0.000 Y237.588 Einf F3600
G1 E-0.800 F9000 ; retract
G0 X-121.057 Y121.057 F9000 ; travel
G1 E+0.800 F3600 ; unretract
;infill
G1 X-0.000 Y242.113 Einf F3600
G1 E-0.800 F9000 ; retract
G0 X-123.319 Y123.319 F9000 ; travel
G1 E+0.800 F3600 ; unretract
;infill
G1 X0.000 Y246.639 Einf F3600
G1 E-0.800 F9000 ; retract
G0 X-125.582 Y125.582 F9000 ; travel
G1 E+0.800 F3600 ; unretract
;infill
G1 X-0.000 Y251.164 Einf F3600
G1 E-0.800 F9000 ; retract
G0 X-127.845 Y127.845 F9000 ; travel
G1 E+0.800 F3600 ; unretract
;infill
G1 X0.000 Y255.690 Einf F3600
G1 E-0.800 F9000 ; retract
G0 X-130.108 Y130.108 F9000 ; travel
G1 E+0.800 F3600 ; unretract
;infill
G1 X0.000 Y260.215 Einf F3600
G1 E-0.800 F9000 ; retract
G0 X-132.370 Y132.370 F9000 ; travel
G1 E+0.800 F3600 ; unretract
;infill
G1 X0.000 Y264.741 Einf F3600
G1 E-0.800 F9000 ; retract
G0 X-134.633 Y134.633 F9000 ; travel
G1 E+0.800 F3600 ; unretract
;infill
G1 X0.000 Y269.266 Einf F3600
G1 E-0.800 F9000 ; retract
G0 X-136.896 Y136.896 F9000 ; travel
G1 E+0.800 F3600 ; unretract
;infill
G1 X0.000 Y273.792 Einf F3600
G1 E-0.800 F9000 ; retract
G0 X-139.159 Y139.159 F9000 ; travel
G1 E+0.800 F3600 ; unretract
;infill
G1 X0.000 Y278.317 Einf F3600
G1 E-0.800 F9000 ; retract
G0 X-141.421 Y141.421 F9000 ; travel
G1 E+0.800 F3600 ; unretract
;infill
G1 X0.000 Y282.843 Einf F3600
G1 E-0.800 F9000 ; retract
G0 X-143.684 Y143.684 F9000 ; travel
G1 E+0.800 F3600 ; unretract
;infill
G1 X0.000 Y287.368 Einf F3600
;LAYER:10 ;Z:2.00
G1 Z2.00 F9000 ; move to layer
G92 E0 ; reset extruder at layer start
G1 E-0.800 F9000 ; retract
G0 X64.000 Y36.000 F9000 ; travel
G1 E+0.800 F3600 ; unretract
;perimeter
G1 X40.000 Y36.000 Einf F3600
G1 X36.000 Y36.000 Einf F3600
G1 X36.000 Y60.000 Einf F3600
G1 X36.000 Y64.000 Einf F3600
G1 X60.000 Y64.000 Einf F3600
G1 X64.000 Y64.000 Einf F3600
G1 X64.000 Y40.000 Einf F3600
G1 E-0.800 F9000 ; retract
G0 X63.520 Y36.480 F9000 ; travel
G1 E+0.800 F3600 ; unretract
;perimeter
G1 X40.000 Y36.480 Einf F3600
G1 X36.480 Y36.480 Einf F3600
G1 X36.480 Y60.000 Einf F3600
G1 X36.480 Y63.520 Einf F3600
G1 X60.000 Y63.520 Einf F3600
G1 X63.520 Y63.520 Einf F3600
G1 X63.520 Y40.000 Einf F3600
G1 E-0.800 F9000 ; retract
G0 X58.537 Y59.251 F9000 ; travel
G1 E+0.800 F3600 ; unretract
;perimeter
G1 X0.000 Y0.000 Einf F3600
G1 X0.000 Y70361966260224807403520.000 Einf F3600
G1 E-0.800 F9000 ; retract
G0 X-1.131 Y1.131 F9000 ; travel
G1 E+0.800 F3600 ; unretract
;infill
G1 X0.000 Y2.263 Einf F3600
G1 E-0.800 F9000 ; retract
G0 X-3.394 Y3.394 F9000 ; travel
G1 E+0.800 F3600 ; unretract
;infill
G1 X0.000 Y6.788 Einf F3600
G1 E-0.800 F9000 ; retract
G0 X-5.657 Y5.657 F9000 ; travel
G1 E+0.800 F3600 ; unretract
;infill
G1 X0.000 Y11.314 Einf F3600
G1 E-0.800 F9000 ; retract
G0 X-7.920 Y7.920 F9000 ; travel
G1 E+0.800 F3600 ; unretract
;infill
G1 X0.000 Y15.839 Einf F3600
G1 E-0.800 F9000 ; retract
G0 X-10.182 Y10.182 F9000 ; travel
G1 E+0.800 F3600 ; unretract
;infill
G1 X0.000 Y20.365 Einf F3600
G1 E-0.800 F9000 ; retract
G0 X-12.445 Y12.445 F9000 ; travel
G1 E+0.800 F3600 ; unretract
;infill
G1 X0.000 Y24.890 Einf F3600
G1 E-0.800 F9000 ; retract
G0 X-14.708 Y14.708 F9000 ; travel
G1 E+0.800 F3600 ; unretract
;infill
G1 X0.000 Y29.416 Einf F3600
G1 E-0.800 F9000 ; retract
G0 X-16.971 Y16.971 F9000 ; travel
G1 E+0.800 F3600 ; unretract
;infill
G1 X0.000 Y33.941 Einf F3600
G1 E-0.800 F9000 ; retract
G0 X-19.233 Y19.233 F9000 ; travel
G1 E+0.800 F3600 ; unretract
;infill
G1 X0.000 Y38.467 Einf F3600
G1 E-0.800 F9000 ; retract
G0 X-21.496 Y21.496 F9000 ; travel
G1 E+0.800 F3600 ; unretract
;infill
G1 X0.000 Y42.992 Einf F3600
G1 E-0.800 F9000 ; retract
G0 X-23.759 Y23.759 F9000 ; travel
G1 E+0.800 F3600 ; unretract
;infill
G1 X0.000 Y47.518 Einf F3600
G1 E-0.800 F9000 ; retract
G0 X-26.022 Y26.022 F9000 ; travel
G1 E+0.800 F3600 ; unretract
;infill
G1 X0.000 Y52.043 Einf F3600
G1 E-0.800 F9000 ; retract
G0 X-28.284 Y28.284 F9000 ; travel
G1 E+0.800 F3600 ; unretract
;infill
G1 X0.000 Y56.569 Einf F3600
G1 E-0.800 F9000 ; retract
G0 X-30.547 Y30.547 F9000 ; travel
G1 E+0.800 F3600 ; unretract
;infill
G1 X0.000 Y61.094 Einf F3600
G1 E-0.800 F9000 ; retract
G0 X-32.810 Y32.810 F9000 ; travel
G1 E+0.800 F3600 ; unretract
;infill
G1 X0.000 Y65.620 Einf F3600
G1 E-0.800 F9000 ; retract
G0 X-35.073 Y35.073 F9000 ; travel
G1 E+0.800 F3600 ; unretract
;infill
G1 X0.000 Y70.145 Einf F3600
G1 E-0.800 F9000 ; retract
G0 X-37.335 Y37.335 F9000 ; travel
G1 E+0.800 F3600 ; unretract
;infill
G1 X0.000 Y74.670 Einf F3600
G1 E-0.800 F9000 ; retract
G0 X-39.598 Y39.598 F9000 ; travel
G1 E+0.800 F3600 ; unretract
;infill
G1 X0.000 Y79.196 Einf F3600
G1 E-0.800 F9000 ; retract
G0 X-41.861 Y41.861 F9000 ; travel
G1 E+0.800 F3600 ; unretract
;infill
G1 X0.000 Y83.721 Einf F3600
G1 E-0.800 F9000 ; retract
G0 X-44.123 Y44.123 F9000 ; travel
G1 E+0.800 F3600 ; unretract
;infill
G1 X0.000 Y88.247 Einf F3600
G1 E-0.800 F9000 ; retract
G0 X-46.386 Y46.386 F9000 ; travel
G1 E+0.800 F3600 ; unretract
;infill
G1 X0.000 Y92.772 Einf F3600
G1 E-0.800 F9000 ; retract
G0 X-48.649 Y48.649 F9000 ; travel
G1 E+0.800 F3600 ; unretract
;infill
G1 X0.000 Y97.298 Einf F3600
G1 E-0.800 F9000 ; retract
G0 X-50.912 Y50.912 F9000 ; travel
G1 E+0.800 F3600 ; unretract
;infill
G1 X0.000 Y101.823 Einf F3600
G1 E-0.800 F9000 ; retract
G0 X-53.174 Y53.174 F9000 ; travel
G1 E+0.800 F3600 ; unretract
;infill
G1 X0.000 Y106.349 Einf F3600
G1 E-0.800 F9000 ; retract
G0 X-55.437 Y55.437 F9000 ; travel
G1 E+0.800 F3600 ; unretract
;infill
G1 X0.000 Y110.874 Einf F3600
G1 E-0.800 F9000 ; retract
G0 X-57.700 Y57.700 F9000 ; travel
G1 E+0.800 F3600 ; unretract
;infill
G1 X0.000 Y115.400 Einf F3600
G1 E-0.800 F9000 ; retract
G0 X-59.963 Y59.963 F9000 ; travel
G1 E+0.800 F3600 ; unretract
;infill
G1 X0.000 Y119.925 Einf F3600
G1 E-0.800 F9000 ; retract
G0 X-62.225 Y62.225 F9000 ; travel
G1 E+0.800 F3600 ; unretract
;infill
G1 X0.000 Y124.451 Einf F3600
G1 E-0.800 F9000 ; retract
G0 X-64.488 Y64.488 F9000 ; travel
G1 E+0.800 F3600 ; unretract
;infill
G1 X0.000 Y128.976 Einf F3600
G1 E-0.800 F9000 ; retract
G0 X-66.751 Y66.751 F9000 ; travel
G1 E+0.800 F3600 ; unretract
;infill
G1 X0.000 Y133.502 Einf F3600
G1 E-0.800 F9000 ; retract
G0 X-69.014 Y69.014 F9000 ; travel
G1 E+0.800 F3600 ; unretract
;infill
G1 X0.000 Y138.027 Einf F3600
G1 E-0.800 F9000 ; retract
G0 X-71.276 Y71.276 F9000 ; travel
G1 E+0.800 F3600 ; unretract
;infill
G1 X0.000 Y142.553 Einf F3600
G1 E-0.800 F9000 ; retract
G0 X-73.539 Y73.539 F9000 ; travel
G1 E+0.800 F3600 ; unretract
;infill
G1 X0.000 Y147.078 Einf F3600
G1 E-0.800 F9000 ; retract
G0 X-75.802 Y75.802 F9000 ; travel
G1 E+0.800 F3600 ; unretract
;infill
G1 X0.000 Y151.604 Einf F3600
G1 E-0.800 F9000 ; retract
G0 X-78.065 Y78.065 F9000 ; travel
G1 E+0.800 F3600 ; unretract
;infill
G1 X0.000 Y156.129 Einf F3600
G1 E-0.800 F9000 ; retract
G0 X-80.327 Y80.327 F9000 ; travel
G1 E+0.800 F3600 ; unretract
;infill
G1 X0.000 Y160.655 Einf F3600
G1 E-0.800 F9000 ; retract
G0 X-82.590 Y82.590 F9000 ; travel
G1 E+0.800 F3600 ; unretract
;infill
G1 X0.000 Y165.180 Einf F3600
G1 E-0.800 F9000 ; retract
G0 X-84.853 Y84.853 F9000 ; travel
G1 E+0.800 F3600 ; unretract
;infill
G1 X0.000 Y169.706 Einf F3600
G1 E-0.800 F9000 ; retract
G0 X-87.116 Y87.116 F9000 ; travel
G1 E+0.800 F3600 ; unretract
;infill
G1 X0.000 Y174.231 Einf F3600
G1 E-0.800 F9000 ; retract
G0 X-89.378 Y89.378 F9000 ; travel
G1 E+0.800 F3600 ; unretract
;infill
G1 X0.000 Y178.757 Einf F3600
G1 E-0.800 F9000 ; retract
G0 X-91.641 Y91.641 F9000 ; travel
G1 E+0.800 F3600 ; unretract
;infill
G1 X0.000 Y183.282 Einf F3600
G1 E-0.800 F9000 ; retract
G0 X-93.904 Y93.904 F9000 ; travel
G1 E+0.800 F3600 ; unretract
;infill
G1 X0.000 Y187.807 Einf F3600
G1 E-0.800 F9000 ; retract
G0 X-96.166 Y96.166 F9000 ; travel
G1 E+0.800 F3600 ; unretract
;infill
G1 X0.000 Y192.333 Einf F3600
G1 E-0.800 F9000 ; retract
G0 X-98.429 Y98.429 F9000 ; travel
G1 E+0.800 F3600 ; unretract
;infill
G1 X0.000 Y196.858 Einf F3600
G1 E-0.800 F9000 ; retract
G0 X-100.692 Y100.692 F9000 ; travel
G1 E+0.800 F3600 ; unretract
;infill
G1 X0.000 Y201.384 Einf F3600
G1 E-0.800 F9000 ; retract
G0 X-102.955 Y102.955 F9000 ; travel
G1 E+0.800 F3600 ; unretract
;infill
G1 X0.000 Y205.909 Einf F3600
G1 E-0.800 F9000 ; retract
G0 X-105.217 Y105.217 F9000 ; travel
G1 E+0.800 F3600 ; unretract
;infill
G1 X0.000 Y210.435 Einf F3600
G1 E-0.800 F9000 ; retract
G0 X-107.480 Y107.480 F9000 ; travel
G1 E+0.800 F3600 ; unretract
;infill
G1 X0.000 Y214.960 Einf F3600
G1 E-0.800 F9000 ; retract
G0 X-109.743 Y109.743 F9000 ; travel
G1 E+0.800 F3600 ; unretract
;infill
G1 X0.000 Y219.486 Einf F3600
G1 E-0.800 F9000 ; retract
G0 X-112.006 Y112.006 F9000 ; travel
G1 E+0.800 F3600 ; unretract
;infill
G1 X0.000 Y224.011 Einf F3600
G1 E-0.800 F9000 ; retract
G0 X-114.268 Y114.268 F9000 ; travel
G1 E+0.800 F3600 ; unretract
;infill
G1 X0.000 Y228.537 Einf F3600
G1 E-0.800 F9000 ; retract
G0 X-116.531 Y116.531 F9000 ; travel
G1 E+0.800 F3600 ; unretract
;infill
G1 X0.000 Y233.062 Einf F3600
G1 E-0.800 F9000 ; retract
G0 X-118.794 Y118.794 F9000 ; travel
G1 E+0.800 F3600 ; unretract
;infill
G1 X0.000 Y237.588 Einf F3600
G1 E-0.800 F9000 ; retract
G0 X-121.057 Y121.057 F9000 ; travel
G1 E+0.800 F3600 ; unretract
;infill
G1 X-0.000 Y242.113 Einf F3600
G1 E-0.800 F9000 ; retract
G0 X-123.319 Y123.319 F9000 ; travel
G1 E+0.800 F3600 ; unretract
;infill
G1 X0.000 Y246.639 Einf F3600
G1 E-0.800 F9000 ; retract
G0 X-125.582 Y125.582 F9000 ; travel
G1 E+0.800 F3600 ; unretract
;infill
G1 X-0.000 Y251.164 Einf F3600
G1 E-0.800 F9000 ; retract
G0 X-127.845 Y127.845 F9000 ; travel
G1 E+0.800 F3600 ; unretract
;infill
G1 X0.000 Y255.690 Einf F3600
G1 E-0.800 F9000 ; retract
G0 X-130.108 Y130.108 F9000 ; travel
G1 E+0.800 F3600 ; unretract
;infill
G1 X0.000 Y260.215 Einf F3600
G1 E-0.800 F9000 ; retract
G0 X-132.370 Y132.370 F9000 ; travel
G1 E+0.800 F3600 ; unretract
;infill
G1 X0.000 Y264.741 Einf F3600
G1 E-0.800 F9000 ; retract
G0 X-134.633 Y134.633 F9000 ; travel
G1 E+0.800 F3600 ; unretract
;infill
G1 X0.000 Y269.266 Einf F3600
G1 E-0.800 F9000 ; retract
G0 X-136.896 Y136.896 F9000 ; travel
G1 E+0.800 F3600 ; unretract
;infill
G1 X0.000 Y273.792 Einf F3600
G1 E-0.800 F9000 ; retract
G0 X-139.159 Y139.159 F9000 ; travel
G1 E+0.800 F3600 ; unretract
;infill
G1 X0.000 Y278.317 Einf F3600
G1 E-0.800 F9000 ; retract
G0 X-141.421 Y141.421 F9000 ; travel
G1 E+0.800 F3600 ; unretract
;infill
G1 X0.000 Y282.843 Einf F3600
G1 E-0.800 F9000 ; retract
G0 X-143.684 Y143.684 F9000 ; travel
G1 E+0.800 F3600 ; unretract
;infill
G1 X0.000 Y287.368 Einf F3600
;LAYER:11 ;Z:2.20
G1 Z2.20 F9000 ; move to layer
G92 E0 ; reset extruder at layer start
G1 E-0.800 F9000 ; retract
G0 X64.000 Y36.000 F9000 ; travel
G1 E+0.800 F3600 ; unretract
;perimeter
G1 X40.400 Y36.000 Einf F3600
G1 X36.000 Y36.000 Einf F3600
G1 X36.000 Y59.600 Einf F3600
G1 X36.000 Y64.000 Einf F3600
G1 X59.600 Y64.000 Einf F3600
G1 X64.000 Y64.000 Einf F3600
G1 X64.000 Y40.400 Einf F3600
G1 E-0.800 F9000 ; retract
G0 X64.480 Y35.520 F9000 ; travel
G1 E+0.800 F3600 ; unretract
;perimeter
G1 X40.400 Y35.520 Einf F3600
G1 X35.520 Y35.520 Einf F3600
G1 X35.520 Y59.600 Einf F3600
G1 X35.520 Y64.480 Einf F3600
G1 X59.600 Y64.480 Einf F3600
G1 X64.480 Y64.480 Einf F3600
G1 X64.480 Y40.400 Einf F3600
G1 E-0.800 F9000 ; retract
G0 X62.000 Y38.000 F9000 ; travel
G1 E+0.800 F3600 ; unretract
;perimeter
G1 X61.600 Y38.000 Einf F3600
G1 X38.000 Y38.000 Einf F3600
G1 X38.000 Y38.400 Einf F3600
G1 X38.000 Y62.000 Einf F3600
G1 X38.400 Y62.000 Einf F3600
G1 X62.000 Y62.000 Einf F3600
G1 X62.000 Y61.600 Einf F3600
G1 E-0.800 F9000 ; retract
G0 X62.480 Y37.520 F9000 ; travel
G1 E+0.800 F3600 ; unretract
;perimeter
G1 X61.600 Y37.520 Einf F3600
G1 X37.520 Y37.520 Einf F3600
G1 X37.520 Y38.400 Einf F3600
G1 X37.520 Y62.480 Einf F3600
G1 X38.400 Y62.480 Einf F3600
G1 X62.480 Y62.480 Einf F3600
G1 X62.480 Y61.600 Einf F3600
G1 E-0.800 F9000 ; retract
G0 X60.732 Y60.000 F9000 ; travel
G1 E+0.800 F3600 ; unretract
;perimeter
G1 X58771885065192425390080.000 Y18314939781459887656009728.000 Einf F3600
G1 X43.000 Y59.000 Einf F3600
G1 X42.732 Y60.000 Einf F3600
G1 X167798.891 Y60.000 Einf F3600
G1 E-0.800 F9000 ; retract
G0 X57.268 Y60.000 F9000 ; travel
G1 E+0.800 F3600 ; unretract
;perimeter
G1 X0.000 Y70361966260224807403520.000 Einf F3600
G1 X40.139 Y57.268 Einf F3600
G1 E-0.800 F9000 ; retract
G0 X41.030 Y600501102582603986952519680.000 F9000 ; travel
G1 E+0.800 F3600 ; unretract
;perimeter
G1 X48.000 Y0.000 Einf F3600
G1 X0.445 Y8807357522729615847722057728.000 Einf F3600
G1 E-0.800 F9000 ; retract
G0 X22.869 Y-22.869 F9000 ; travel
G1 E+0.800 F3600 ; unretract
;infill
G1 X48.000 Y2.263 Einf F3600
G1 E-0.800 F9000 ; retract
G0 X20.606 Y-20.606 F9000 ; travel
G1 E+0.800 F3600 ; unretract
;infill
G1 X48.000 Y6.788 Einf F3600
G1 E-0.800 F9000 ; retract
G0 X18.343 Y-18.343 F9000 ; travel
G1 E+0.800 F3600 ; unretract
;infill
G1 X48.000 Y11.314 Einf F3600
G1 E-0.800 F9000 ; retract
G0 X16.080 Y-16.080 F9000 ; travel
G1 E+0.800 F3600 ; unretract
;infill
G1 X48.000 Y15.839 Einf F3600
G1 E-0.800 F9000 ; retract
G0 X13.818 Y-13.818 F9000 ; travel
G1 E+0.800 F3600 ; unretract
;infill
G1 X48.000 Y20.365 Einf F3600
G1 E-0.800 F9000 ; retract
G0 X11.555 Y-11.555 F9000 ; travel
G1 E+0.800 F3600 ; unretract
;infill
G1 X48.000 Y24.890 Einf F3600
G1 E-0.800 F9000 ; retract
G0 X9.292 Y-9.292 F9000 ; travel
G1 E+0.800 F3600 ; unretract
;infill
G1 X48.000 Y29.416 Einf F3600
G1 E-0.800 F9000 ; retract
G0 X7.029 Y-7.029 F9000 ; travel
G1 E+0.800 F3600 ; unretract
;infill
G1 X48.000 Y33.941 Einf F3600
G1 E-0.800 F9000 ; retract
G0 X4.767 Y-4.767 F9000 ; travel
G1 E+0.800 F3600 ; unretract
;infill
G1 X48.000 Y38.467 Einf F3600
G1 E-0.800 F9000 ; retract
G0 X2.504 Y-2.504 F9000 ; travel
G1 E+0.800 F3600 ; unretract
;infill
G1 X48.000 Y42.992 Einf F3600
G1 E-0.800 F9000 ; retract
G0 X0.241 Y-0.241 F9000 ; travel
G1 E+0.800 F3600 ; unretract
;infill
G1 X48.000 Y47.518 Einf F3600
G1 E-0.800 F9000 ; retract
G0 X-2.022 Y2.022 F9000 ; travel
G1 E+0.800 F3600 ; unretract
;infill
G1 X48.000 Y52.043 Einf F3600
G1 E-0.800 F9000 ; retract
G0 X-4.284 Y4.284 F9000 ; travel
G1 E+0.800 F3600 ; unretract
;infill
G1 X48.000 Y56.569 Einf F3600
G1 E-0.800 F9000 ; retract
G0 X-6.547 Y6.547 F9000 ; travel
G1 E+0.800 F3600 ; unretract
;infill
G1 X48.000 Y61.094 Einf F3600
G1 E-0.800 F9000 ; retract
G0 X-8.810 Y8.810 F9000 ; travel
G1 E+0.800 F3600 ; unretract
;infill
G1 X48.000 Y65.620 Einf F3600
G1 E-0.800 F9000 ; retract
G0 X-11.072 Y11.072 F9000 ; travel
G1 E+0.800 F3600 ; unretract
;infill
G1 X48.000 Y70.145 Einf F3600
G1 E-0.800 F9000 ; retract
G0 X-13.335 Y13.335 F9000 ; travel
G1 E+0.800 F3600 ; unretract
;infill
G1 X48.000 Y74.670 Einf F3600
G1 E-0.800 F9000 ; retract
G0 X-15.598 Y15.598 F9000 ; travel
G1 E+0.800 F3600 ; unretract
;infill
G1 X48.000 Y79.196 Einf F3600
G1 E-0.800 F9000 ; retract
G0 X-17.861 Y17.861 F9000 ; travel
G1 E+0.800 F3600 ; unretract
;infill
G1 X48.000 Y83.721 Einf F3600
G1 E-0.800 F9000 ; retract
G0 X-20.123 Y20.123 F9000 ; travel
G1 E+0.800 F3600 ; unretract
;infill
G1 X48.000 Y88.247 Einf F3600
G1 E-0.800 F9000 ; retract
G0 X-22.386 Y22.386 F9000 ; travel
G1 E+0.800 F3600 ; unretract
;infill
G1 X48.000 Y92.772 Einf F3600
G1 E-0.800 F9000 ; retract
G0 X-24.649 Y24.649 F9000 ; travel
G1 E+0.800 F3600 ; unretract
;infill
G1 X48.000 Y97.298 Einf F3600
G1 E-0.800 F9000 ; retract
G0 X-26.912 Y26.912 F9000 ; travel
G1 E+0.800 F3600 ; unretract
;infill
G1 X48.000 Y101.823 Einf F3600
G1 E-0.800 F9000 ; retract
G0 X-29.174 Y29.174 F9000 ; travel
G1 E+0.800 F3600 ; unretract
;infill
G1 X48.000 Y106.349 Einf F3600
G1 E-0.800 F9000 ; retract
G0 X-31.437 Y31.437 F9000 ; travel
G1 E+0.800 F3600 ; unretract
;infill
G1 X48.000 Y110.874 Einf F3600
G1 E-0.800 F9000 ; retract
G0 X-33.700 Y33.700 F9000 ; travel
G1 E+0.800 F3600 ; unretract
;infill
G1 X48.000 Y115.400 Einf F3600
G1 E-0.800 F9000 ; retract
G0 X-35.963 Y35.963 F9000 ; travel
G1 E+0.800 F3600 ; unretract
;infill
G1 X48.000 Y119.925 Einf F3600
G1 E-0.800 F9000 ; retract
G0 X-38.225 Y38.225 F9000 ; travel
G1 E+0.800 F3600 ; unretract
;infill
G1 X48.000 Y124.451 Einf F3600
G1 E-0.800 F9000 ; retract
G0 X-40.488 Y40.488 F9000 ; travel
G1 E+0.800 F3600 ; unretract
;infill
G1 X48.000 Y128.976 Einf F3600
G1 E-0.800 F9000 ; retract
G0 X-42.751 Y42.751 F9000 ; travel
G1 E+0.800 F3600 ; unretract
;infill
G1 X48.000 Y133.502 Einf F3600
G1 E-0.800 F9000 ; retract
G0 X-45.014 Y45.014 F9000 ; travel
G1 E+0.800 F3600 ; unretract
;infill
G1 X48.000 Y138.027 Einf F3600
G1 E-0.800 F9000 ; retract
G0 X-47.276 Y47.276 F9000 ; travel
G1 E+0.800 F3600 ; unretract
;infill
G1 X48.000 Y142.553 Einf F3600
G1 E-0.800 F9000 ; retract
G0 X-49.539 Y49.539 F9000 ; travel
G1 E+0.800 F3600 ; unretract
;infill
G1 X48.000 Y147.078 Einf F3600
G1 E-0.800 F9000 ; retract
G0 X-51.802 Y51.802 F9000 ; travel
G1 E+0.800 F3600 ; unretract
;infill
G1 X48.000 Y151.604 Einf F3600
G1 E-0.800 F9000 ; retract
G0 X-54.065 Y54.065 F9000 ; travel
G1 E+0.800 F3600 ; unretract
;infill
G1 X48.000 Y156.129 Einf F3600
G1 E-0.800 F9000 ; retract
G0 X-56.327 Y56.327 F9000 ; travel
G1 E+0.800 F3600 ; unretract
;infill
G1 X48.000 Y160.655 Einf F3600
G1 E-0.800 F9000 ; retract
G0 X-58.590 Y58.590 F9000 ; travel
G1 E+0.800 F3600 ; unretract
;infill
G1 X48.000 Y165.180 Einf F3600
G1 E-0.800 F9000 ; retract
G0 X-60.853 Y60.853 F9000 ; travel
G1 E+0.800 F3600 ; unretract
;infill
G1 X48.000 Y169.706 Einf F3600
G1 E-0.800 F9000 ; retract
G0 X-63.116 Y63.116 F9000 ; travel
G1 E+0.800 F3600 ; unretract
;infill
G1 X48.000 Y174.231 Einf F3600
G1 E-0.800 F9000 ; retract
G0 X-65.378 Y65.378 F9000 ; travel
G1 E+0.800 F3600 ; unretract
;infill
G1 X48.000 Y178.757 Einf F3600
G1 E-0.800 F9000 ; retract
G0 X-67.641 Y67.641 F9000 ; travel
G1 E+0.800 F3600 ; unretract
;infill
G1 X48.000 Y183.282 Einf F3600
G1 E-0.800 F9000 ; retract
G0 X-69.904 Y69.904 F9000 ; travel
G1 E+0.800 F3600 ; unretract
;infill
G1 X48.000 Y187.808 Einf F3600
G1 E-0.800 F9000 ; retract
G0 X-72.167 Y72.167 F9000 ; travel
G1 E+0.800 F3600 ; unretract
;infill
G1 X48.000 Y192.333 Einf F3600
G1 E-0.800 F9000 ; retract
G0 X-74.429 Y74.429 F9000 ; travel
G1 E+0.800 F3600 ; unretract
;infill
G1 X48.000 Y196.858 Einf F3600
G1 E-0.800 F9000 ; retract
G0 X-76.692 Y76.692 F9000 ; travel
G1 E+0.800 F3600 ; unretract
;infill
G1 X48.000 Y201.384 Einf F3600
G1 E-0.800 F9000 ; retract
G0 X-78.955 Y78.955 F9000 ; travel
G1 E+0.800 F3600 ; unretract
;infill
G1 X48.000 Y205.909 Einf F3600
G1 E-0.800 F9000 ; retract
G0 X-81.217 Y81.217 F9000 ; travel
G1 E+0.800 F3600 ; unretract
;infill
G1 X48.000 Y210.435 Einf F3600
G1 E-0.800 F9000 ; retract
G0 X-83.480 Y83.480 F9000 ; travel
G1 E+0.800 F3600 ; unretract
;infill
G1 X48.000 Y214.960 Einf F3600
G1 E-0.800 F9000 ; retract
G0 X-85.743 Y85.743 F9000 ; travel
G1 E+0.800 F3600 ; unretract
;infill
G1 X48.000 Y219.486 Einf F3600
G1 E-0.800 F9000 ; retract
G0 X-88.006 Y88.006 F9000 ; travel
G1 E+0.800 F3600 ; unretract
;infill
G1 X48.000 Y224.011 Einf F3600
G1 E-0.800 F9000 ; retract
G0 X-90.268 Y90.268 F9000 ; travel
G1 E+0.800 F3600 ; unretract
;infill
G1 X48.000 Y228.537 Einf F3600
G1 E-0.800 F9000 ; retract
G0 X-92.531 Y92.531 F9000 ; travel
G1 E+0.800 F3600 ; unretract
;infill
G1 X48.000 Y233.062 Einf F3600
G1 E-0.800 F9000 ; retract
G0 X-94.794 Y94.794 F9000 ; travel
G1 E+0.800 F3600 ; unretract
;infill
G1 X48.000 Y237.588 Einf F3600
G1 E-0.800 F9000 ; retract
G0 X-97.057 Y97.057 F9000 ; travel
G1 E+0.800 F3600 ; unretract
;infill
G1 X48.000 Y242.113 Einf F3600
G1 E-0.800 F9000 ; retract
G0 X-99.319 Y99.319 F9000 ; travel
G1 E+0.800 F3600 ; unretract
;infill
G1 X48.000 Y246.639 Einf F3600
G1 E-0.800 F9000 ; retract
G0 X-101.582 Y101.582 F9000 ; travel
G1 E+0.800 F3600 ; unretract
;infill
G1 X48.000 Y251.164 Einf F3600
G1 E-0.800 F9000 ; retract
G0 X-103.845 Y103.845 F9000 ; travel
G1 E+0.800 F3600 ; unretract
;infill
G1 X48.000 Y255.690 Einf F3600
G1 E-0.800 F9000 ; retract
G0 X-106.108 Y106.108 F9000 ; travel
G1 E+0.800 F3600 ; unretract
;infill
G1 X48.000 Y260.215 Einf F3600
G1 E-0.800 F9000 ; retract
G0 X-108.370 Y108.370 F9000 ; travel
G1 E+0.800 F3600 ; unretract
;infill
G1 X48.000 Y264.741 Einf F3600
G1 E-0.800 F9000 ; retract
G0 X-110.633 Y110.633 F9000 ; travel
G1 E+0.800 F3600 ; unretract
;infill
G1 X48.000 Y269.266 Einf F3600
G1 E-0.800 F9000 ; retract
G0 X-112.896 Y112.896 F9000 ; travel
G1 E+0.800 F3600 ; unretract
;infill
G1 X48.000 Y273.792 Einf F3600
G1 E-0.800 F9000 ; retract
G0 X-115.159 Y115.159 F9000 ; travel
G1 E+0.800 F3600 ; unretract
;infill
G1 X48.000 Y278.317 Einf F3600
G1 E-0.800 F9000 ; retract
G0 X-117.421 Y117.421 F9000 ; travel
G1 E+0.800 F3600 ; unretract
;infill
G1 X48.000 Y282.843 Einf F3600
G1 E-0.800 F9000 ; retract
G0 X-119.684 Y119.684 F9000 ; travel
G1 E+0.800 F3600 ; unretract
;infill
G1 X48.000 Y287.368 Einf F3600
;LAYER:12 ;Z:2.40
G1 Z2.40 F9000 ; move to layer
G92 E0 ; reset extruder at layer start
G1 E-0.800 F9000 ; retract
G0 X64.000 Y36.000 F9000 ; travel
G1 E+0.800 F3600 ; unretract
;perimeter
G1 X40.800 Y36.000 Einf F3600
G1 X36.000 Y36.000 Einf F3600
G1 X36.000 Y59.200 Einf F3600
G1 X36.000 Y64.000 Einf F3600
G1 X59.200 Y64.000 Einf F3600
G1 X64.000 Y64.000 Einf F3600
G1 X64.000 Y40.800 Einf F3600
G1 E-0.800 F9000 ; retract
G0 X64.480 Y35.520 F9000 ; travel
G1 E+0.800 F3600 ; unretract
;perimeter
G1 X40.800 Y35.520 Einf F3600
G1 X35.520 Y35.520 Einf F3600
G1 X35.520 Y59.200 Einf F3600
G1 X35.520 Y64.480 Einf F3600
G1 X59.200 Y64.480 Einf F3600
G1 X64.480 Y64.480 Einf F3600
G1 X64.480 Y40.800 Einf F3600
G1 E-0.800 F9000 ; retract
G0 X62.000 Y38.000 F9000 ; travel
G1 E+0.800 F3600 ; unretract
;perimeter
G1 X61.200 Y38.000 Einf F3600
G1 X38.000 Y38.000 Einf F3600
G1 X38.000 Y38.800 Einf F3600
G1 X38.000 Y62.000 Einf F3600
G1 X38.800 Y62.000 Einf F3600
G1 X62.000 Y62.000 Einf F3600
G1 X62.000 Y61.200 Einf F3600
G1 E-0.800 F9000 ; retract
G0 X62.480 Y37.520 F9000 ; travel
G1 E+0.800 F3600 ; unretract
;perimeter
G1 X61.200 Y37.520 Einf F3600
G1 X37.520 Y37.520 Einf F3600
G1 X37.520 Y38.800 Einf F3600
G1 X37.520 Y62.480 Einf F3600
G1 X38.800 Y62.480 Einf F3600
G1 X62.480 Y62.480 Einf F3600
G1 X62.480 Y61.200 Einf F3600
G1 E-0.800 F9000 ; retract
G0 X60.008 Y41.824 F9000 ; travel
G1 E+0.800 F3600 ; unretract
;perimeter
G1 X60.268 Y40.854 Einf F3600
G1 X61.088 Y40.854 Einf F3600
G1 X60.828 Y39.883 Einf F3600
G1 X60.817 Y39.896 Einf F3600
G1 X60.104 Y39.183 Einf F3600
G1 X59.375 Y39.183 Einf F3600
G1 X58.401 Y38.922 Einf F3600
G1 X58.401 Y38.922 Einf F3600
G1 E-0.800 F9000 ; retract
G0 X60.164 Y43.097 F9000 ; travel
G1 E+0.800 F3600 ; unretract
;perimeter
G1 X60.636 Y41.334 Einf F3600
G1 X61.713 Y41.334 Einf F3600
G1 X61.049 Y38.853 Einf F3600
G1 X60.781 Y39.181 Einf F3600
G1 X60.303 Y38.703 Einf F3600
G1 X59.439 Y38.703 Einf F3600
G1 X58.465 Y38.442 Einf F3600
G1 X57.587 Y38.442 Einf F3600
G1 E-0.800 F9000 ; retract
G0 X60.732 Y60.000 F9000 ; travel
G1 E+0.800 F3600 ; unretract
;perimeter
G1 X58771885065192425390080.000 Y18314939781459887656009728.000 Einf F3600
G1 X43.000 Y59.000 Einf F3600
G1 X42.732 Y60.000 Einf F3600
G1 X391474.031 Y60.000 Einf F3600
G1 E-0.800 F9000 ; retract
G0 X51.431 Y60.000 F9000 ; travel
G1 E+0.800 F3600 ; unretract
;infill
G1 X60.762 Y69.331 Einf F3600
G1 E-0.800 F9000 ; retract
G0 X46.906 Y60.000 F9000 ; travel
G1 E+0.800 F3600 ; unretract
;infill
G1 X60.777 Y73.871 Einf F3600
G1 E-0.800 F9000 ; retract
G0 X-8.810 Y8.810 F9000 ; travel
G1 E+0.800 F3600 ; unretract
;infill
G1 X60.791 Y78.411 Einf F3600
G1 E-0.800 F9000 ; retract
G0 X-11.073 Y11.073 F9000 ; travel
G1 E+0.800 F3600 ; unretract
;infill
G1 X60.806 Y82.951 Einf F3600
G1 E-0.800 F9000 ; retract
G0 X-13.335 Y13.335 F9000 ; travel
G1 E+0.800 F3600 ; unretract
;infill
G1 X60.820 Y87.491 Einf F3600
G1 E-0.800 F9000 ; retract
G0 X-15.598 Y15.598 F9000 ; travel
G1 E+0.800 F3600 ; unretract
;infill
G1 X60.835 Y92.031 Einf F3600
G1 E-0.800 F9000 ; retract
G0 X-17.861 Y17.861 F9000 ; travel
G1 E+0.800 F3600 ; unretract
;infill
G1 X60.849 Y96.571 Einf F3600
G1 E-0.800 F9000 ; retract
G0 X-20.124 Y20.124 F9000 ; travel
G1 E+0.800 F3600 ; unretract
;infill
G1 X60.864 Y101.111 Einf F3600
G1 E-0.800 F9000 ; retract
G0 X-22.386 Y22.386 F9000 ; travel
G1 E+0.800 F3600 ; unretract
;infill
G1 X60.879 Y105.651 Einf F3600
G1 E-0.800 F9000 ; retract
G0 X-24.649 Y24.649 F9000 ; travel
G1 E+0.800 F3600 ; unretract
;infill
G1 X60.893 Y110.191 Einf F3600
G1 E-0.800 F9000 ; retract
G0 X-26.912 Y26.912 F9000 ; travel
G1 E+0.800 F3600 ; unretract
;infill
G1 X60.908 Y114.731 Einf F3600
G1 E-0.800 F9000 ; retract
G0 X-29.175 Y29.175 F9000 ; travel
G1 E+0.800 F3600 ; unretract
;infill
G1 X60.922 Y119.271 Einf F3600
G1 E-0.800 F9000 ; retract
G0 X-31.437 Y31.437 F9000 ; travel
G1 E+0.800 F3600 ; unretract
;infill
G1 X60.937 Y123.811 Einf F3600
G1 E-0.800 F9000 ; retract
G0 X-33.700 Y33.700 F9000 ; travel
G1 E+0.800 F3600 ; unretract
;infill
G1 X60.951 Y128.351 Einf F3600
G1 E-0.800 F9000 ; retract
G0 X-35.963 Y35.963 F9000 ; travel
G1 E+0.800 F3600 ; unretract
;infill
G1 X60.966 Y132.891 Einf F3600
G1 E-0.800 F9000 ; retract
G0 X-38.225 Y38.225 F9000 ; travel
G1 E+0.800 F3600 ; unretract
;infill
G1 X60.981 Y137.432 Einf F3600
G1 E-0.800 F9000 ; retract
G0 X-40.488 Y40.488 F9000 ; travel
G1 E+0.800 F3600 ; unretract
;infill
G1 X60.995 Y141.972 Einf F3600
G1 E-0.800 F9000 ; retract
G0 X-42.751 Y42.751 F9000 ; travel
G1 E+0.800 F3600 ; unretract
;infill
G1 X61.010 Y146.512 Einf F3600
G1 E-0.800 F9000 ; retract
G0 X-45.014 Y45.014 F9000 ; travel
G1 E+0.800 F3600 ; unretract
;infill
G1 X61.024 Y151.052 Einf F3600
G1 E-0.800 F9000 ; retract
G0 X-47.276 Y47.276 F9000 ; travel
G1 E+0.800 F3600 ; unretract
;infill
G1 X61.039 Y155.592 Einf F3600
G1 E-0.800 F9000 ; retract
G0 X-49.539 Y49.539 F9000 ; travel
G1 E+0.800 F3600 ; unretract
;infill
G1 X61.053 Y160.132 Einf F3600
G1 E-0.800 F9000 ; retract
G0 X-51.802 Y51.802 F9000 ; travel
G1 E+0.800 F3600 ; unretract
;infill
G1 X61.068 Y164.672 Einf F3600
G1 E-0.800 F9000 ; retract
G0 X-54.065 Y54.065 F9000 ; travel
G1 E+0.800 F3600 ; unretract
;infill
G1 X61.083 Y169.212 Einf F3600
G1 E-0.800 F9000 ; retract
G0 X-56.327 Y56.327 F9000 ; travel
G1 E+0.800 F3600 ; unretract
;infill
G1 X61.097 Y173.752 Einf F3600
G1 E-0.800 F9000 ; retract
G0 X-58.590 Y58.590 F9000 ; travel
G1 E+0.800 F3600 ; unretract
;infill
G1 X61.112 Y178.292 Einf F3600
G1 E-0.800 F9000 ; retract
G0 X-60.853 Y60.853 F9000 ; travel
G1 E+0.800 F3600 ; unretract
;infill
G1 X61.126 Y182.832 Einf F3600
G1 E-0.800 F9000 ; retract
G0 X-63.116 Y63.116 F9000 ; travel
G1 E+0.800 F3600 ; unretract
;infill
G1 X61.141 Y187.372 Einf F3600
G1 E-0.800 F9000 ; retract
G0 X-65.378 Y65.378 F9000 ; travel
G1 E+0.800 F3600 ; unretract
;infill
G1 X61.155 Y191.912 Einf F3600
G1 E-0.800 F9000 ; retract
G0 X-67.641 Y67.641 F9000 ; travel
G1 E+0.800 F3600 ; unretract
;infill
G1 X61.170 Y196.452 Einf F3600
G1 E-0.800 F9000 ; retract
G0 X-69.904 Y69.904 F9000 ; travel
G1 E+0.800 F3600 ; unretract
;infill
G1 X61.184 Y200.992 Einf F3600
G1 E-0.800 F9000 ; retract
G0 X-72.167 Y72.167 F9000 ; travel
G1 E+0.800 F3600 ; unretract
;infill
G1 X61.199 Y205.532 Einf F3600
G1 E-0.800 F9000 ; retract
G0 X-74.429 Y74.429 F9000 ; travel
G1 E+0.800 F3600 ; unretract
;infill
G1 X61.214 Y210.072 Einf F3600
G1 E-0.800 F9000 ; retract
G0 X-76.692 Y76.692 F9000 ; travel
G1 E+0.800 F3600 ; unretract
;infill
G1 X61.228 Y214.612 Einf F3600
G1 E-0.800 F9000 ; retract
G0 X-78.955 Y78.955 F9000 ; travel
G1 E+0.800 F3600 ; unretract
;infill
G1 X61.243 Y219.152 Einf F3600
G1 E-0.800 F9000 ; retract
G0 X-81.218 Y81.218 F9000 ; travel
G1 E+0.800 F3600 ; unretract
;infill
G1 X61.257 Y223.692 Einf F3600
G1 E-0.800 F9000 ; retract
G0 X-83.480 Y83.480 F9000 ; travel
G1 E+0.800 F3600 ; unretract
;infill
G1 X61.272 Y228.232 Einf F3600
G1 E-0.800 F9000 ; retract
G0 X-85.743 Y85.743 F9000 ; travel
G1 E+0.800 F3600 ; unretract
;infill
G1 X61.286 Y232.773 Einf F3600
G1 E-0.800 F9000 ; retract
G0 X-88.006 Y88.006 F9000 ; travel
G1 E+0.800 F3600 ; unretract
;infill
G1 X61.301 Y237.313 Einf F3600
G1 E-0.800 F9000 ; retract
G0 X-90.269 Y90.269 F9000 ; travel
G1 E+0.800 F3600 ; unretract
;infill
G1 X61.316 Y241.853 Einf F3600
G1 E-0.800 F9000 ; retract
G0 X-92.531 Y92.531 F9000 ; travel
G1 E+0.800 F3600 ; unretract
;infill
G1 X61.330 Y246.393 Einf F3600
G1 E-0.800 F9000 ; retract
G0 X-94.794 Y94.794 F9000 ; travel
G1 E+0.800 F3600 ; unretract
;infill
G1 X61.345 Y250.933 Einf F3600
G1 E-0.800 F9000 ; retract
G0 X-97.057 Y97.057 F9000 ; travel
G1 E+0.800 F3600 ; unretract
;infill
G1 X61.359 Y255.473 Einf F3600
G1 E-0.800 F9000 ; retract
G0 X-99.319 Y99.319 F9000 ; travel
G1 E+0.800 F3600 ; unretract
;infill
G1 X61.374 Y260.013 Einf F3600
G1 E-0.800 F9000 ; retract
G0 X-101.582 Y101.582 F9000 ; travel
G1 E+0.800 F3600 ; unretract
;infill
G1 X61.388 Y264.553 Einf F3600
G1 E-0.800 F9000 ; retract
G0 X-103.845 Y103.845 F9000 ; travel
G1 E+0.800 F3600 ; unretract
;infill
G1 X61.403 Y269.093 Einf F3600
G1 E-0.800 F9000 ; retract
G0 X-106.108 Y106.108 F9000 ; travel
G1 E+0.800 F3600 ; unretract
;infill
G1 X61.418 Y273.633 Einf F3600
G1 E-0.800 F9000 ; retract
G0 X-108.370 Y108.370 F9000 ; travel
G1 E+0.800 F3600 ; unretract
;infill
G1 X61.432 Y278.173 Einf F3600
G1 E-0.800 F9000 ; retract
G0 X-110.633 Y110.633 F9000 ; travel
G1 E+0.800 F3600 ; unretract
;infill
G1 X61.447 Y282.713 Einf F3600
G1 E-0.800 F9000 ; retract
G0 X-112.896 Y112.896 F9000 ; travel
G1 E+0.800 F3600 ; unretract
;infill
G1 X61.461 Y287.253 Einf F3600
G1 E-0.800 F9000 ; retract
G0 X-115.159 Y115.159 F9000 ; travel
G1 E+0.800 F3600 ; unretract
;infill
G1 X61.476 Y291.793 Einf F3600
G1 E-0.800 F9000 ; retract
G0 X-117.421 Y117.421 F9000 ; travel
G1 E+0.800 F3600 ; unretract
;infill
G1 X61.490 Y296.333 Einf F3600
G1 E-0.800 F9000 ; retract
G0 X-119.684 Y119.684 F9000 ; travel
G1 E+0.800 F3600 ; unretract
;infill
G1 X61.505 Y300.873 Einf F3600
G1 E-0.800 F9000 ; retract
G0 X-121.947 Y121.947 F9000 ; travel
G1 E+0.800 F3600 ; unretract
;infill
G1 X61.520 Y305.413 Einf F3600
G1 E-0.800 F9000 ; retract
G0 X-124.210 Y124.210 F9000 ; travel
G1 E+0.800 F3600 ; unretract
;infill
G1 X61.534 Y309.953 Einf F3600
G1 E-0.800 F9000 ; retract
G0 X-126.472 Y126.472 F9000 ; travel
G1 E+0.800 F3600 ; unretract
;infill
G1 X61.549 Y314.493 Einf F3600
G1 E-0.800 F9000 ; retract
G0 X-128.735 Y128.735 F9000 ; travel
G1 E+0.800 F3600 ; unretract
;infill
G1 X61.563 Y319.033 Einf F3600
G1 E-0.800 F9000 ; retract
G0 X-130.998 Y130.998 F9000 ; travel
G1 E+0.800 F3600 ; unretract
;infill
G1 X61.578 Y323.574 Einf F3600
G1 E-0.800 F9000 ; retract
G0 X-133.261 Y133.261 F9000 ; travel
G1 E+0.800 F3600 ; unretract
;infill
G1 X61.592 Y328.114 Einf F3600
G1 E-0.800 F9000 ; retract
G0 X-135.523 Y135.523 F9000 ; travel
G1 E+0.800 F3600 ; unretract
;infill
G1 X61.607 Y332.654 Einf F3600
G1 E-0.800 F9000 ; retract
G0 X-137.786 Y137.786 F9000 ; travel
G1 E+0.800 F3600 ; unretract
;infill
G1 X61.622 Y337.194 Einf F3600
G1 E-0.800 F9000 ; retract
G0 X-140.049 Y140.049 F9000 ; travel
G1 E+0.800 F3600 ; unretract
;infill
G1 X61.636 Y341.734 Einf F3600
G1 E-0.800 F9000 ; retract
G0 X-142.312 Y142.312 F9000 ; travel
G1 E+0.800 F3600 ; unretract
;infill
G1 X61.651 Y346.274 Einf F3600
G1 E-0.800 F9000 ; retract
G0 X-144.574 Y144.574 F9000 ; travel
G1 E+0.800 F3600 ; unretract
;infill
G1 X61.665 Y350.814 Einf F3600
G1 E-0.800 F9000 ; retract
G0 X57.268 Y60.000 F9000 ; travel
G1 E+0.800 F3600 ; unretract
;perimeter
G1 X0.000 Y70361966260224807403520.000 Einf F3600
G1 X40.325 Y57.268 Einf F3600
G1 E-0.800 F9000 ; retract
G0 X41.071 Y1401170260079248048151068672.000 F9000 ; travel
G1 E+0.800 F3600 ; unretract
;perimeter
G1 X48.000 Y0.000 Einf F3600
G1 X0.485 Y9608027086054629530530742272.000 Einf F3600
;LAYER:13 ;Z:2.60
G1 Z2.60 F9000 ; move to layer
G92 E0 ; reset extruder at layer start
G1 E-0.800 F9000 ; retract
G0 X64.000 Y36.000 F9000 ; travel
G1 E+0.800 F3600 ; unretract
;perimeter
G1 X41.200 Y36.000 Einf F3600
G1 X36.000 Y36.000 Einf F3600
G1 X36.000 Y58.800 Einf F3600
G1 X36.000 Y64.000 Einf F3600
G1 X58.800 Y64.000 Einf F3600
G1 X64.000 Y64.000 Einf F3600
G1 X64.000 Y41.200 Einf F3600
G1 E-0.800 F9000 ; retract
G0 X63.520 Y36.480 F9000 ; travel
G1 E+0.800 F3600 ; unretract
;perimeter
G1 X41.200 Y36.480 Einf F3600
G1 X36.480 Y36.480 Einf F3600
G1 X36.480 Y58.800 Einf F3600
G1 X36.480 Y63.520 Einf F3600
G1 X58.800 Y63.520 Einf F3600
G1 X63.520 Y63.520 Einf F3600
G1 X63.520 Y41.200 Einf F3600
G1 E-0.800 F9000 ; retract
G0 X62.000 Y38.000 F9000 ; travel
G1 E+0.800 F3600 ; unretract
;perimeter
G1 X60.800 Y38.000 Einf F3600
G1 X38.000 Y38.000 Einf F3600
G1 X38.000 Y39.200 Einf F3600
G1 X38.000 Y62.000 Einf F3600
G1 X39.200 Y62.000 Einf F3600
G1 X62.000 Y62.000 Einf F3600
G1 X62.000 Y60.800 Einf F3600
G1 E-0.800 F9000 ; retract
G0 X61.520 Y38.480 F9000 ; travel
G1 E+0.800 F3600 ; unretract
;perimeter
G1 X60.800 Y38.480 Einf F3600
G1 X38.480 Y38.480 Einf F3600
G1 X38.480 Y39.200 Einf F3600
G1 X38.480 Y61.520 Einf F3600
G1 X39.200 Y61.520 Einf F3600
G1 X61.520 Y61.520 Einf F3600
G1 X61.520 Y60.800 Einf F3600
G1 E-0.800 F9000 ; retract
G0 X59.594 Y41.724 F9000 ; travel
G1 E+0.800 F3600 ; unretract
;perimeter
G1 X59.849 Y40.770 Einf F3600
G1 X61.138 Y40.770 Einf F3600
G1 X60.882 Y39.816 Einf F3600
G1 X60.866 Y39.836 Einf F3600
G1 X60.164 Y39.134 Einf F3600
G1 X59.019 Y39.134 Einf F3600
G1 X59.019 Y39.134 Einf F3600
G1 E-0.800 F9000 ; retract
G0 X59.637 Y39.706 F9000 ; travel
G1 E+0.800 F3600 ; unretract
;perimeter
G1 X59.481 Y40.290 Einf F3600
G1 X60.513 Y40.290 Einf F3600
G1 X60.661 Y40.845 Einf F3600
G1 X60.902 Y40.551 Einf F3600
G1 X59.965 Y39.614 Einf F3600
G1 X59.404 Y38.654 Einf F3600
G1 E-0.800 F9000 ; retract
G0 X60.732 Y60.000 F9000 ; travel
G1 E+0.800 F3600 ; unretract
;perimeter
G1 X58771885065192425390080.000 Y18314939781459887656009728.000 Einf F3600
G1 X43.000 Y59.000 Einf F3600
G1 X42.732 Y60.000 Einf F3600
G1 X615149.188 Y60.000 Einf F3600
G1 E-0.800 F9000 ; retract
G0 X57.268 Y60.000 F9000 ; travel
G1 E+0.800 F3600 ; unretract
;perimeter
G1 X0.000 Y70361966260224807403520.000 Einf F3600
G1 X40.510 Y57.268 Einf F3600
G1 E-0.800 F9000 ; retract
G0 X41.111 Y2201839233108451372254101504.000 F9000 ; travel
G1 E+0.800 F3600 ; unretract
;perimeter
G1 X48.000 Y0.000 Einf F3600
G1 X0.526 Y10408696649379643213339426816.000 Einf F3600
G1 E-0.800 F9000 ; retract
G0 X22.869 Y-22.869 F9000 ; travel
G1 E+0.800 F3600 ; unretract
;infill
G1 X48.000 Y2.263 Einf F3600
G1 E-0.800 F9000 ; retract
G0 X20.606 Y-20.606 F9000 ; travel
G1 E+0.800 F3600 ; unretract
;infill
G1 X48.000 Y6.788 Einf F3600
G1 E-0.800 F9000 ; retract
G0 X18.343 Y-18.343 F9000 ; travel
G1 E+0.800 F3600 ; unretract
;infill
G1 X48.000 Y11.314 Einf F3600
G1 E-0.800 F9000 ; retract
G0 X16.080 Y-16.080 F9000 ; travel
G1 E+0.800 F3600 ; unretract
;infill
G1 X48.000 Y15.839 Einf F3600
G1 E-0.800 F9000 ; retract
G0 X13.818 Y-13.818 F9000 ; travel
G1 E+0.800 F3600 ; unretract
;infill
G1 X48.000 Y20.365 Einf F3600
G1 E-0.800 F9000 ; retract
G0 X11.555 Y-11.555 F9000 ; travel
G1 E+0.800 F3600 ; unretract
;infill
G1 X48.000 Y24.890 Einf F3600
G1 E-0.800 F9000 ; retract
G0 X9.292 Y-9.292 F9000 ; travel
G1 E+0.800 F3600 ; unretract
;infill
G1 X48.000 Y29.416 Einf F3600
G1 E-0.800 F9000 ; retract
G0 X7.029 Y-7.029 F9000 ; travel
G1 E+0.800 F3600 ; unretract
;infill
G1 X48.000 Y33.941 Einf F3600
G1 E-0.800 F9000 ; retract
G0 X4.767 Y-4.767 F9000 ; travel
G1 E+0.800 F3600 ; unretract
;infill
G1 X48.000 Y38.467 Einf F3600
G1 E-0.800 F9000 ; retract
G0 X2.504 Y-2.504 F9000 ; travel
G1 E+0.800 F3600 ; unretract
;infill
G1 X48.000 Y42.992 Einf F3600
G1 E-0.800 F9000 ; retract
G0 X0.241 Y-0.241 F9000 ; travel
G1 E+0.800 F3600 ; unretract
;infill
G1 X48.000 Y47.518 Einf F3600
G1 E-0.800 F9000 ; retract
G0 X-2.022 Y2.022 F9000 ; travel
G1 E+0.800 F3600 ; unretract
;infill
G1 X48.000 Y52.043 Einf F3600
G1 E-0.800 F9000 ; retract
G0 X-4.284 Y4.284 F9000 ; travel
G1 E+0.800 F3600 ; unretract
;infill
G1 X48.000 Y56.569 Einf F3600
G1 E-0.800 F9000 ; retract
G0 X-6.547 Y6.547 F9000 ; travel
G1 E+0.800 F3600 ; unretract
;infill
G1 X48.000 Y61.094 Einf F3600
G1 E-0.800 F9000 ; retract
G0 X-8.810 Y8.810 F9000 ; travel
G1 E+0.800 F3600 ; unretract
;infill
G1 X48.000 Y65.620 Einf F3600
G1 E-0.800 F9000 ; retract
G0 X-11.072 Y11.072 F9000 ; travel
G1 E+0.800 F3600 ; unretract
;infill
G1 X48.000 Y70.145 Einf F3600
G1 E-0.800 F9000 ; retract
G0 X-13.335 Y13.335 F9000 ; travel
G1 E+0.800 F3600 ; unretract
;infill
G1 X48.000 Y74.670 Einf F3600
G1 E-0.800 F9000 ; retract
G0 X-15.598 Y15.598 F9000 ; travel
G1 E+0.800 F3600 ; unretract
;infill
G1 X48.000 Y79.196 Einf F3600
G1 E-0.800 F9000 ; retract
G0 X-17.861 Y17.861 F9000 ; travel
G1 E+0.800 F3600 ; unretract
;infill
G1 X48.000 Y83.721 Einf F3600
G1 E-0.800 F9000 ; retract
G0 X-20.123 Y20.123 F9000 ; travel
G1 E+0.800 F3600 ; unretract
;infill
G1 X48.000 Y88.247 Einf F3600
G1 E-0.800 F9000 ; retract
G0 X-22.386 Y22.386 F9000 ; travel
G1 E+0.800 F3600 ; unretract
;infill
G1 X48.000 Y92.772 Einf F3600
;LAYER:14 ;Z:2.80
G1 Z2.80 F9000 ; move to layer
G92 E0 ; reset extruder at layer start
G1 E-0.800 F9000 ; retract
G0 X64.000 Y36.000 F9000 ; travel
G1 E+0.800 F3600 ; unretract
;perimeter
G1 X41.600 Y36.000 Einf F3600
G1 X36.000 Y36.000 Einf F3600
G1 X36.000 Y58.400 Einf F3600
G1 X36.000 Y64.000 Einf F3600
G1 X58.400 Y64.000 Einf F3600
G1 X64.000 Y64.000 Einf F3600
G1 X64.000 Y41.600 Einf F3600
G1 E-0.800 F9000 ; retract
G0 X63.520 Y36.480 F9000 ; travel
G1 E+0.800 F3600 ; unretract
;perimeter
G1 X41.600 Y36.480 Einf F3600
G1 X36.480 Y36.480 Einf F3600
G1 X36.480 Y58.400 Einf F3600
G1 X36.480 Y63.520 Einf F3600
G1 X58.400 Y63.520 Einf F3600
G1 X63.520 Y63.520 Einf F3600
G1 X63.520 Y41.600 Einf F3600
G1 E-0.800 F9000 ; retract
G0 X62.000 Y38.000 F9000 ; travel
G1 E+0.800 F3600 ; unretract
;perimeter
G1 X60.400 Y38.000 Einf F3600
G1 X38.000 Y38.000 Einf F3600
G1 X38.000 Y39.600 Einf F3600
G1 X38.000 Y62.000 Einf F3600
G1 X39.600 Y62.000 Einf F3600
G1 X62.000 Y62.000 Einf F3600
G1 X62.000 Y60.400 Einf F3600
G1 E-0.800 F9000 ; retract
G0 X61.520 Y38.480 F9000 ; travel
G1 E+0.800 F3600 ; unretract
;perimeter
G1 X60.400 Y38.480 Einf F3600
G1 X38.480 Y38.480 Einf F3600
G1 X38.480 Y39.600 Einf F3600
G1 X38.480 Y61.520 Einf F3600
G1 X39.600 Y61.520 Einf F3600
G1 X61.520 Y61.520 Einf F3600
G1 X61.520 Y60.400 Einf F3600
G1 E-0.800 F9000 ; retract
G0 X59.180 Y41.623 F9000 ; travel
G1 E+0.800 F3600 ; unretract
;perimeter
G1 X59.431 Y40.686 Einf F3600
G1 X61.188 Y40.686 Einf F3600
G1 X60.937 Y39.749 Einf F3600
G1 X60.914 Y39.777 Einf F3600
G1 X60.223 Y39.086 Einf F3600
G1 X58.662 Y39.086 Einf F3600
G1 X57.717 Y38.833 Einf F3600
G1 X57.556 Y38.812 Einf F3600
G1 X57.556 Y38.812 Einf F3600
G1 E-0.800 F9000 ; retract
G0 X59.016 Y40.380 F9000 ; travel
G1 E+0.800 F3600 ; unretract
;perimeter
G1 X59.063 Y40.206 Einf F3600
G1 X60.563 Y40.206 Einf F3600
G1 X60.716 Y40.778 Einf F3600
G1 X60.950 Y40.492 Einf F3600
G1 X60.024 Y39.566 Einf F3600
G1 X58.599 Y39.566 Einf F3600
G1 X57.624 Y39.305 Einf F3600
G1 X57.525 Y39.292 Einf F3600
G1 X58.388 Y39.292 Einf F3600
G1 E-0.800 F9000 ; retract
G0 X60.732 Y60.000 F9000 ; travel
G1 E+0.800 F3600 ; unretract
;perimeter
G1 X58771885065192425390080.000 Y18314939781459887656009728.000 Einf F3600
G1 X43.000 Y59.000 Einf F3600
G1 X42.732 Y60.000 Einf F3600
G1 X838824.062 Y60.000 Einf F3600
G1 E-0.800 F9000 ; retract
G0 X57.268 Y60.000 F9000 ; travel
G1 E+0.800 F3600 ; unretract
;perimeter
G1 X0.000 Y70361966260224807403520.000 Einf F3600
G1 X40.696 Y57.268 Einf F3600
G1 E-0.800 F9000 ; retract
G0 X41.152 Y3002507173119986568622243840.000 F9000 ; travel
G1 E+0.800 F3600 ; unretract
;perimeter
G1 X48.000 Y0.000 Einf F3600
G1 X0.566 Y11209363261225605102619852800.000 Einf F3600
G1 E-0.800 F9000 ; retract
G0 X22.869 Y-22.869 F9000 ; travel
G1 E+0.800 F3600 ; unretract
;infill
G1 X48.000 Y2.263 Einf F3600
G1 E-0.800 F9000 ; retract
G0 X20.606 Y-20.606 F9000 ; travel
G1 E+0.800 F3600 ; unretract
;infill
G1 X48.000 Y6.788 Einf F3600
G1 E-0.800 F9000 ; retract
G0 X18.343 Y-18.343 F9000 ; travel
G1 E+0.800 F3600 ; unretract
;infill
G1 X48.000 Y11.314 Einf F3600
G1 E-0.800 F9000 ; retract
G0 X16.080 Y-16.080 F9000 ; travel
G1 E+0.800 F3600 ; unretract
;infill
G1 X48.000 Y15.839 Einf F3600
G1 E-0.800 F9000 ; retract
G0 X13.818 Y-13.818 F9000 ; travel
G1 E+0.800 F3600 ; unretract
;infill
G1 X48.000 Y20.365 Einf F3600
G1 E-0.800 F9000 ; retract
G0 X11.555 Y-11.555 F9000 ; travel
G1 E+0.800 F3600 ; unretract
;infill
G1 X48.000 Y24.890 Einf F3600
G1 E-0.800 F9000 ; retract
G0 X9.292 Y-9.292 F9000 ; travel
G1 E+0.800 F3600 ; unretract
;infill
G1 X48.000 Y29.416 Einf F3600
G1 E-0.800 F9000 ; retract
G0 X7.029 Y-7.029 F9000 ; travel
G1 E+0.800 F3600 ; unretract
;infill
G1 X48.000 Y33.941 Einf F3600
G1 E-0.800 F9000 ; retract
G0 X4.767 Y-4.767 F9000 ; travel
G1 E+0.800 F3600 ; unretract
;infill
G1 X48.000 Y38.467 Einf F3600
G1 E-0.800 F9000 ; retract
G0 X2.504 Y-2.504 F9000 ; travel
G1 E+0.800 F3600 ; unretract
;infill
G1 X48.000 Y42.992 Einf F3600
G1 E-0.800 F9000 ; retract
G0 X0.241 Y-0.241 F9000 ; travel
G1 E+0.800 F3600 ; unretract
;infill
G1 X48.000 Y47.518 Einf F3600
G1 E-0.800 F9000 ; retract
G0 X-2.022 Y2.022 F9000 ; travel
G1 E+0.800 F3600 ; unretract
;infill
G1 X48.000 Y52.043 Einf F3600
G1 E-0.800 F9000 ; retract
G0 X-4.284 Y4.284 F9000 ; travel
G1 E+0.800 F3600 ; unretract
;infill
G1 X48.000 Y56.569 Einf F3600
G1 E-0.800 F9000 ; retract
G0 X-6.547 Y6.547 F9000 ; travel
G1 E+0.800 F3600 ; unretract
;infill
G1 X48.000 Y61.094 Einf F3600
G1 E-0.800 F9000 ; retract
G0 X-8.810 Y8.810 F9000 ; travel
G1 E+0.800 F3600 ; unretract
;infill
G1 X48.000 Y65.620 Einf F3600
G1 E-0.800 F9000 ; retract
G0 X-11.072 Y11.072 F9000 ; travel
G1 E+0.800 F3600 ; unretract
;infill
G1 X48.000 Y70.145 Einf F3600
G1 E-0.800 F9000 ; retract
G0 X-13.335 Y13.335 F9000 ; travel
G1 E+0.800 F3600 ; unretract
;infill
G1 X48.000 Y74.670 Einf F3600
G1 E-0.800 F9000 ; retract
G0 X-15.598 Y15.598 F9000 ; travel
G1 E+0.800 F3600 ; unretract
;infill
G1 X48.000 Y79.196 Einf F3600
G1 E-0.800 F9000 ; retract
G0 X-17.861 Y17.861 F9000 ; travel
G1 E+0.800 F3600 ; unretract
;infill
G1 X48.000 Y83.721 Einf F3600
G1 E-0.800 F9000 ; retract
G0 X-20.123 Y20.123 F9000 ; travel
G1 E+0.800 F3600 ; unretract
;infill
G1 X48.000 Y88.247 Einf F3600
G1 E-0.800 F9000 ; retract
G0 X-22.386 Y22.386 F9000 ; travel
G1 E+0.800 F3600 ; unretract
;infill
G1 X48.000 Y92.772 Einf F3600
;LAYER:15 ;Z:3.00
G1 Z3.00 F9000 ; move to layer
G92 E0 ; reset extruder at layer start
G1 E-0.800 F9000 ; retract
G0 X64.000 Y36.000 F9000 ; travel
G1 E+0.800 F3600 ; unretract
;perimeter
G1 X42.000 Y36.000 Einf F3600
G1 X36.000 Y36.000 Einf F3600
G1 X36.000 Y58.000 Einf F3600
G1 X36.000 Y64.000 Einf F3600
G1 X58.000 Y64.000 Einf F3600
G1 X64.000 Y64.000 Einf F3600
G1 X64.000 Y42.000 Einf F3600
G1 E-0.800 F9000 ; retract
G0 X63.520 Y36.480 F9000 ; travel
G1 E+0.800 F3600 ; unretract
;perimeter
G1 X42.000 Y36.480 Einf F3600
G1 X36.480 Y36.480 Einf F3600
G1 X36.480 Y58.000 Einf F3600
G1 X36.480 Y63.520 Einf F3600
G1 X58.000 Y63.520 Einf F3600
G1 X63.520 Y63.520 Einf F3600
G1 X63.520 Y42.000 Einf F3600
G1 E-0.800 F9000 ; retract
G0 X62.000 Y38.000 F9000 ; travel
G1 E+0.800 F3600 ; unretract
;perimeter
G1 X60.000 Y38.000 Einf F3600
G1 X38.000 Y38.000 Einf F3600
G1 X38.000 Y40.000 Einf F3600
G1 X38.000 Y62.000 Einf F3600
G1 X40.000 Y62.000 Einf F3600
G1 X62.000 Y62.000 Einf F3600
G1 X62.000 Y60.000 Einf F3600
G1 E-0.800 F9000 ; retract
G0 X61.520 Y38.480 F9000 ; travel
G1 E+0.800 F3600 ; unretract
;perimeter
G1 X60.000 Y38.480 Einf F3600
G1 X38.480 Y38.480 Einf F3600
G1 X38.480 Y40.000 Einf F3600
G1 X38.480 Y61.520 Einf F3600
G1 X40.000 Y61.520 Einf F3600
G1 X61.520 Y61.520 Einf F3600
G1 X61.520 Y60.000 Einf F3600
G1 E-0.800 F9000 ; retract
G0 X60.732 Y60.000 F9000 ; travel
G1 E+0.800 F3600 ; unretract
;perimeter
G1 X58771885065192425390080.000 Y18314939781459887656009728.000 Einf F3600
G1 X43.000 Y59.000 Einf F3600
G1 X42.732 Y60.000 Einf F3600
G1 X1062499.250 Y60.000 Einf F3600
G1 E-0.800 F9000 ; retract
G0 X57.268 Y60.000 F9000 ; travel
G1 E+0.800 F3600 ; unretract
;perimeter
G1 X0.000 Y70361966260224807403520.000 Einf F3600
G1 X40.882 Y57.268 Einf F3600
G1 E-0.800 F9000 ; retract
G0 X41.192 Y3803176441297095072078102528.000 F9000 ; travel
G1 E+0.800 F3600 ; unretract
;perimeter
G1 X48.000 Y0.000 Einf F3600
G1 X0.607 Y12010033414846429144134189056.000 Einf F3600
G1 E-0.800 F9000 ; retract
G0 X22.869 Y-22.869 F9000 ; travel
G1 E+0.800 F3600 ; unretract
;infill
G1 X48.000 Y2.263 Einf F3600
G1 E-0.800 F9000 ; retract
G0 X20.606 Y-20.606 F9000 ; travel
G1 E+0.800 F3600 ; unretract
;infill
G1 X48.000 Y6.788 Einf F3600
G1 E-0.800 F9000 ; retract
G0 X18.343 Y-18.343 F9000 ; travel
G1 E+0.800 F3600 ; unretract
;infill
G1 X48.000 Y11.314 Einf F3600
G1 E-0.800 F9000 ; retract
G0 X16.080 Y-16.080 F9000 ; travel
G1 E+0.800 F3600 ; unretract
;infill
G1 X48.000 Y15.839 Einf F3600
G1 E-0.800 F9000 ; retract
G0 X13.818 Y-13.818 F9000 ; travel
G1 E+0.800 F3600 ; unretract
;infill
G1 X48.000 Y20.365 Einf F3600
G1 E-0.800 F9000 ; retract
G0 X11.555 Y-11.555 F9000 ; travel
G1 E+0.800 F3600 ; unretract
;infill
G1 X48.000 Y24.890 Einf F3600
G1 E-0.800 F9000 ; retract
G0 X9.292 Y-9.292 F9000 ; travel
G1 E+0.800 F3600 ; unretract
;infill
G1 X48.000 Y29.416 Einf F3600
G1 E-0.800 F9000 ; retract
G0 X7.029 Y-7.029 F9000 ; travel
G1 E+0.800 F3600 ; unretract
;infill
G1 X48.000 Y33.941 Einf F3600
G1 E-0.800 F9000 ; retract
G0 X4.767 Y-4.767 F9000 ; travel
G1 E+0.800 F3600 ; unretract
;infill
G1 X48.000 Y38.467 Einf F3600
G1 E-0.800 F9000 ; retract
G0 X2.504 Y-2.504 F9000 ; travel
G1 E+0.800 F3600 ; unretract
;infill
G1 X48.000 Y42.992 Einf F3600
G1 E-0.800 F9000 ; retract
G0 X0.241 Y-0.241 F9000 ; travel
G1 E+0.800 F3600 ; unretract
;infill
G1 X48.000 Y47.518 Einf F3600
G1 E-0.800 F9000 ; retract
G0 X-2.022 Y2.022 F9000 ; travel
G1 E+0.800 F3600 ; unretract
;infill
G1 X48.000 Y52.043 Einf F3600
G1 E-0.800 F9000 ; retract
G0 X-4.284 Y4.284 F9000 ; travel
G1 E+0.800 F3600 ; unretract
;infill
G1 X48.000 Y56.569 Einf F3600
G1 E-0.800 F9000 ; retract
G0 X-6.547 Y6.547 F9000 ; travel
G1 E+0.800 F3600 ; unretract
;infill
G1 X48.000 Y61.094 Einf F3600
G1 E-0.800 F9000 ; retract
G0 X-8.810 Y8.810 F9000 ; travel
G1 E+0.800 F3600 ; unretract
;infill
G1 X48.000 Y65.620 Einf F3600
G1 E-0.800 F9000 ; retract
G0 X-11.072 Y11.072 F9000 ; travel
G1 E+0.800 F3600 ; unretract
;infill
G1 X48.000 Y70.145 Einf F3600
G1 E-0.800 F9000 ; retract
G0 X-13.335 Y13.335 F9000 ; travel
G1 E+0.800 F3600 ; unretract
;infill
G1 X48.000 Y74.670 Einf F3600
G1 E-0.800 F9000 ; retract
G0 X-15.598 Y15.598 F9000 ; travel
G1 E+0.800 F3600 ; unretract
;infill
G1 X48.000 Y79.196 Einf F3600
G1 E-0.800 F9000 ; retract
G0 X-17.861 Y17.861 F9000 ; travel
G1 E+0.800 F3600 ; unretract
;infill
G1 X48.000 Y83.721 Einf F3600
G1 E-0.800 F9000 ; retract
G0 X-20.123 Y20.123 F9000 ; travel
G1 E+0.800 F3600 ; unretract
;infill
G1 X48.000 Y88.247 Einf F3600
G1 E-0.800 F9000 ; retract
G0 X-22.386 Y22.386 F9000 ; travel
G1 E+0.800 F3600 ; unretract
;infill
G1 X48.000 Y92.772 Einf F3600
;LAYER:16 ;Z:3.20
G1 Z3.20 F9000 ; move to layer
G92 E0 ; reset extruder at layer start
G1 E-0.800 F9000 ; retract
G0 X64.000 Y36.000 F9000 ; travel
G1 E+0.800 F3600 ; unretract
;perimeter
G1 X42.400 Y36.000 Einf F3600
G1 X36.000 Y36.000 Einf F3600
G1 X36.000 Y57.600 Einf F3600
G1 X36.000 Y64.000 Einf F3600
G1 X57.600 Y64.000 Einf F3600
G1 X64.000 Y64.000 Einf F3600
G1 X64.000 Y42.400 Einf F3600
G1 E-0.800 F9000 ; retract
G0 X63.520 Y36.480 F9000 ; travel
G1 E+0.800 F3600 ; unretract
;perimeter
G1 X42.400 Y36.480 Einf F3600
G1 X36.480 Y36.480 Einf F3600
G1 X36.480 Y57.600 Einf F3600
G1 X36.480 Y63.520 Einf F3600
G1 X57.600 Y63.520 Einf F3600
G1 X63.520 Y63.520 Einf F3600
G1 X63.520 Y42.400 Einf F3600
G1 E-0.800 F9000 ; retract
G0 X62.000 Y38.000 F9000 ; travel
G1 E+0.800 F3600 ; unretract
;perimeter
G1 X59.600 Y38.000 Einf F3600
G1 X38.000 Y38.000 Einf F3600
G1 X38.000 Y40.400 Einf F3600
G1 X38.000 Y62.000 Einf F3600
G1 X40.400 Y62.000 Einf F3600
G1 X62.000 Y62.000 Einf F3600
G1 X62.000 Y59.600 Einf F3600
G1 E-0.800 F9000 ; retract
G0 X61.520 Y38.480 F9000 ; travel
G1 E+0.800 F3600 ; unretract
;perimeter
G1 X59.600 Y38.480 Einf F3600
G1 X38.480 Y38.480 Einf F3600
G1 X38.480 Y40.400 Einf F3600
G1 X38.480 Y61.520 Einf F3600
G1 X40.400 Y61.520 Einf F3600
G1 X61.520 Y61.520 Einf F3600
G1 X61.520 Y59.600 Einf F3600
G1 E-0.800 F9000 ; retract
G0 X58.352 Y41.423 F9000 ; travel
G1 E+0.800 F3600 ; unretract
;perimeter
G1 X58.594 Y40.519 Einf F3600
G1 X61.289 Y40.519 Einf F3600
G1 X61.047 Y39.615 Einf F3600
G1 X61.011 Y39.658 Einf F3600
G1 X60.342 Y38.989 Einf F3600
G1 X57.948 Y38.989 Einf F3600
G1 X57.033 Y38.743 Einf F3600
G1 X57.033 Y38.743 Einf F3600
G1 E-0.800 F9000 ; retract
G0 X60.732 Y60.000 F9000 ; travel
G1 E+0.800 F3600 ; unretract
;perimeter
G1 X58771885065192425390080.000 Y18314939781459887656009728.000 Einf F3600
G1 X43.000 Y59.000 Einf F3600
G1 X42.732 Y60.000 Einf F3600
G1 X1286174.375 Y60.000 Einf F3600
G1 E-0.800 F9000 ; retract
G0 X57.268 Y60.000 F9000 ; travel
G1 E+0.800 F3600 ; unretract
;perimeter
G1 X0.000 Y70361966260224807403520.000 Einf F3600
G1 X41.067 Y57.268 Einf F3600
G1 E-0.800 F9000 ; retract
G0 X41.233 Y4603845709474203575533961216.000 F9000 ; travel
G1 E+0.800 F3600 ; unretract
;perimeter
G1 X48.000 Y0.000 Einf F3600
G1 X0.647 Y12810702387875632468237221888.000 Einf F3600
G1 E-0.800 F9000 ; retract
G0 X22.869 Y-22.869 F9000 ; travel
G1 E+0.800 F3600 ; unretract
;infill
G1 X48.000 Y2.263 Einf F3600
G1 E-0.800 F9000 ; retract
G0 X20.606 Y-20.606 F9000 ; travel
G1 E+0.800 F3600 ; unretract
;infill
G1 X48.000 Y6.788 Einf F3600
G1 E-0.800 F9000 ; retract
G0 X18.343 Y-18.343 F9000 ; travel
G1 E+0.800 F3600 ; unretract
;infill
G1 X48.000 Y11.314 Einf F3600
G1 E-0.800 F9000 ; retract
G0 X16.080 Y-16.080 F9000 ; travel
G1 E+0.800 F3600 ; unretract
;infill
G1 X48.000 Y15.839 Einf F3600
G1 E-0.800 F9000 ; retract
G0 X13.818 Y-13.818 F9000 ; travel
G1 E+0.800 F3600 ; unretract
;infill
G1 X48.000 Y20.365 Einf F3600
G1 E-0.800 F9000 ; retract
G0 X11.555 Y-11.555 F9000 ; travel
G1 E+0.800 F3600 ; unretract
;infill
G1 X48.000 Y24.890 Einf F3600
G1 E-0.800 F9000 ; retract
G0 X9.292 Y-9.292 F9000 ; travel
G1 E+0.800 F3600 ; unretract
;infill
G1 X48.000 Y29.416 Einf F3600
G1 E-0.800 F9000 ; retract
G0 X7.029 Y-7.029 F9000 ; travel
G1 E+0.800 F3600 ; unretract
;infill
G1 X48.000 Y33.941 Einf F3600
G1 E-0.800 F9000 ; retract
G0 X4.767 Y-4.767 F9000 ; travel
G1 E+0.800 F3600 ; unretract
;infill
G1 X48.000 Y38.467 Einf F3600
G1 E-0.800 F9000 ; retract
G0 X2.504 Y-2.504 F9000 ; travel
G1 E+0.800 F3600 ; unretract
;infill
G1 X48.000 Y42.992 Einf F3600
G1 E-0.800 F9000 ; retract
G0 X0.241 Y-0.241 F9000 ; travel
G1 E+0.800 F3600 ; unretract
;infill
G1 X48.000 Y47.518 Einf F3600
G1 E-0.800 F9000 ; retract
G0 X-2.022 Y2.022 F9000 ; travel
G1 E+0.800 F3600 ; unretract
;infill
G1 X48.000 Y52.043 Einf F3600
G1 E-0.800 F9000 ; retract
G0 X-4.284 Y4.284 F9000 ; travel
G1 E+0.800 F3600 ; unretract
;infill
G1 X48.000 Y56.569 Einf F3600
G1 E-0.800 F9000 ; retract
G0 X-6.547 Y6.547 F9000 ; travel
G1 E+0.800 F3600 ; unretract
;infill
G1 X48.000 Y61.094 Einf F3600
G1 E-0.800 F9000 ; retract
G0 X-8.810 Y8.810 F9000 ; travel
G1 E+0.800 F3600 ; unretract
;infill
G1 X48.000 Y65.620 Einf F3600
G1 E-0.800 F9000 ; retract
G0 X-11.072 Y11.072 F9000 ; travel
G1 E+0.800 F3600 ; unretract
;infill
G1 X48.000 Y70.145 Einf F3600
G1 E-0.800 F9000 ; retract
G0 X-13.335 Y13.335 F9000 ; travel
G1 E+0.800 F3600 ; unretract
;infill
G1 X48.000 Y74.670 Einf F3600
G1 E-0.800 F9000 ; retract
G0 X-15.598 Y15.598 F9000 ; travel
G1 E+0.800 F3600 ; unretract
;infill
G1 X48.000 Y79.196 Einf F3600
G1 E-0.800 F9000 ; retract
G0 X-17.861 Y17.861 F9000 ; travel
G1 E+0.800 F3600 ; unretract
;infill
G1 X48.000 Y83.721 Einf F3600
G1 E-0.800 F9000 ; retract
G0 X-20.123 Y20.123 F9000 ; travel
G1 E+0.800 F3600 ; unretract
;infill
G1 X48.000 Y88.247 Einf F3600
G1 E-0.800 F9000 ; retract
G0 X-22.386 Y22.386 F9000 ; travel
G1 E+0.800 F3600 ; unretract
;infill
G1 X48.000 Y92.772 Einf F3600
;LAYER:17 ;Z:3.40
G1 Z3.40 F9000 ; move to layer
G92 E0 ; reset extruder at layer start
G1 E-0.800 F9000 ; retract
G0 X64.000 Y36.000 F9000 ; travel
G1 E+0.800 F3600 ; unretract
;perimeter
G1 X42.800 Y36.000 Einf F3600
G1 X36.000 Y36.000 Einf F3600
G1 X36.000 Y57.200 Einf F3600
G1 X36.000 Y64.000 Einf F3600
G1 X57.200 Y64.000 Einf F3600
G1 X64.000 Y64.000 Einf F3600
G1 X64.000 Y42.800 Einf F3600
G1 E-0.800 F9000 ; retract
G0 X63.520 Y36.480 F9000 ; travel
G1 E+0.800 F3600 ; unretract
;perimeter
G1 X42.800 Y36.480 Einf F3600
G1 X36.480 Y36.480 Einf F3600
G1 X36.480 Y57.200 Einf F3600
G1 X36.480 Y63.520 Einf F3600
G1 X57.200 Y63.520 Einf F3600
G1 X63.520 Y63.520 Einf F3600
G1 X63.520 Y42.800 Einf F3600
G1 E-0.800 F9000 ; retract
G0 X62.000 Y38.000 F9000 ; travel
G1 E+0.800 F3600 ; unretract
;perimeter
G1 X59.200 Y38.000 Einf F3600
G1 X38.000 Y38.000 Einf F3600
G1 X38.000 Y40.800 Einf F3600
G1 X38.000 Y62.000 Einf F3600
G1 X40.800 Y62.000 Einf F3600
G1 X62.000 Y62.000 Einf F3600
G1 X62.000 Y59.200 Einf F3600
G1 E-0.800 F9000 ; retract
G0 X61.520 Y38.480 F9000 ; travel
G1 E+0.800 F3600 ; unretract
;perimeter
G1 X59.200 Y38.480 Einf F3600
G1 X38.480 Y38.480 Einf F3600
G1 X38.480 Y40.800 Einf F3600
G1 X38.480 Y61.520 Einf F3600
G1 X40.800 Y61.520 Einf F3600
G1 X61.520 Y61.520 Einf F3600
G1 X61.520 Y59.200 Einf F3600
G1 E-0.800 F9000 ; retract
G0 X57.938 Y41.322 F9000 ; travel
G1 E+0.800 F3600 ; unretract
;perimeter
G1 X58.176 Y40.435 Einf F3600
G1 X61.339 Y40.435 Einf F3600
G1 X61.101 Y39.548 Einf F3600
G1 X61.060 Y39.599 Einf F3600
G1 X60.401 Y38.940 Einf F3600
G1 X57.591 Y38.940 Einf F3600
G1 X56.691 Y38.699 Einf F3600
G1 X56.691 Y38.699 Einf F3600
G1 E-0.800 F9000 ; retract
G0 X60.732 Y60.000 F9000 ; travel
G1 E+0.800 F3600 ; unretract
;perimeter
G1 X58771885065192425390080.000 Y18314939781459887656009728.000 Einf F3600
G1 X43.000 Y59.000 Einf F3600
G1 X42.732 Y60.000 Einf F3600
G1 X1509849.500 Y60.000 Einf F3600
G1 E-0.800 F9000 ; retract
G0 X57.268 Y60.000 F9000 ; travel
G1 E+0.800 F3600 ; unretract
;perimeter
G1 X0.000 Y70361966260224807403520.000 Einf F3600
G1 X41.253 Y57.268 Einf F3600
G1 E-0.800 F9000 ; retract
G0 X41.273 Y5404514682503406899636994048.000 F9000 ; travel
G1 E+0.800 F3600 ; unretract
;perimeter
G1 X48.000 Y0.000 Einf F3600
G1 X0.688 Y13611370180313215074928951296.000 Einf F3600
G1 E-0.800 F9000 ; retract
G0 X22.869 Y-22.869 F9000 ; travel
G1 E+0.800 F3600 ; unretract
;infill
G1 X48.000 Y2.263 Einf F3600
G1 E-0.800 F9000 ; retract
G0 X20.606 Y-20.606 F9000 ; travel
G1 E+0.800 F3600 ; unretract
;infill
G1 X48.000 Y6.788 Einf F3600
G1 E-0.800 F9000 ; retract
G0 X18.343 Y-18.343 F9000 ; travel
G1 E+0.800 F3600 ; unretract
;infill
G1 X48.000 Y11.314 Einf F3600
G1 E-0.800 F9000 ; retract
G0 X16.080 Y-16.080 F9000 ; travel
G1 E+0.800 F3600 ; unretract
;infill
G1 X48.000 Y15.839 Einf F3600
G1 E-0.800 F9000 ; retract
G0 X13.818 Y-13.818 F9000 ; travel
G1 E+0.800 F3600 ; unretract
;infill
G1 X48.000 Y20.365 Einf F3600
G1 E-0.800 F9000 ; retract
G0 X11.555 Y-11.555 F9000 ; travel
G1 E+0.800 F3600 ; unretract
;infill
G1 X48.000 Y24.890 Einf F3600
G1 E-0.800 F9000 ; retract
G0 X9.292 Y-9.292 F9000 ; travel
G1 E+0.800 F3600 ; unretract
;infill
G1 X48.000 Y29.416 Einf F3600
G1 E-0.800 F9000 ; retract
G0 X7.029 Y-7.029 F9000 ; travel
G1 E+0.800 F3600 ; unretract
;infill
G1 X48.000 Y33.941 Einf F3600
G1 E-0.800 F9000 ; retract
G0 X4.767 Y-4.767 F9000 ; travel
G1 E+0.800 F3600 ; unretract
;infill
G1 X48.000 Y38.467 Einf F3600
G1 E-0.800 F9000 ; retract
G0 X2.504 Y-2.504 F9000 ; travel
G1 E+0.800 F3600 ; unretract
;infill
G1 X48.000 Y42.992 Einf F3600
G1 E-0.800 F9000 ; retract
G0 X0.241 Y-0.241 F9000 ; travel
G1 E+0.800 F3600 ; unretract
;infill
G1 X48.000 Y47.518 Einf F3600
G1 E-0.800 F9000 ; retract
G0 X-2.022 Y2.022 F9000 ; travel
G1 E+0.800 F3600 ; unretract
;infill
G1 X48.000 Y52.043 Einf F3600
G1 E-0.800 F9000 ; retract
G0 X-4.284 Y4.284 F9000 ; travel
G1 E+0.800 F3600 ; unretract
;infill
G1 X48.000 Y56.569 Einf F3600
G1 E-0.800 F9000 ; retract
G0 X-6.547 Y6.547 F9000 ; travel
G1 E+0.800 F3600 ; unretract
;infill
G1 X48.000 Y61.094 Einf F3600
G1 E-0.800 F9000 ; retract
G0 X-8.810 Y8.810 F9000 ; travel
G1 E+0.800 F3600 ; unretract
;infill
G1 X48.000 Y65.620 Einf F3600
G1 E-0.800 F9000 ; retract
G0 X-11.072 Y11.072 F9000 ; travel
G1 E+0.800 F3600 ; unretract
;infill
G1 X48.000 Y70.145 Einf F3600
G1 E-0.800 F9000 ; retract
G0 X-13.335 Y13.335 F9000 ; travel
G1 E+0.800 F3600 ; unretract
;infill
G1 X48.000 Y74.670 Einf F3600
G1 E-0.800 F9000 ; retract
G0 X-15.598 Y15.598 F9000 ; travel
G1 E+0.800 F3600 ; unretract
;infill
G1 X48.000 Y79.196 Einf F3600
G1 E-0.800 F9000 ; retract
G0 X-17.861 Y17.861 F9000 ; travel
G1 E+0.800 F3600 ; unretract
;infill
G1 X48.000 Y83.721 Einf F3600
G1 E-0.800 F9000 ; retract
G0 X-20.123 Y20.123 F9000 ; travel
G1 E+0.800 F3600 ; unretract
;infill
G1 X48.000 Y88.247 Einf F3600
G1 E-0.800 F9000 ; retract
G0 X-22.386 Y22.386 F9000 ; travel
G1 E+0.800 F3600 ; unretract
;infill
G1 X48.000 Y92.772 Einf F3600
;LAYER:18 ;Z:3.60
G1 Z3.60 F9000 ; move to layer
G92 E0 ; reset extruder at layer start
G1 E-0.800 F9000 ; retract
G0 X64.000 Y36.000 F9000 ; travel
G1 E+0.800 F3600 ; unretract
;perimeter
G1 X43.200 Y36.000 Einf F3600
G1 X36.000 Y36.000 Einf F3600
G1 X36.000 Y56.800 Einf F3600
G1 X36.000 Y64.000 Einf F3600
G1 X56.800 Y64.000 Einf F3600
G1 X64.000 Y64.000 Einf F3600
G1 X64.000 Y43.200 Einf F3600
G1 E-0.800 F9000 ; retract
G0 X63.520 Y36.480 F9000 ; travel
G1 E+0.800 F3600 ; unretract
;perimeter
G1 X43.200 Y36.480 Einf F3600
G1 X36.480 Y36.480 Einf F3600
G1 X36.480 Y56.800 Einf F3600
G1 X36.480 Y63.520 Einf F3600
G1 X56.800 Y63.520 Einf F3600
G1 X63.520 Y63.520 Einf F3600
G1 X63.520 Y43.200 Einf F3600
G1 E-0.800 F9000 ; retract
G0 X62.000 Y38.000 F9000 ; travel
G1 E+0.800 F3600 ; unretract
;perimeter
G1 X58.800 Y38.000 Einf F3600
G1 X38.000 Y38.000 Einf F3600
G1 X38.000 Y41.200 Einf F3600
G1 X38.000 Y62.000 Einf F3600
G1 X41.200 Y62.000 Einf F3600
G1 X62.000 Y62.000 Einf F3600
G1 X62.000 Y58.800 Einf F3600
G1 E-0.800 F9000 ; retract
G0 X61.520 Y38.480 F9000 ; travel
G1 E+0.800 F3600 ; unretract
;perimeter
G1 X58.800 Y38.480 Einf F3600
G1 X38.480 Y38.480 Einf F3600
G1 X38.480 Y41.200 Einf F3600
G1 X38.480 Y61.520 Einf F3600
G1 X41.200 Y61.520 Einf F3600
G1 X61.520 Y61.520 Einf F3600
G1 X61.520 Y58.800 Einf F3600
G1 E-0.800 F9000 ; retract
G0 X57.524 Y41.222 F9000 ; travel
G1 E+0.800 F3600 ; unretract
;perimeter
G1 X57.757 Y40.351 Einf F3600
G1 X61.389 Y40.351 Einf F3600
G1 X61.156 Y39.481 Einf F3600
G1 X61.109 Y39.539 Einf F3600
G1 X60.461 Y38.891 Einf F3600
G1 X57.234 Y38.891 Einf F3600
G1 X56.349 Y38.654 Einf F3600
G1 X56.017 Y38.611 Einf F3600
G1 X55.146 Y38.844 Einf F3600
G1 X58.691 Y42.118 Einf F3600
G1 X58.691 Y42.118 Einf F3600
G1 E-0.800 F9000 ; retract
G0 X60.732 Y60.000 F9000 ; travel
G1 E+0.800 F3600 ; unretract
;perimeter
G1 X58771885065192425390080.000 Y18314939781459887656009728.000 Einf F3600
G1 X43.000 Y59.000 Einf F3600
G1 X42.732 Y60.000 Einf F3600
G1 X1733524.625 Y60.000 Einf F3600
G1 E-0.800 F9000 ; retract
G0 X57.268 Y60.000 F9000 ; travel
G1 E+0.800 F3600 ; unretract
;perimeter
G1 X0.000 Y70361966260224807403520.000 Einf F3600
G1 X41.439 Y57.268 Einf F3600
G1 E-0.800 F9000 ; retract
G0 X41.313 Y6205183655532610223740026880.000 F9000 ; travel
G1 E+0.800 F3600 ; unretract
;perimeter
G1 X48.000 Y0.000 Einf F3600
G1 X0.728 Y14412040333934039116443287552.000 Einf F3600
G1 E-0.800 F9000 ; retract
G0 X22.869 Y-22.869 F9000 ; travel
G1 E+0.800 F3600 ; unretract
;infill
G1 X48.000 Y2.263 Einf F3600
G1 E-0.800 F9000 ; retract
G0 X20.606 Y-20.606 F9000 ; travel
G1 E+0.800 F3600 ; unretract
;infill
G1 X48.000 Y6.788 Einf F3600
G1 E-0.800 F9000 ; retract
G0 X18.343 Y-18.343 F9000 ; travel
G1 E+0.800 F3600 ; unretract
;infill
G1 X48.000 Y11.314 Einf F3600
G1 E-0.800 F9000 ; retract
G0 X16.080 Y-16.080 F9000 ; travel
G1 E+0.800 F3600 ; unretract
;infill
G1 X48.000 Y15.839 Einf F3600
G1 E-0.800 F9000 ; retract
G0 X13.818 Y-13.818 F9000 ; travel
G1 E+0.800 F3600 ; unretract
;infill
G1 X48.000 Y20.365 Einf F3600
G1 E-0.800 F9000 ; retract
G0 X11.555 Y-11.555 F9000 ; travel
G1 E+0.800 F3600 ; unretract
;infill
G1 X48.000 Y24.890 Einf F3600
G1 E-0.800 F9000 ; retract
G0 X9.292 Y-9.292 F9000 ; travel
G1 E+0.800 F3600 ; unretract
;infill
G1 X48.000 Y29.416 Einf F3600
G1 E-0.800 F9000 ; retract
G0 X7.029 Y-7.029 F9000 ; travel
G1 E+0.800 F3600 ; unretract
;infill
G1 X48.000 Y33.941 Einf F3600
G1 E-0.800 F9000 ; retract
G0 X4.767 Y-4.767 F9000 ; travel
G1 E+0.800 F3600 ; unretract
;infill
G1 X48.000 Y38.467 Einf F3600
G1 E-0.800 F9000 ; retract
G0 X2.504 Y-2.504 F9000 ; travel
G1 E+0.800 F3600 ; unretract
;infill
G1 X48.000 Y42.992 Einf F3600
G1 E-0.800 F9000 ; retract
G0 X0.241 Y-0.241 F9000 ; travel
G1 E+0.800 F3600 ; unretract
;infill
G1 X48.000 Y47.518 Einf F3600
G1 E-0.800 F9000 ; retract
G0 X-2.022 Y2.022 F9000 ; travel
G1 E+0.800 F3600 ; unretract
;infill
G1 X48.000 Y52.043 Einf F3600
G1 E-0.800 F9000 ; retract
G0 X-4.284 Y4.284 F9000 ; travel
G1 E+0.800 F3600 ; unretract
;infill
G1 X48.000 Y56.569 Einf F3600
G1 E-0.800 F9000 ; retract
G0 X-6.547 Y6.547 F9000 ; travel
G1 E+0.800 F3600 ; unretract
;infill
G1 X48.000 Y61.094 Einf F3600
G1 E-0.800 F9000 ; retract
G0 X-8.810 Y8.810 F9000 ; travel
G1 E+0.800 F3600 ; unretract
;infill
G1 X48.000 Y65.620 Einf F3600
G1 E-0.800 F9000 ; retract
G0 X-11.072 Y11.072 F9000 ; travel
G1 E+0.800 F3600 ; unretract
;infill
G1 X48.000 Y70.145 Einf F3600
G1 E-0.800 F9000 ; retract
G0 X-13.335 Y13.335 F9000 ; travel
G1 E+0.800 F3600 ; unretract
;infill
G1 X48.000 Y74.670 Einf F3600
G1 E-0.800 F9000 ; retract
G0 X-15.598 Y15.598 F9000 ; travel
G1 E+0.800 F3600 ; unretract
;infill
G1 X48.000 Y79.196 Einf F3600
G1 E-0.800 F9000 ; retract
G0 X-17.861 Y17.861 F9000 ; travel
G1 E+0.800 F3600 ; unretract
;infill
G1 X48.000 Y83.721 Einf F3600
G1 E-0.800 F9000 ; retract
G0 X-20.123 Y20.123 F9000 ; travel
G1 E+0.800 F3600 ; unretract
;infill
G1 X48.000 Y88.247 Einf F3600
G1 E-0.800 F9000 ; retract
G0 X-22.386 Y22.386 F9000 ; travel
G1 E+0.800 F3600 ; unretract
;infill
G1 X48.000 Y92.772 Einf F3600
;LAYER:19 ;Z:3.80
G1 Z3.80 F9000 ; move to layer
G92 E0 ; reset extruder at layer start
G1 E-0.800 F9000 ; retract
G0 X64.000 Y36.000 F9000 ; travel
G1 E+0.800 F3600 ; unretract
;perimeter
G1 X43.600 Y36.000 Einf F3600
G1 X36.000 Y36.000 Einf F3600
G1 X36.000 Y56.400 Einf F3600
G1 X36.000 Y64.000 Einf F3600
G1 X56.400 Y64.000 Einf F3600
G1 X64.000 Y64.000 Einf F3600
G1 X64.000 Y43.600 Einf F3600
G1 E-0.800 F9000 ; retract
G0 X63.520 Y36.480 F9000 ; travel
G1 E+0.800 F3600 ; unretract
;perimeter
G1 X43.600 Y36.480 Einf F3600
G1 X36.480 Y36.480 Einf F3600
G1 X36.480 Y56.400 Einf F3600
G1 X36.480 Y63.520 Einf F3600
G1 X56.400 Y63.520 Einf F3600
G1 X63.520 Y63.520 Einf F3600
G1 X63.520 Y43.600 Einf F3600
G1 E-0.800 F9000 ; retract
G0 X62.000 Y38.000 F9000 ; travel
G1 E+0.800 F3600 ; unretract
;perimeter
G1 X58.400 Y38.000 Einf F3600
G1 X38.000 Y38.000 Einf F3600
G1 X38.000 Y41.600 Einf F3600
G1 X38.000 Y62.000 Einf F3600
G1 X41.600 Y62.000 Einf F3600
G1 X62.000 Y62.000 Einf F3600
G1 X62.000 Y58.400 Einf F3600
G1 E-0.800 F9000 ; retract
G0 X61.520 Y38.480 F9000 ; travel
G1 E+0.800 F3600 ; unretract
;perimeter
G1 X58.400 Y38.480 Einf F3600
G1 X38.480 Y38.480 Einf F3600
G1 X38.480 Y41.600 Einf F3600
G1 X38.480 Y61.520 Einf F3600
G1 X41.600 Y61.520 Einf F3600
G1 X61.520 Y61.520 Einf F3600
G1 X61.520 Y58.400 Einf F3600
G1 E-0.800 F9000 ; retract
G0 X57.110 Y41.121 F9000 ; travel
G1 E+0.800 F3600 ; unretract
;perimeter
G1 X57.339 Y40.268 Einf F3600
G1 X61.439 Y40.268 Einf F3600
G1 X61.211 Y39.414 Einf F3600
G1 X61.157 Y39.480 Einf F3600
G1 X60.520 Y38.843 Einf F3600
G1 X56.877 Y38.843 Einf F3600
G1 X56.007 Y38.610 Einf F3600
G1 X55.632 Y38.561 Einf F3600
G1 X54.778 Y38.789 Einf F3600
G1 X58.781 Y42.486 Einf F3600
G1 X58.781 Y42.486 Einf F3600
G1 E-0.800 F9000 ; retract
G0 X60.732 Y60.000 F9000 ; travel
G1 E+0.800 F3600 ; unretract
;perimeter
G1 X58771885065192425390080.000 Y18314939781459887656009728.000 Einf F3600
G1 X43.000 Y59.000 Einf F3600
G1 X42.732 Y60.000 Einf F3600
G1 X1957199.625 Y60.000 Einf F3600
G1 E-0.800 F9000 ; retract
G0 X57.268 Y60.000 F9000 ; travel
G1 E+0.800 F3600 ; unretract
;perimeter
G1 X0.000 Y70361966260224807403520.000 Einf F3600
G1 X41.624 Y57.268 Einf F3600
G1 E-0.800 F9000 ; retract
G0 X41.354 Y7005852038266003189137408000.000 F9000 ; travel
G1 E+0.800 F3600 ; unretract
;perimeter
G1 X48.000 Y0.000 Einf F3600
G1 X0.768 Y15212709306963242440546320384.000 Einf F3600
G1 E-0.800 F9000 ; retract
G0 X22.869 Y-22.869 F9000 ; travel
G1 E+0.800 F3600 ; unretract
;infill
G1 X48.000 Y2.263 Einf F3600
G1 E-0.800 F9000 ; retract
G0 X20.606 Y-20.606 F9000 ; travel
G1 E+0.800 F3600 ; unretract
;infill
G1 X48.000 Y6.788 Einf F3600
G1 E-0.800 F9000 ; retract
G0 X18.343 Y-18.343 F9000 ; travel
G1 E+0.800 F3600 ; unretract
;infill
G1 X48.000 Y11.314 Einf F3600
G1 E-0.800 F9000 ; retract
G0 X16.080 Y-16.080 F9000 ; travel
G1 E+0.800 F3600 ; unretract
;infill
G1 X48.000 Y15.839 Einf F3600
G1 E-0.800 F9000 ; retract
G0 X13.818 Y-13.818 F9000 ; travel
G1 E+0.800 F3600 ; unretract
;infill
G1 X48.000 Y20.365 Einf F3600
G1 E-0.800 F9000 ; retract
G0 X11.555 Y-11.555 F9000 ; travel
G1 E+0.800 F3600 ; unretract
;infill
G1 X48.000 Y24.890 Einf F3600
G1 E-0.800 F9000 ; retract
G0 X9.292 Y-9.292 F9000 ; travel
G1 E+0.800 F3600 ; unretract
;infill
G1 X48.000 Y29.416 Einf F3600
G1 E-0.800 F9000 ; retract
G0 X7.029 Y-7.029 F9000 ; travel
G1 E+0.800 F3600 ; unretract
;infill
G1 X48.000 Y33.941 Einf F3600
G1 E-0.800 F9000 ; retract
G0 X4.767 Y-4.767 F9000 ; travel
G1 E+0.800 F3600 ; unretract
;infill
G1 X48.000 Y38.467 Einf F3600
G1 E-0.800 F9000 ; retract
G0 X2.504 Y-2.504 F9000 ; travel
G1 E+0.800 F3600 ; unretract
;infill
G1 X48.000 Y42.992 Einf F3600
G1 E-0.800 F9000 ; retract
G0 X0.241 Y-0.241 F9000 ; travel
G1 E+0.800 F3600 ; unretract
;infill
G1 X48.000 Y47.518 Einf F3600
G1 E-0.800 F9000 ; retract
G0 X-2.022 Y2.022 F9000 ; travel
G1 E+0.800 F3600 ; unretract
;infill
G1 X48.000 Y52.043 Einf F3600
G1 E-0.800 F9000 ; retract
G0 X-4.284 Y4.284 F9000 ; travel
G1 E+0.800 F3600 ; unretract
;infill
G1 X48.000 Y56.569 Einf F3600
G1 E-0.800 F9000 ; retract
G0 X-6.547 Y6.547 F9000 ; travel
G1 E+0.800 F3600 ; unretract
;infill
G1 X48.000 Y61.094 Einf F3600
G1 E-0.800 F9000 ; retract
G0 X-8.810 Y8.810 F9000 ; travel
G1 E+0.800 F3600 ; unretract
;infill
G1 X48.000 Y65.620 Einf F3600
G1 E-0.800 F9000 ; retract
G0 X-11.072 Y11.072 F9000 ; travel
G1 E+0.800 F3600 ; unretract
;infill
G1 X48.000 Y70.145 Einf F3600
G1 E-0.800 F9000 ; retract
G0 X-13.335 Y13.335 F9000 ; travel
G1 E+0.800 F3600 ; unretract
;infill
G1 X48.000 Y74.670 Einf F3600
G1 E-0.800 F9000 ; retract
G0 X-15.598 Y15.598 F9000 ; travel
G1 E+0.800 F3600 ; unretract
;infill
G1 X48.000 Y79.196 Einf F3600
G1 E-0.800 F9000 ; retract
G0 X-17.861 Y17.861 F9000 ; travel
G1 E+0.800 F3600 ; unretract
;infill
G1 X48.000 Y83.721 Einf F3600
G1 E-0.800 F9000 ; retract
G0 X-20.123 Y20.123 F9000 ; travel
G1 E+0.800 F3600 ; unretract
;infill
G1 X48.000 Y88.247 Einf F3600
G1 E-0.800 F9000 ; retract
G0 X-22.386 Y22.386 F9000 ; travel
G1 E+0.800 F3600 ; unretract
;infill
G1 X48.000 Y92.772 Einf F3600
;LAYER:20 ;Z:4.00
G1 Z4.00 F9000 ; move to layer
G92 E0 ; reset extruder at layer start
G1 E-0.800 F9000 ; retract
G0 X64.000 Y36.000 F9000 ; travel
G1 E+0.800 F3600 ; unretract
;perimeter
G1 X44.000 Y36.000 Einf F3600
G1 X36.000 Y36.000 Einf F3600
G1 X36.000 Y56.000 Einf F3600
G1 X36.000 Y64.000 Einf F3600
G1 X56.000 Y64.000 Einf F3600
G1 X64.000 Y64.000 Einf F3600
G1 X64.000 Y44.000 Einf F3600
G1 E-0.800 F9000 ; retract
G0 X63.520 Y36.480 F9000 ; travel
G1 E+0.800 F3600 ; unretract
;perimeter
G1 X44.000 Y36.480 Einf F3600
G1 X36.480 Y36.480 Einf F3600
G1 X36.480 Y56.000 Einf F3600
G1 X36.480 Y63.520 Einf F3600
G1 X56.000 Y63.520 Einf F3600
G1 X63.520 Y63.520 Einf F3600
G1 X63.520 Y44.000 Einf F3600
G1 E-0.800 F9000 ; retract
G0 X62.000 Y38.000 F9000 ; travel
G1 E+0.800 F3600 ; unretract
;perimeter
G1 X58.000 Y38.000 Einf F3600
G1 X38.000 Y38.000 Einf F3600
G1 X38.000 Y42.000 Einf F3600
G1 X38.000 Y62.000 Einf F3600
G1 X42.000 Y62.000 Einf F3600
G1 X62.000 Y62.000 Einf F3600
G1 X62.000 Y58.000 Einf F3600
G1 E-0.800 F9000 ; retract
G0 X61.520 Y38.480 F9000 ; travel
G1 E+0.800 F3600 ; unretract
;perimeter
G1 X58.000 Y38.480 Einf F3600
G1 X38.480 Y38.480 Einf F3600
G1 X38.480 Y42.000 Einf F3600
G1 X38.480 Y61.520 Einf F3600
G1 X42.000 Y61.520 Einf F3600
G1 X61.520 Y61.520 Einf F3600
G1 X61.520 Y58.000 Einf F3600
G1 E-0.800 F9000 ; retract
G0 X56.696 Y41.021 F9000 ; travel
G1 E+0.800 F3600 ; unretract
;perimeter
G1 X56.921 Y40.184 Einf F3600
G1 X61.490 Y40.184 Einf F3600
G1 X61.265 Y39.347 Einf F3600
G1 X61.265 Y39.347 Einf F3600
G1 E-0.800 F9000 ; retract
G0 X60.732 Y60.000 F9000 ; travel
G1 E+0.800 F3600 ; unretract
;perimeter
G1 X58771885065192425390080.000 Y18314939781459887656009728.000 Einf F3600
G1 X43.000 Y59.000 Einf F3600
G1 X42.732 Y60.000 Einf F3600
G1 X2180874.500 Y60.000 Einf F3600
G1 E-0.800 F9000 ; retract
G0 X57.268 Y60.000 F9000 ; travel
G1 E+0.800 F3600 ; unretract
;perimeter
G1 X0.000 Y70361966260224807403520.000 Einf F3600
G1 X41.810 Y57.268 Einf F3600
G1 E-0.800 F9000 ; retract
G0 X41.394 Y7806520420999396154534789120.000 F9000 ; travel
G1 E+0.800 F3600 ; unretract
;perimeter
G1 X48.000 Y0.000 Einf F3600
G1 X0.809 Y16013377099400825047238049792.000 Einf F3600
G1 E-0.800 F9000 ; retract
G0 X22.869 Y-22.869 F9000 ; travel
G1 E+0.800 F3600 ; unretract
;infill
G1 X48.000 Y2.263 Einf F3600
G1 E-0.800 F9000 ; retract
G0 X20.606 Y-20.606 F9000 ; travel
G1 E+0.800 F3600 ; unretract
;infill
G1 X48.000 Y6.788 Einf F3600
G1 E-0.800 F9000 ; retract
G0 X18.343 Y-18.343 F9000 ; travel
G1 E+0.800 F3600 ; unretract
;infill
G1 X48.000 Y11.314 Einf F3600
G1 E-0.800 F9000 ; retract
G0 X16.080 Y-16.080 F9000 ; travel
G1 E+0.800 F3600 ; unretract
;infill
G1 X48.000 Y15.839 Einf F3600
G1 E-0.800 F9000 ; retract
G0 X13.818 Y-13.818 F9000 ; travel
G1 E+0.800 F3600 ; unretract
;infill
G1 X48.000 Y20.365 Einf F3600
G1 E-0.800 F9000 ; retract
G0 X11.555 Y-11.555 F9000 ; travel
G1 E+0.800 F3600 ; unretract
;infill
G1 X48.000 Y24.890 Einf F3600
G1 E-0.800 F9000 ; retract
G0 X9.292 Y-9.292 F9000 ; travel
G1 E+0.800 F3600 ; unretract
;infill
G1 X48.000 Y29.416 Einf F3600
G1 E-0.800 F9000 ; retract
G0 X7.029 Y-7.029 F9000 ; travel
G1 E+0.800 F3600 ; unretract
;infill
G1 X48.000 Y33.941 Einf F3600
G1 E-0.800 F9000 ; retract
G0 X4.767 Y-4.767 F9000 ; travel
G1 E+0.800 F3600 ; unretract
;infill
G1 X48.000 Y38.467 Einf F3600
G1 E-0.800 F9000 ; retract
G0 X2.504 Y-2.504 F9000 ; travel
G1 E+0.800 F3600 ; unretract
;infill
G1 X48.000 Y42.992 Einf F3600
G1 E-0.800 F9000 ; retract
G0 X0.241 Y-0.241 F9000 ; travel
G1 E+0.800 F3600 ; unretract
;infill
G1 X48.000 Y47.518 Einf F3600
G1 E-0.800 F9000 ; retract
G0 X-2.022 Y2.022 F9000 ; travel
G1 E+0.800 F3600 ; unretract
;infill
G1 X48.000 Y52.043 Einf F3600
G1 E-0.800 F9000 ; retract
G0 X-4.284 Y4.284 F9000 ; travel
G1 E+0.800 F3600 ; unretract
;infill
G1 X48.000 Y56.569 Einf F3600
G1 E-0.800 F9000 ; retract
G0 X-6.547 Y6.547 F9000 ; travel
G1 E+0.800 F3600 ; unretract
;infill
G1 X48.000 Y61.094 Einf F3600
G1 E-0.800 F9000 ; retract
G0 X-8.810 Y8.810 F9000 ; travel
G1 E+0.800 F3600 ; unretract
;infill
G1 X48.000 Y65.620 Einf F3600
G1 E-0.800 F9000 ; retract
G0 X-11.072 Y11.072 F9000 ; travel
G1 E+0.800 F3600 ; unretract
;infill
G1 X48.000 Y70.145 Einf F3600
G1 E-0.800 F9000 ; retract
G0 X-13.335 Y13.335 F9000 ; travel
G1 E+0.800 F3600 ; unretract
;infill
G1 X48.000 Y74.670 Einf F3600
G1 E-0.800 F9000 ; retract
G0 X-15.598 Y15.598 F9000 ; travel
G1 E+0.800 F3600 ; unretract
;infill
G1 X48.000 Y79.196 Einf F3600
G1 E-0.800 F9000 ; retract
G0 X-17.861 Y17.861 F9000 ; travel
G1 E+0.800 F3600 ; unretract
;infill
G1 X48.000 Y83.721 Einf F3600
G1 E-0.800 F9000 ; retract
G0 X-20.123 Y20.123 F9000 ; travel
G1 E+0.800 F3600 ; unretract
;infill
G1 X48.000 Y88.247 Einf F3600
G1 E-0.800 F9000 ; retract
G0 X-22.386 Y22.386 F9000 ; travel
G1 E+0.800 F3600 ; unretract
;infill
G1 X48.000 Y92.772 Einf F3600
;LAYER:21 ;Z:4.20
G1 Z4.20 F9000 ; move to layer
G92 E0 ; reset extruder at layer start
G1 E-0.800 F9000 ; retract
G0 X64.000 Y36.000 F9000 ; travel
G1 E+0.800 F3600 ; unretract
;perimeter
G1 X44.400 Y36.000 Einf F3600
G1 X36.000 Y36.000 Einf F3600
G1 X36.000 Y55.600 Einf F3600
G1 X36.000 Y64.000 Einf F3600
G1 X55.600 Y64.000 Einf F3600
G1 X64.000 Y64.000 Einf F3600
G1 X64.000 Y44.400 Einf F3600
G1 E-0.800 F9000 ; retract
G0 X63.520 Y36.480 F9000 ; travel
G1 E+0.800 F3600 ; unretract
;perimeter
G1 X44.400 Y36.480 Einf F3600
G1 X36.480 Y36.480 Einf F3600
G1 X36.480 Y55.600 Einf F3600
G1 X36.480 Y63.520 Einf F3600
G1 X55.600 Y63.520 Einf F3600
G1 X63.520 Y63.520 Einf F3600
G1 X63.520 Y44.400 Einf F3600
G1 E-0.800 F9000 ; retract
G0 X62.000 Y38.000 F9000 ; travel
G1 E+0.800 F3600 ; unretract
;perimeter
G1 X57.600 Y38.000 Einf F3600
G1 X38.000 Y38.000 Einf F3600
G1 X38.000 Y42.400 Einf F3600
G1 X38.000 Y62.000 Einf F3600
G1 X42.400 Y62.000 Einf F3600
G1 X62.000 Y62.000 Einf F3600
G1 X62.000 Y57.600 Einf F3600
G1 E-0.800 F9000 ; retract
G0 X61.520 Y38.480 F9000 ; travel
G1 E+0.800 F3600 ; unretract
;perimeter
G1 X57.600 Y38.480 Einf F3600
G1 X38.480 Y38.480 Einf F3600
G1 X38.480 Y42.400 Einf F3600
G1 X38.480 Y61.520 Einf F3600
G1 X42.400 Y61.520 Einf F3600
G1 X61.520 Y61.520 Einf F3600
G1 X61.520 Y57.600 Einf F3600
G1 E-0.800 F9000 ; retract
G0 X56.282 Y40.921 F9000 ; travel
G1 E+0.800 F3600 ; unretract
;perimeter
G1 X56.502 Y40.100 Einf F3600
G1 X61.540 Y40.100 Einf F3600
G1 X61.320 Y39.280 Einf F3600
G1 X61.254 Y39.361 Einf F3600
G1 X60.639 Y38.746 Einf F3600
G1 X56.164 Y38.746 Einf F3600
G1 X55.323 Y38.520 Einf F3600
G1 X54.862 Y38.460 Einf F3600
G1 X54.042 Y38.680 Einf F3600
G1 X58.959 Y43.221 Einf F3600
G1 X58.959 Y43.221 Einf F3600
G1 E-0.800 F9000 ; retract
G0 X60.732 Y60.000 F9000 ; travel
G1 E+0.800 F3600 ; unretract
;perimeter
G1 X58771885065192425390080.000 Y18314939781459887656009728.000 Einf F3600
G1 X43.000 Y59.000 Einf F3600
G1 X42.732 Y60.000 Einf F3600
G1 X2404550.000 Y60.000 Einf F3600
G1 E-0.800 F9000 ; retract
G0 X57.268 Y60.000 F9000 ; travel
G1 E+0.800 F3600 ; unretract
;perimeter
G1 X0.000 Y70361966260224807403520.000 Einf F3600
G1 X41.996 Y57.268 Einf F3600
G1 E-0.800 F9000 ; retract
G0 X41.435 Y8607191164916030554754777088.000 F9000 ; travel
G1 E+0.800 F3600 ; unretract
;perimeter
G1 X48.000 Y0.000 Einf F3600
G1 X0.849 Y16814047253021649088752386048.000 Einf F3600
G1 E-0.800 F9000 ; retract
G0 X22.869 Y-22.869 F9000 ; travel
G1 E+0.800 F3600 ; unretract
;infill
G1 X48.000 Y2.263 Einf F3600
G1 E-0.800 F9000 ; retract
G0 X20.606 Y-20.606 F9000 ; travel
G1 E+0.800 F3600 ; unretract
;infill
G1 X48.000 Y6.788 Einf F3600
G1 E-0.800 F9000 ; retract
G0 X18.343 Y-18.343 F9000 ; travel
G1 E+0.800 F3600 ; unretract
;infill
G1 X48.000 Y11.314 Einf F3600
G1 E-0.800 F9000 ; retract
G0 X16.080 Y-16.080 F9000 ; travel
G1 E+0.800 F3600 ; unretract
;infill
G1 X48.000 Y15.839 Einf F3600
G1 E-0.800 F9000 ; retract
G0 X13.818 Y-13.818 F9000 ; travel
G1 E+0.800 F3600 ; unretract
;infill
G1 X48.000 Y20.365 Einf F3600
G1 E-0.800 F9000 ; retract
G0 X11.555 Y-11.555 F9000 ; travel
G1 E+0.800 F3600 ; unretract
;infill
G1 X48.000 Y24.890 Einf F3600
G1 E-0.800 F9000 ; retract
G0 X9.292 Y-9.292 F9000 ; travel
G1 E+0.800 F3600 ; unretract
;infill
G1 X48.000 Y29.416 Einf F3600
G1 E-0.800 F9000 ; retract
G0 X7.029 Y-7.029 F9000 ; travel
G1 E+0.800 F3600 ; unretract
;infill
G1 X48.000 Y33.941 Einf F3600
G1 E-0.800 F9000 ; retract
G0 X4.767 Y-4.767 F9000 ; travel
G1 E+0.800 F3600 ; unretract
;infill
G1 X48.000 Y38.467 Einf F3600
G1 E-0.800 F9000 ; retract
G0 X2.504 Y-2.504 F9000 ; travel
G1 E+0.800 F3600 ; unretract
;infill
G1 X48.000 Y42.992 Einf F3600
G1 E-0.800 F9000 ; retract
G0 X0.241 Y-0.241 F9000 ; travel
G1 E+0.800 F3600 ; unretract
;infill
G1 X48.000 Y47.518 Einf F3600
G1 E-0.800 F9000 ; retract
G0 X-2.022 Y2.022 F9000 ; travel
G1 E+0.800 F3600 ; unretract
;infill
G1 X48.000 Y52.043 Einf F3600
G1 E-0.800 F9000 ; retract
G0 X-4.284 Y4.284 F9000 ; travel
G1 E+0.800 F3600 ; unretract
;infill
G1 X48.000 Y56.569 Einf F3600
G1 E-0.800 F9000 ; retract
G0 X-6.547 Y6.547 F9000 ; travel
G1 E+0.800 F3600 ; unretract
;infill
G1 X48.000 Y61.094 Einf F3600
G1 E-0.800 F9000 ; retract
G0 X-8.810 Y8.810 F9000 ; travel
G1 E+0.800 F3600 ; unretract
;infill
G1 X48.000 Y65.620 Einf F3600
G1 E-0.800 F9000 ; retract
G0 X-11.072 Y11.072 F9000 ; travel
G1 E+0.800 F3600 ; unretract
;infill
G1 X48.000 Y70.145 Einf F3600
G1 E-0.800 F9000 ; retract
G0 X-13.335 Y13.335 F9000 ; travel
G1 E+0.800 F3600 ; unretract
;infill
G1 X48.000 Y74.670 Einf F3600
G1 E-0.800 F9000 ; retract
G0 X-15.598 Y15.598 F9000 ; travel
G1 E+0.800 F3600 ; unretract
;infill
G1 X48.000 Y79.196 Einf F3600
G1 E-0.800 F9000 ; retract
G0 X-17.861 Y17.861 F9000 ; travel
G1 E+0.800 F3600 ; unretract
;infill
G1 X48.000 Y83.721 Einf F3600
G1 E-0.800 F9000 ; retract
G0 X-20.123 Y20.123 F9000 ; travel
G1 E+0.800 F3600 ; unretract
;infill
G1 X48.000 Y88.247 Einf F3600
G1 E-0.800 F9000 ; retract
G0 X-22.386 Y22.386 F9000 ; travel
G1 E+0.800 F3600 ; unretract
;infill
G1 X48.000 Y92.772 Einf F3600
;LAYER:22 ;Z:4.40
G1 Z4.40 F9000 ; move to layer
G92 E0 ; reset extruder at layer start
G1 E-0.800 F9000 ; retract
G0 X64.000 Y36.000 F9000 ; travel
G1 E+0.800 F3600 ; unretract
;perimeter
G1 X44.800 Y36.000 Einf F3600
G1 X36.000 Y36.000 Einf F3600
G1 X36.000 Y55.200 Einf F3600
G1 X36.000 Y64.000 Einf F3600
G1 X55.200 Y64.000 Einf F3600
G1 X64.000 Y64.000 Einf F3600
G1 X64.000 Y44.800 Einf F3600
G1 E-0.800 F9000 ; retract
G0 X63.520 Y36.480 F9000 ; travel
G1 E+0.800 F3600 ; unretract
;perimeter
G1 X44.800 Y36.480 Einf F3600
G1 X36.480 Y36.480 Einf F3600
G1 X36.480 Y55.200 Einf F3600
G1 X36.480 Y63.520 Einf F3600
G1 X55.200 Y63.520 Einf F3600
G1 X63.520 Y63.520 Einf F3600
G1 X63.520 Y44.800 Einf F3600
G1 E-0.800 F9000 ; retract
G0 X62.000 Y38.000 F9000 ; travel
G1 E+0.800 F3600 ; unretract
;perimeter
G1 X57.200 Y38.000 Einf F3600
G1 X38.000 Y38.000 Einf F3600
G1 X38.000 Y42.800 Einf F3600
G1 X38.000 Y62.000 Einf F3600
G1 X42.800 Y62.000 Einf F3600
G1 X62.000 Y62.000 Einf F3600
G1 X62.000 Y57.200 Einf F3600
G1 E-0.800 F9000 ; retract
G0 X61.520 Y38.480 F9000 ; travel
G1 E+0.800 F3600 ; unretract
;perimeter
G1 X57.200 Y38.480 Einf F3600
G1 X38.480 Y38.480 Einf F3600
G1 X38.480 Y42.800 Einf F3600
G1 X38.480 Y61.520 Einf F3600
G1 X42.800 Y61.520 Einf F3600
G1 X61.520 Y61.520 Einf F3600
G1 X61.520 Y57.200 Einf F3600
G1 E-0.800 F9000 ; retract
G0 X55.868 Y40.820 F9000 ; travel
G1 E+0.800 F3600 ; unretract
;perimeter
G1 X56.084 Y40.017 Einf F3600
G1 X61.590 Y40.017 Einf F3600
G1 X61.375 Y39.213 Einf F3600
G1 X61.303 Y39.301 Einf F3600
G1 X60.699 Y38.697 Einf F3600
G1 X55.807 Y38.697 Einf F3600
G1 X54.981 Y38.476 Einf F3600
G1 X54.477 Y38.410 Einf F3600
G1 X53.674 Y38.625 Einf F3600
G1 X59.048 Y43.589 Einf F3600
G1 X58.444 Y44.193 Einf F3600
G1 X53.552 Y44.193 Einf F3600
G1 X53.331 Y45.019 Einf F3600
G1 X53.331 Y40.126 Einf F3600
G1 X53.331 Y40.126 Einf F3600
G1 E-0.800 F9000 ; retract
G0 X55.530 Y40.230 F9000 ; travel
G1 E+0.800 F3600 ; unretract
;perimeter
G1 X55.715 Y39.537 Einf F3600
G1 X60.964 Y39.537 Einf F3600
G1 X61.154 Y40.243 Einf F3600
G1 X61.339 Y40.016 Einf F3600
G1 X60.500 Y39.177 Einf F3600
G1 X55.743 Y39.177 Einf F3600
G1 X54.888 Y38.948 Einf F3600
G1 X54.509 Y38.898 Einf F3600
G1 X54.639 Y38.864 Einf F3600
G1 X59.741 Y43.575 Einf F3600
G1 X58.643 Y44.673 Einf F3600
G1 X53.920 Y44.673 Einf F3600
G1 X52.851 Y48.665 Einf F3600
G1 X52.851 Y40.126 Einf F3600
G1 X52.851 Y39.498 Einf F3600
G1 E-0.800 F9000 ; retract
G0 X60.732 Y60.000 F9000 ; travel
G1 E+0.800 F3600 ; unretract
;perimeter
G1 X58771885065192425390080.000 Y18314939781459887656009728.000 Einf F3600
G1 X43.000 Y59.000 Einf F3600
G1 X42.732 Y60.000 Einf F3600
G1 X2628225.000 Y60.000 Einf F3600
G1 E-0.800 F9000 ; retract
G0 X57.268 Y60.000 F9000 ; travel
G1 E+0.800 F3600 ; unretract
;perimeter
G1 X0.000 Y70361966260224807403520.000 Einf F3600
G1 X42.181 Y57.268 Einf F3600
G1 E-0.800 F9000 ; retract
G0 X41.475 Y9407858957353613161446506496.000 F9000 ; travel
G1 E+0.800 F3600 ; unretract
;perimeter
G1 X48.000 Y0.000 Einf F3600
G1 X0.890 Y17614715045459231695444115456.000 Einf F3600
G1 E-0.800 F9000 ; retract
G0 X22.869 Y-22.869 F9000 ; travel
G1 E+0.800 F3600 ; unretract
;infill
G1 X48.000 Y2.263 Einf F3600
G1 E-0.800 F9000 ; retract
G0 X20.606 Y-20.606 F9000 ; travel
G1 E+0.800 F3600 ; unretract
;infill
G1 X48.000 Y6.788 Einf F3600
G1 E-0.800 F9000 ; retract
G0 X18.343 Y-18.343 F9000 ; travel
G1 E+0.800 F3600 ; unretract
;infill
G1 X48.000 Y11.314 Einf F3600
G1 E-0.800 F9000 ; retract
G0 X16.080 Y-16.080 F9000 ; travel
G1 E+0.800 F3600 ; unretract
;infill
G1 X48.000 Y15.839 Einf F3600
G1 E-0.800 F9000 ; retract
G0 X13.818 Y-13.818 F9000 ; travel
G1 E+0.800 F3600 ; unretract
;infill
G1 X48.000 Y20.365 Einf F3600
G1 E-0.800 F9000 ; retract
G0 X11.555 Y-11.555 F9000 ; travel
G1 E+0.800 F3600 ; unretract
;infill
G1 X48.000 Y24.890 Einf F3600
G1 E-0.800 F9000 ; retract
G0 X9.292 Y-9.292 F9000 ; travel
G1 E+0.800 F3600 ; unretract
;infill
G1 X48.000 Y29.416 Einf F3600
G1 E-0.800 F9000 ; retract
G0 X7.029 Y-7.029 F9000 ; travel
G1 E+0.800 F3600 ; unretract
;infill
G1 X48.000 Y33.941 Einf F3600
G1 E-0.800 F9000 ; retract
G0 X4.767 Y-4.767 F9000 ; travel
G1 E+0.800 F3600 ; unretract
;infill
G1 X48.000 Y38.467 Einf F3600
G1 E-0.800 F9000 ; retract
G0 X2.504 Y-2.504 F9000 ; travel
G1 E+0.800 F3600 ; unretract
;infill
G1 X48.000 Y42.992 Einf F3600
G1 E-0.800 F9000 ; retract
G0 X0.241 Y-0.241 F9000 ; travel
G1 E+0.800 F3600 ; unretract
;infill
G1 X48.000 Y47.518 Einf F3600
G1 E-0.800 F9000 ; retract
G0 X-2.022 Y2.022 F9000 ; travel
G1 E+0.800 F3600 ; unretract
;infill
G1 X48.000 Y52.043 Einf F3600
G1 E-0.800 F9000 ; retract
G0 X-4.284 Y4.284 F9000 ; travel
G1 E+0.800 F3600 ; unretract
;infill
G1 X48.000 Y56.569 Einf F3600
G1 E-0.800 F9000 ; retract
G0 X-6.547 Y6.547 F9000 ; travel
G1 E+0.800 F3600 ; unretract
;infill
G1 X48.000 Y61.094 Einf F3600
G1 E-0.800 F9000 ; retract
G0 X-8.810 Y8.810 F9000 ; travel
G1 E+0.800 F3600 ; unretract
;infill
G1 X48.000 Y65.620 Einf F3600
G1 E-0.800 F9000 ; retract
G0 X-11.072 Y11.072 F9000 ; travel
G1 E+0.800 F3600 ; unretract
;infill
G1 X48.000 Y70.145 Einf F3600
G1 E-0.800 F9000 ; retract
G0 X-13.335 Y13.335 F9000 ; travel
G1 E+0.800 F3600 ; unretract
;infill
G1 X48.000 Y74.670 Einf F3600
G1 E-0.800 F9000 ; retract
G0 X-15.598 Y15.598 F9000 ; travel
G1 E+0.800 F3600 ; unretract
;infill
G1 X48.000 Y79.196 Einf F3600
G1 E-0.800 F9000 ; retract
G0 X-17.861 Y17.861 F9000 ; travel
G1 E+0.800 F3600 ; unretract
;infill
G1 X48.000 Y83.721 Einf F3600
G1 E-0.800 F9000 ; retract
G0 X-20.123 Y20.123 F9000 ; travel
G1 E+0.800 F3600 ; unretract
;infill
G1 X48.000 Y88.247 Einf F3600
G1 E-0.800 F9000 ; retract
G0 X-22.386 Y22.386 F9000 ; travel
G1 E+0.800 F3600 ; unretract
;infill
G1 X48.000 Y92.772 Einf F3600
;LAYER:23 ;Z:4.60
G1 Z4.60 F9000 ; move to layer
G92 E0 ; reset extruder at layer start
G1 E-0.800 F9000 ; retract
G0 X64.000 Y36.000 F9000 ; travel
G1 E+0.800 F3600 ; unretract
;perimeter
G1 X45.200 Y36.000 Einf F3600
G1 X36.000 Y36.000 Einf F3600
G1 X36.000 Y54.800 Einf F3600
G1 X36.000 Y64.000 Einf F3600
G1 X54.800 Y64.000 Einf F3600
G1 X64.000 Y64.000 Einf F3600
G1 X64.000 Y45.200 Einf F3600
G1 E-0.800 F9000 ; retract
G0 X63.520 Y36.480 F9000 ; travel
G1 E+0.800 F3600 ; unretract
;perimeter
G1 X45.200 Y36.480 Einf F3600
G1 X36.480 Y36.480 Einf F3600
G1 X36.480 Y54.800 Einf F3600
G1 X36.480 Y63.520 Einf F3600
G1 X54.800 Y63.520 Einf F3600
G1 X63.520 Y63.520 Einf F3600
G1 X63.520 Y45.200 Einf F3600
G1 E-0.800 F9000 ; retract
G0 X62.000 Y38.000 F9000 ; travel
G1 E+0.800 F3600 ; unretract
;perimeter
G1 X56.800 Y38.000 Einf F3600
G1 X38.000 Y38.000 Einf F3600
G1 X38.000 Y43.200 Einf F3600
G1 X38.000 Y62.000 Einf F3600
G1 X43.200 Y62.000 Einf F3600
G1 X62.000 Y62.000 Einf F3600
G1 X62.000 Y56.800 Einf F3600
G1 E-0.800 F9000 ; retract
G0 X61.520 Y38.480 F9000 ; travel
G1 E+0.800 F3600 ; unretract
;perimeter
G1 X56.800 Y38.480 Einf F3600
G1 X38.480 Y38.480 Einf F3600
G1 X38.480 Y43.200 Einf F3600
G1 X38.480 Y61.520 Einf F3600
G1 X43.200 Y61.520 Einf F3600
G1 X61.520 Y61.520 Einf F3600
G1 X61.520 Y56.800 Einf F3600
G1 E-0.800 F9000 ; retract
G0 X55.455 Y40.720 F9000 ; travel
G1 E+0.800 F3600 ; unretract
;perimeter
G1 X55.665 Y39.933 Einf F3600
G1 X61.640 Y39.933 Einf F3600
G1 X61.429 Y39.146 Einf F3600
G1 X61.352 Y39.242 Einf F3600
G1 X60.758 Y38.648 Einf F3600
G1 X55.450 Y38.648 Einf F3600
G1 X54.639 Y38.431 Einf F3600
G1 X54.092 Y38.360 Einf F3600
G1 X53.305 Y38.571 Einf F3600
G1 X59.138 Y43.957 Einf F3600
G1 X58.544 Y44.550 Einf F3600
G1 X53.236 Y44.550 Einf F3600
G1 X53.019 Y45.361 Einf F3600
G1 X53.019 Y45.361 Einf F3600
G1 E-0.800 F9000 ; retract
G0 X55.005 Y40.544 F9000 ; travel
G1 E+0.800 F3600 ; unretract
;perimeter
G1 X55.297 Y39.453 Einf F3600
G1 X61.015 Y39.453 Einf F3600
G1 X61.208 Y40.176 Einf F3600
G1 X61.388 Y39.956 Einf F3600
G1 X60.560 Y39.128 Einf F3600
G1 X55.387 Y39.128 Einf F3600
G1 X54.546 Y38.903 Einf F3600
G1 X54.124 Y38.848 Einf F3600
G1 X54.271 Y38.809 Einf F3600
G1 X59.830 Y43.943 Einf F3600
G1 X58.743 Y45.030 Einf F3600
G1 X53.604 Y45.030 Einf F3600
G1 X53.644 Y44.881 Einf F3600
G1 X52.728 Y44.881 Einf F3600
G1 E-0.800 F9000 ; retract
G0 X60.732 Y60.000 F9000 ; travel
G1 E+0.800 F3600 ; unretract
;perimeter
G1 X58771885065192425390080.000 Y18314939781459887656009728.000 Einf F3600
G1 X43.000 Y59.000 Einf F3600
G1 X42.732 Y60.000 Einf F3600
G1 X2851899.750 Y60.000 Einf F3600
G1 E-0.800 F9000 ; retract
G0 X57.268 Y60.000 F9000 ; travel
G1 E+0.800 F3600 ; unretract
;perimeter
G1 X0.000 Y70361966260224807403520.000 Einf F3600
G1 X42.367 Y57.268 Einf F3600
G1 E-0.800 F9000 ; retract
G0 X41.516 Y10208527340087006126843887616.000 F9000 ; travel
G1 E+0.800 F3600 ; unretract
;perimeter
G1 X48.000 Y0.000 Einf F3600
G1 X0.930 Y18415384018488435019547148288.000 Einf F3600
G1 E-0.800 F9000 ; retract
G0 X22.869 Y-22.869 F9000 ; travel
G1 E+0.800 F3600 ; unretract
;infill
G1 X48.000 Y2.263 Einf F3600
G1 E-0.800 F9000 ; retract
G0 X20.606 Y-20.606 F9000 ; travel
G1 E+0.800 F3600 ; unretract
;infill
G1 X48.000 Y6.788 Einf F3600
G1 E-0.800 F9000 ; retract
G0 X18.343 Y-18.343 F9000 ; travel
G1 E+0.800 F3600 ; unretract
;infill
G1 X48.000 Y11.314 Einf F3600
G1 E-0.800 F9000 ; retract
G0 X16.080 Y-16.080 F9000 ; travel
G1 E+0.800 F3600 ; unretract
;infill
G1 X48.000 Y15.839 Einf F3600
G1 E-0.800 F9000 ; retract
G0 X13.818 Y-13.818 F9000 ; travel
G1 E+0.800 F3600 ; unretract
;infill
G1 X48.000 Y20.365 Einf F3600
G1 E-0.800 F9000 ; retract
G0 X11.555 Y-11.555 F9000 ; travel
G1 E+0.800 F3600 ; unretract
;infill
G1 X48.000 Y24.890 Einf F3600
G1 E-0.800 F9000 ; retract
G0 X9.292 Y-9.292 F9000 ; travel
G1 E+0.800 F3600 ; unretract
;infill
G1 X48.000 Y29.416 Einf F3600
G1 E-0.800 F9000 ; retract
G0 X7.029 Y-7.029 F9000 ; travel
G1 E+0.800 F3600 ; unretract
;infill
G1 X48.000 Y33.941 Einf F3600
G1 E-0.800 F9000 ; retract
G0 X4.767 Y-4.767 F9000 ; travel
G1 E+0.800 F3600 ; unretract
;infill
G1 X48.000 Y38.467 Einf F3600
G1 E-0.800 F9000 ; retract
G0 X2.504 Y-2.504 F9000 ; travel
G1 E+0.800 F3600 ; unretract
;infill
G1 X48.000 Y42.992 Einf F3600
G1 E-0.800 F9000 ; retract
G0 X0.241 Y-0.241 F9000 ; travel
G1 E+0.800 F3600 ; unretract
;infill
G1 X48.000 Y47.518 Einf F3600
G1 E-0.800 F9000 ; retract
G0 X-2.022 Y2.022 F9000 ; travel
G1 E+0.800 F3600 ; unretract
;infill
G1 X48.000 Y52.043 Einf F3600
G1 E-0.800 F9000 ; retract
G0 X-4.284 Y4.284 F9000 ; travel
G1 E+0.800 F3600 ; unretract
;infill
G1 X48.000 Y56.569 Einf F3600
G1 E-0.800 F9000 ; retract
G0 X-6.547 Y6.547 F9000 ; travel
G1 E+0.800 F3600 ; unretract
;infill
G1 X48.000 Y61.094 Einf F3600
G1 E-0.800 F9000 ; retract
G0 X-8.810 Y8.810 F9000 ; travel
G1 E+0.800 F3600 ; unretract
;infill
G1 X48.000 Y65.620 Einf F3600
G1 E-0.800 F9000 ; retract
G0 X-11.072 Y11.072 F9000 ; travel
G1 E+0.800 F3600 ; unretract
;infill
G1 X48.000 Y70.145 Einf F3600
G1 E-0.800 F9000 ; retract
G0 X-13.335 Y13.335 F9000 ; travel
G1 E+0.800 F3600 ; unretract
;infill
G1 X48.000 Y74.670 Einf F3600
G1 E-0.800 F9000 ; retract
G0 X-15.598 Y15.598 F9000 ; travel
G1 E+0.800 F3600 ; unretract
;infill
G1 X48.000 Y79.196 Einf F3600
G1 E-0.800 F9000 ; retract
G0 X-17.861 Y17.861 F9000 ; travel
G1 E+0.800 F3600 ; unretract
;infill
G1 X48.000 Y83.721 Einf F3600
G1 E-0.800 F9000 ; retract
G0 X-20.123 Y20.123 F9000 ; travel
G1 E+0.800 F3600 ; unretract
;infill
G1 X48.000 Y88.247 Einf F3600
G1 E-0.800 F9000 ; retract
G0 X-22.386 Y22.386 F9000 ; travel
G1 E+0.800 F3600 ; unretract
;infill
G1 X48.000 Y92.772 Einf F3600
;LAYER:24 ;Z:4.80
G1 Z4.80 F9000 ; move to layer
G92 E0 ; reset extruder at layer start
G1 E-0.800 F9000 ; retract
G0 X64.000 Y36.000 F9000 ; travel
G1 E+0.800 F3600 ; unretract
;perimeter
G1 X45.600 Y36.000 Einf F3600
G1 X36.000 Y36.000 Einf F3600
G1 X36.000 Y54.400 Einf F3600
G1 X36.000 Y64.000 Einf F3600
G1 X54.400 Y64.000 Einf F3600
G1 X64.000 Y64.000 Einf F3600
G1 X64.000 Y45.600 Einf F3600
G1 E-0.800 F9000 ; retract
G0 X63.520 Y36.480 F9000 ; travel
G1 E+0.800 F3600 ; unretract
;perimeter
G1 X45.600 Y36.480 Einf F3600
G1 X36.480 Y36.480 Einf F3600
G1 X36.480 Y54.400 Einf F3600
G1 X36.480 Y63.520 Einf F3600
G1 X54.400 Y63.520 Einf F3600
G1 X63.520 Y63.520 Einf F3600
G1 X63.520 Y45.600 Einf F3600
G1 E-0.800 F9000 ; retract
G0 X62.000 Y38.000 F9000 ; travel
G1 E+0.800 F3600 ; unretract
;perimeter
G1 X56.400 Y38.000 Einf F3600
G1 X38.000 Y38.000 Einf F3600
G1 X38.000 Y43.600 Einf F3600
G1 X38.000 Y62.000 Einf F3600
G1 X43.600 Y62.000 Einf F3600
G1 X62.000 Y62.000 Einf F3600
G1 X62.000 Y56.400 Einf F3600
G1 E-0.800 F9000 ; retract
G0 X61.520 Y38.480 F9000 ; travel
G1 E+0.800 F3600 ; unretract
;perimeter
G1 X56.400 Y38.480 Einf F3600
G1 X38.480 Y38.480 Einf F3600
G1 X38.480 Y43.600 Einf F3600
G1 X38.480 Y61.520 Einf F3600
G1 X43.600 Y61.520 Einf F3600
G1 X61.520 Y61.520 Einf F3600
G1 X61.520 Y56.400 Einf F3600
G1 E-0.800 F9000 ; retract
G0 X55.041 Y40.619 F9000 ; travel
G1 E+0.800 F3600 ; unretract
;perimeter
G1 X55.247 Y39.849 Einf F3600
G1 X61.690 Y39.849 Einf F3600
G1 X61.484 Y39.079 Einf F3600
G1 X61.400 Y39.182 Einf F3600
G1 X60.818 Y38.600 Einf F3600
G1 X55.093 Y38.600 Einf F3600
G1 X54.297 Y38.387 Einf F3600
G1 X53.707 Y38.310 Einf F3600
G1 X53.707 Y38.310 Einf F3600
G1 E-0.800 F9000 ; retract
G0 X54.877 Y39.376 F9000 ; travel
G1 E+0.800 F3600 ; unretract
;perimeter
G1 X54.879 Y39.369 Einf F3600
G1 X61.065 Y39.369 Einf F3600
G1 X61.263 Y40.109 Einf F3600
G1 X61.436 Y39.897 Einf F3600
G1 X60.619 Y39.080 Einf F3600
G1 X55.030 Y39.080 Einf F3600
G1 X54.204 Y38.858 Einf F3600
G1 X53.676 Y38.790 Einf F3600
G1 X54.538 Y38.790 Einf F3600
G1 E-0.800 F9000 ; retract
G0 X60.732 Y60.000 F9000 ; travel
G1 E+0.800 F3600 ; unretract
;perimeter
G1 X58771885065192425390080.000 Y18314939781459887656009728.000 Einf F3600
G1 X43.000 Y59.000 Einf F3600
G1 X42.732 Y60.000 Einf F3600
G1 X3075575.250 Y60.000 Einf F3600
G1 E-0.800 F9000 ; retract
G0 X57.268 Y60.000 F9000 ; travel
G1 E+0.800 F3600 ; unretract
;perimeter
G1 X0.000 Y70361966260224807403520.000 Einf F3600
G1 X42.552 Y57.268 Einf F3600
G1 E-0.800 F9000 ; retract
G0 X41.556 Y11009197493707830168358223872.000 F9000 ; travel
G1 E+0.800 F3600 ; unretract
;perimeter
G1 X48.000 Y0.000 Einf F3600
G1 X0.971 Y19216054172109259061061484544.000 Einf F3600
G1 E-0.800 F9000 ; retract
G0 X22.869 Y-22.869 F9000 ; travel
G1 E+0.800 F3600 ; unretract
;infill
G1 X48.000 Y2.263 Einf F3600
G1 E-0.800 F9000 ; retract
G0 X20.606 Y-20.606 F9000 ; travel
G1 E+0.800 F3600 ; unretract
;infill
G1 X48.000 Y6.788 Einf F3600
G1 E-0.800 F9000 ; retract
G0 X18.343 Y-18.343 F9000 ; travel
G1 E+0.800 F3600 ; unretract
;infill
G1 X48.000 Y11.314 Einf F3600
G1 E-0.800 F9000 ; retract
G0 X16.080 Y-16.080 F9000 ; travel
G1 E+0.800 F3600 ; unretract
;infill
G1 X48.000 Y15.839 Einf F3600
G1 E-0.800 F9000 ; retract
G0 X13.818 Y-13.818 F9000 ; travel
G1 E+0.800 F3600 ; unretract
;infill
G1 X48.000 Y20.365 Einf F3600
G1 E-0.800 F9000 ; retract
G0 X11.555 Y-11.555 F9000 ; travel
G1 E+0.800 F3600 ; unretract
;infill
G1 X48.000 Y24.890 Einf F3600
G1 E-0.800 F9000 ; retract
G0 X9.292 Y-9.292 F9000 ; travel
G1 E+0.800 F3600 ; unretract
;infill
G1 X48.000 Y29.416 Einf F3600
G1 E-0.800 F9000 ; retract
G0 X7.029 Y-7.029 F9000 ; travel
G1 E+0.800 F3600 ; unretract
;infill
G1 X48.000 Y33.941 Einf F3600
G1 E-0.800 F9000 ; retract
G0 X4.767 Y-4.767 F9000 ; travel
G1 E+0.800 F3600 ; unretract
;infill
G1 X48.000 Y38.467 Einf F3600
G1 E-0.800 F9000 ; retract
G0 X2.504 Y-2.504 F9000 ; travel
G1 E+0.800 F3600 ; unretract
;infill
G1 X48.000 Y42.992 Einf F3600
G1 E-0.800 F9000 ; retract
G0 X0.241 Y-0.241 F9000 ; travel
G1 E+0.800 F3600 ; unretract
;infill
G1 X48.000 Y47.518 Einf F3600
G1 E-0.800 F9000 ; retract
G0 X-2.022 Y2.022 F9000 ; travel
G1 E+0.800 F3600 ; unretract
;infill
G1 X48.000 Y52.043 Einf F3600
G1 E-0.800 F9000 ; retract
G0 X-4.284 Y4.284 F9000 ; travel
G1 E+0.800 F3600 ; unretract
;infill
G1 X48.000 Y56.569 Einf F3600
G1 E-0.800 F9000 ; retract
G0 X-6.547 Y6.547 F9000 ; travel
G1 E+0.800 F3600 ; unretract
;infill
G1 X48.000 Y61.094 Einf F3600
G1 E-0.800 F9000 ; retract
G0 X-8.810 Y8.810 F9000 ; travel
G1 E+0.800 F3600 ; unretract
;infill
G1 X48.000 Y65.620 Einf F3600
G1 E-0.800 F9000 ; retract
G0 X-11.072 Y11.072 F9000 ; travel
G1 E+0.800 F3600 ; unretract
;infill
G1 X48.000 Y70.145 Einf F3600
G1 E-0.800 F9000 ; retract
G0 X-13.335 Y13.335 F9000 ; travel
G1 E+0.800 F3600 ; unretract
;infill
G1 X48.000 Y74.670 Einf F3600
G1 E-0.800 F9000 ; retract
G0 X-15.598 Y15.598 F9000 ; travel
G1 E+0.800 F3600 ; unretract
;infill
G1 X48.000 Y79.196 Einf F3600
G1 E-0.800 F9000 ; retract
G0 X-17.861 Y17.861 F9000 ; travel
G1 E+0.800 F3600 ; unretract
;infill
G1 X48.000 Y83.721 Einf F3600
G1 E-0.800 F9000 ; retract
G0 X-20.123 Y20.123 F9000 ; travel
G1 E+0.800 F3600 ; unretract
;infill
G1 X48.000 Y88.247 Einf F3600
G1 E-0.800 F9000 ; retract
G0 X-22.386 Y22.386 F9000 ; travel
G1 E+0.800 F3600 ; unretract
;infill
G1 X48.000 Y92.772 Einf F3600
;LAYER:25 ;Z:5.00
G1 Z5.00 F9000 ; move to layer
G92 E0 ; reset extruder at layer start
G1 E-0.800 F9000 ; retract
G0 X64.000 Y36.000 F9000 ; travel
G1 E+0.800 F3600 ; unretract
;perimeter
G1 X46.000 Y36.000 Einf F3600
G1 X36.000 Y36.000 Einf F3600
G1 X36.000 Y54.000 Einf F3600
G1 X36.000 Y64.000 Einf F3600
G1 X54.000 Y64.000 Einf F3600
G1 X64.000 Y64.000 Einf F3600
G1 X64.000 Y46.000 Einf F3600
G1 E-0.800 F9000 ; retract
G0 X63.520 Y36.480 F9000 ; travel
G1 E+0.800 F3600 ; unretract
;perimeter
G1 X46.000 Y36.480 Einf F3600
G1 X36.480 Y36.480 Einf F3600
G1 X36.480 Y54.000 Einf F3600
G1 X36.480 Y63.520 Einf F3600
G1 X54.000 Y63.520 Einf F3600
G1 X63.520 Y63.520 Einf F3600
G1 X63.520 Y46.000 Einf F3600
G1 E-0.800 F9000 ; retract
G0 X62.000 Y38.000 F9000 ; travel
G1 E+0.800 F3600 ; unretract
;perimeter
G1 X56.000 Y38.000 Einf F3600
G1 X38.000 Y38.000 Einf F3600
G1 X38.000 Y44.000 Einf F3600
G1 X38.000 Y62.000 Einf F3600
G1 X44.000 Y62.000 Einf F3600
G1 X62.000 Y62.000 Einf F3600
G1 X62.000 Y56.000 Einf F3600
G1 E-0.800 F9000 ; retract
G0 X61.520 Y38.480 F9000 ; travel
G1 E+0.800 F3600 ; unretract
;perimeter
G1 X56.000 Y38.480 Einf F3600
G1 X38.480 Y38.480 Einf F3600
G1 X38.480 Y44.000 Einf F3600
G1 X38.480 Y61.520 Einf F3600
G1 X44.000 Y61.520 Einf F3600
G1 X61.520 Y61.520 Einf F3600
G1 X61.520 Y56.000 Einf F3600
G1 E-0.800 F9000 ; retract
G0 X54.627 Y40.519 F9000 ; travel
G1 E+0.800 F3600 ; unretract
;perimeter
G1 X54.828 Y39.766 Einf F3600
G1 X61.741 Y39.766 Einf F3600
G1 X61.539 Y39.013 Einf F3600
G1 X61.539 Y39.013 Einf F3600
G1 E-0.800 F9000 ; retract
G0 X60.732 Y60.000 F9000 ; travel
G1 E+0.800 F3600 ; unretract
;perimeter
G1 X58771885065192425390080.000 Y18314939781459887656009728.000 Einf F3600
G1 X43.000 Y59.000 Einf F3600
G1 X42.732 Y60.000 Einf F3600
G1 X3299250.250 Y60.000 Einf F3600
G1 E-0.800 F9000 ; retract
G0 X57.268 Y60.000 F9000 ; travel
G1 E+0.800 F3600 ; unretract
;perimeter
G1 X0.000 Y70361966260224807403520.000 Einf F3600
G1 X42.738 Y57.268 Einf F3600
G1 E-0.800 F9000 ; retract
G0 X41.597 Y11809865286145412775049953280.000 F9000 ; travel
G1 E+0.800 F3600 ; unretract
;perimeter
G1 X48.000 Y0.000 Einf F3600
G1 X1.011 Y20016723145138462385164517376.000 Einf F3600
G1 E-0.800 F9000 ; retract
G0 X22.869 Y-22.869 F9000 ; travel
G1 E+0.800 F3600 ; unretract
;infill
G1 X48.000 Y2.263 Einf F3600
G1 E-0.800 F9000 ; retract
G0 X20.606 Y-20.606 F9000 ; travel
G1 E+0.800 F3600 ; unretract
;infill
G1 X48.000 Y6.788 Einf F3600
G1 E-0.800 F9000 ; retract
G0 X18.343 Y-18.343 F9000 ; travel
G1 E+0.800 F3600 ; unretract
;infill
G1 X48.000 Y11.314 Einf F3600
G1 E-0.800 F9000 ; retract
G0 X16.080 Y-16.080 F9000 ; travel
G1 E+0.800 F3600 ; unretract
;infill
G1 X48.000 Y15.839 Einf F3600
G1 E-0.800 F9000 ; retract
G0 X13.818 Y-13.818 F9000 ; travel
G1 E+0.800 F3600 ; unretract
;infill
G1 X48.000 Y20.365 Einf F3600
G1 E-0.800 F9000 ; retract
G0 X11.555 Y-11.555 F9000 ; travel
G1 E+0.800 F3600 ; unretract
;infill
G1 X48.000 Y24.890 Einf F3600
G1 E-0.800 F9000 ; retract
G0 X9.292 Y-9.292 F9000 ; travel
G1 E+0.800 F3600 ; unretract
;infill
G1 X48.000 Y29.416 Einf F3600
G1 E-0.800 F9000 ; retract
G0 X7.029 Y-7.029 F9000 ; travel
G1 E+0.800 F3600 ; unretract
;infill
G1 X48.000 Y33.941 Einf F3600
G1 E-0.800 F9000 ; retract
G0 X4.767 Y-4.767 F9000 ; travel
G1 E+0.800 F3600 ; unretract
;infill
G1 X48.000 Y38.467 Einf F3600
G1 E-0.800 F9000 ; retract
G0 X2.504 Y-2.504 F9000 ; travel
G1 E+0.800 F3600 ; unretract
;infill
G1 X48.000 Y42.992 Einf F3600
G1 E-0.800 F9000 ; retract
G0 X0.241 Y-0.241 F9000 ; travel
G1 E+0.800 F3600 ; unretract
;infill
G1 X48.000 Y47.518 Einf F3600
G1 E-0.800 F9000 ; retract
G0 X-2.022 Y2.022 F9000 ; travel
G1 E+0.800 F3600 ; unretract
;infill
G1 X48.000 Y52.043 Einf F3600
G1 E-0.800 F9000 ; retract
G0 X-4.284 Y4.284 F9000 ; travel
G1 E+0.800 F3600 ; unretract
;infill
G1 X48.000 Y56.569 Einf F3600
G1 E-0.800 F9000 ; retract
G0 X-6.547 Y6.547 F9000 ; travel
G1 E+0.800 F3600 ; unretract
;infill
G1 X48.000 Y61.094 Einf F3600
G1 E-0.800 F9000 ; retract
G0 X-8.810 Y8.810 F9000 ; travel
G1 E+0.800 F3600 ; unretract
;infill
G1 X48.000 Y65.620 Einf F3600
G1 E-0.800 F9000 ; retract
G0 X-11.072 Y11.072 F9000 ; travel
G1 E+0.800 F3600 ; unretract
;infill
G1 X48.000 Y70.145 Einf F3600
G1 E-0.800 F9000 ; retract
G0 X-13.335 Y13.335 F9000 ; travel
G1 E+0.800 F3600 ; unretract
;infill
G1 X48.000 Y74.670 Einf F3600
G1 E-0.800 F9000 ; retract
G0 X-15.598 Y15.598 F9000 ; travel
G1 E+0.800 F3600 ; unretract
;infill
G1 X48.000 Y79.196 Einf F3600
G1 E-0.800 F9000 ; retract
G0 X-17.861 Y17.861 F9000 ; travel
G1 E+0.800 F3600 ; unretract
;infill
G1 X48.000 Y83.721 Einf F3600
G1 E-0.800 F9000 ; retract
G0 X-20.123 Y20.123 F9000 ; travel
G1 E+0.800 F3600 ; unretract
;infill
G1 X48.000 Y88.247 Einf F3600
G1 E-0.800 F9000 ; retract
G0 X-22.386 Y22.386 F9000 ; travel
G1 E+0.800 F3600 ; unretract
;infill
G1 X48.000 Y92.772 Einf F3600
;LAYER:26 ;Z:5.20
G1 Z5.20 F9000 ; move to layer
G92 E0 ; reset extruder at layer start
G1 E-0.800 F9000 ; retract
G0 X64.000 Y36.000 F9000 ; travel
G1 E+0.800 F3600 ; unretract
;perimeter
G1 X46.400 Y36.000 Einf F3600
G1 X36.000 Y36.000 Einf F3600
G1 X36.000 Y53.600 Einf F3600
G1 X36.000 Y64.000 Einf F3600
G1 X53.600 Y64.000 Einf F3600
G1 X64.000 Y64.000 Einf F3600
G1 X64.000 Y46.400 Einf F3600
G1 E-0.800 F9000 ; retract
G0 X63.520 Y36.480 F9000 ; travel
G1 E+0.800 F3600 ; unretract
;perimeter
G1 X46.400 Y36.480 Einf F3600
G1 X36.480 Y36.480 Einf F3600
G1 X36.480 Y53.600 Einf F3600
G1 X36.480 Y63.520 Einf F3600
G1 X53.600 Y63.520 Einf F3600
G1 X63.520 Y63.520 Einf F3600
G1 X63.520 Y46.400 Einf F3600
G1 E-0.800 F9000 ; retract
G0 X62.000 Y38.000 F9000 ; travel
G1 E+0.800 F3600 ; unretract
;perimeter
G1 X55.600 Y38.000 Einf F3600
G1 X38.000 Y38.000 Einf F3600
G1 X38.000 Y44.400 Einf F3600
G1 X38.000 Y62.000 Einf F3600
G1 X44.400 Y62.000 Einf F3600
G1 X62.000 Y62.000 Einf F3600
G1 X62.000 Y55.600 Einf F3600
G1 E-0.800 F9000 ; retract
G0 X61.520 Y38.480 F9000 ; travel
G1 E+0.800 F3600 ; unretract
;perimeter
G1 X55.600 Y38.480 Einf F3600
G1 X38.480 Y38.480 Einf F3600
G1 X38.480 Y44.400 Einf F3600
G1 X38.480 Y61.520 Einf F3600
G1 X44.400 Y61.520 Einf F3600
G1 X61.520 Y61.520 Einf F3600
G1 X61.520 Y55.600 Einf F3600
G1 E-0.800 F9000 ; retract
G0 X54.213 Y40.418 F9000 ; travel
G1 E+0.800 F3600 ; unretract
;perimeter
G1 X54.410 Y39.682 Einf F3600
G1 X61.791 Y39.682 Einf F3600
G1 X61.593 Y38.946 Einf F3600
G1 X61.497 Y39.063 Einf F3600
G1 X60.937 Y38.503 Einf F3600
G1 X54.379 Y38.503 Einf F3600
G1 X53.613 Y38.297 Einf F3600
G1 X53.613 Y38.297 Einf F3600
G1 E-0.800 F9000 ; retract
G0 X54.200 Y38.610 F9000 ; travel
G1 E+0.800 F3600 ; unretract
;perimeter
G1 X54.042 Y39.202 Einf F3600
G1 X61.165 Y39.202 Einf F3600
G1 X61.372 Y39.975 Einf F3600
G1 X61.533 Y39.778 Einf F3600
G1 X60.738 Y38.983 Einf F3600
G1 X54.316 Y38.983 Einf F3600
G1 X53.550 Y38.777 Einf F3600
G1 X54.248 Y38.777 Einf F3600
G1 E-0.800 F9000 ; retract
G0 X60.732 Y60.000 F9000 ; travel
G1 E+0.800 F3600 ; unretract
;perimeter
G1 X58771885065192425390080.000 Y18314939781459887656009728.000 Einf F3600
G1 X43.000 Y59.000 Einf F3600
G1 X42.732 Y60.000 Einf F3600
G1 X3522925.750 Y60.000 Einf F3600
G1 E-0.800 F9000 ; retract
G0 X57.268 Y60.000 F9000 ; travel
G1 E+0.800 F3600 ; unretract
;perimeter
G1 X0.000 Y70361966260224807403520.000 Einf F3600
G1 X42.924 Y57.268 Einf F3600
G1 E-0.800 F9000 ; retract
G0 X41.637 Y12610534259174616099152986112.000 F9000 ; travel
G1 E+0.800 F3600 ; unretract
;perimeter
G1 X48.000 Y0.000 Einf F3600
G1 X1.052 Y20817393298759286426678853632.000 Einf F3600
G1 E-0.800 F9000 ; retract
G0 X22.869 Y-22.869 F9000 ; travel
G1 E+0.800 F3600 ; unretract
;infill
G1 X48.000 Y2.263 Einf F3600
G1 E-0.800 F9000 ; retract
G0 X20.606 Y-20.606 F9000 ; travel
G1 E+0.800 F3600 ; unretract
;infill
G1 X48.000 Y6.788 Einf F3600
G1 E-0.800 F9000 ; retract
G0 X18.343 Y-18.343 F9000 ; travel
G1 E+0.800 F3600 ; unretract
;infill
G1 X48.000 Y11.314 Einf F3600
G1 E-0.800 F9000 ; retract
G0 X16.080 Y-16.080 F9000 ; travel
G1 E+0.800 F3600 ; unretract
;infill
G1 X48.000 Y15.839 Einf F3600
G1 E-0.800 F9000 ; retract
G0 X13.818 Y-13.818 F9000 ; travel
G1 E+0.800 F3600 ; unretract
;infill
G1 X48.000 Y20.365 Einf F3600
G1 E-0.800 F9000 ; retract
G0 X11.555 Y-11.555 F9000 ; travel
G1 E+0.800 F3600 ; unretract
;infill
G1 X48.000 Y24.890 Einf F3600
G1 E-0.800 F9000 ; retract
G0 X9.292 Y-9.292 F9000 ; travel
G1 E+0.800 F3600 ; unretract
;infill
G1 X48.000 Y29.416 Einf F3600
G1 E-0.800 F9000 ; retract
G0 X7.029 Y-7.029 F9000 ; travel
G1 E+0.800 F3600 ; unretract
;infill
G1 X48.000 Y33.941 Einf F3600
G1 E-0.800 F9000 ; retract
G0 X4.767 Y-4.767 F9000 ; travel
G1 E+0.800 F3600 ; unretract
;infill
G1 X48.000 Y38.467 Einf F3600
G1 E-0.800 F9000 ; retract
G0 X2.504 Y-2.504 F9000 ; travel
G1 E+0.800 F3600 ; unretract
;infill
G1 X48.000 Y42.992 Einf F3600
G1 E-0.800 F9000 ; retract
G0 X0.241 Y-0.241 F9000 ; travel
G1 E+0.800 F3600 ; unretract
;infill
G1 X48.000 Y47.518 Einf F3600
G1 E-0.800 F9000 ; retract
G0 X-2.022 Y2.022 F9000 ; travel
G1 E+0.800 F3600 ; unretract
;infill
G1 X48.000 Y52.043 Einf F3600
G1 E-0.800 F9000 ; retract
G0 X-4.284 Y4.284 F9000 ; travel
G1 E+0.800 F3600 ; unretract
;infill
G1 X48.000 Y56.569 Einf F3600
G1 E-0.800 F9000 ; retract
G0 X-6.547 Y6.547 F9000 ; travel
G1 E+0.800 F3600 ; unretract
;infill
G1 X48.000 Y61.094 Einf F3600
G1 E-0.800 F9000 ; retract
G0 X-8.810 Y8.810 F9000 ; travel
G1 E+0.800 F3600 ; unretract
;infill
G1 X48.000 Y65.620 Einf F3600
G1 E-0.800 F9000 ; retract
G0 X-11.072 Y11.072 F9000 ; travel
G1 E+0.800 F3600 ; unretract
;infill
G1 X48.000 Y70.145 Einf F3600
G1 E-0.800 F9000 ; retract
G0 X-13.335 Y13.335 F9000 ; travel
G1 E+0.800 F3600 ; unretract
;infill
G1 X48.000 Y74.670 Einf F3600
G1 E-0.800 F9000 ; retract
G0 X-15.598 Y15.598 F9000 ; travel
G1 E+0.800 F3600 ; unretract
;infill
G1 X48.000 Y79.196 Einf F3600
G1 E-0.800 F9000 ; retract
G0 X-17.861 Y17.861 F9000 ; travel
G1 E+0.800 F3600 ; unretract
;infill
G1 X48.000 Y83.721 Einf F3600
G1 E-0.800 F9000 ; retract
G0 X-20.123 Y20.123 F9000 ; travel
G1 E+0.800 F3600 ; unretract
;infill
G1 X48.000 Y88.247 Einf F3600
G1 E-0.800 F9000 ; retract
G0 X-22.386 Y22.386 F9000 ; travel
G1 E+0.800 F3600 ; unretract
;infill
G1 X48.000 Y92.772 Einf F3600
;LAYER:27 ;Z:5.40
G1 Z5.40 F9000 ; move to layer
G92 E0 ; reset extruder at layer start
G1 E-0.800 F9000 ; retract
G0 X64.000 Y36.000 F9000 ; travel
G1 E+0.800 F3600 ; unretract
;perimeter
G1 X46.800 Y36.000 Einf F3600
G1 X36.000 Y36.000 Einf F3600
G1 X36.000 Y53.200 Einf F3600
G1 X36.000 Y64.000 Einf F3600
G1 X53.200 Y64.000 Einf F3600
G1 X64.000 Y64.000 Einf F3600
G1 X64.000 Y46.800 Einf F3600
G1 E-0.800 F9000 ; retract
G0 X63.520 Y36.480 F9000 ; travel
G1 E+0.800 F3600 ; unretract
;perimeter
G1 X46.800 Y36.480 Einf F3600
G1 X36.480 Y36.480 Einf F3600
G1 X36.480 Y53.200 Einf F3600
G1 X36.480 Y63.520 Einf F3600
G1 X53.200 Y63.520 Einf F3600
G1 X63.520 Y63.520 Einf F3600
G1 X63.520 Y46.800 Einf F3600
G1 E-0.800 F9000 ; retract
G0 X62.000 Y38.000 F9000 ; travel
G1 E+0.800 F3600 ; unretract
;perimeter
G1 X55.200 Y38.000 Einf F3600
G1 X38.000 Y38.000 Einf F3600
G1 X38.000 Y44.800 Einf F3600
G1 X38.000 Y62.000 Einf F3600
G1 X44.800 Y62.000 Einf F3600
G1 X62.000 Y62.000 Einf F3600
G1 X62.000 Y55.200 Einf F3600
G1 E-0.800 F9000 ; retract
G0 X61.520 Y38.480 F9000 ; travel
G1 E+0.800 F3600 ; unretract
;perimeter
G1 X55.200 Y38.480 Einf F3600
G1 X38.480 Y38.480 Einf F3600
G1 X38.480 Y44.800 Einf F3600
G1 X38.480 Y61.520 Einf F3600
G1 X44.800 Y61.520 Einf F3600
G1 X61.520 Y61.520 Einf F3600
G1 X61.520 Y55.200 Einf F3600
G1 E-0.800 F9000 ; retract
G0 X53.799 Y40.318 F9000 ; travel
G1 E+0.800 F3600 ; unretract
;perimeter
G1 X53.992 Y39.598 Einf F3600
G1 X61.841 Y39.598 Einf F3600
G1 X61.648 Y38.879 Einf F3600
G1 X61.546 Y39.004 Einf F3600
G1 X61.546 Y39.004 Einf F3600
G1 E-0.800 F9000 ; retract
G0 X53.142 Y40.916 F9000 ; travel
G1 E+0.800 F3600 ; unretract
;perimeter
G1 X53.623 Y39.118 Einf F3600
G1 X61.215 Y39.118 Einf F3600
G1 X61.427 Y39.908 Einf F3600
G1 X62.026 Y39.175 Einf F3600
G1 X62.026 Y39.409 Einf F3600
G1 E-0.800 F9000 ; retract
G0 X60.732 Y60.000 F9000 ; travel
G1 E+0.800 F3600 ; unretract
;perimeter
G1 X58771885065192425390080.000 Y18314939781459887656009728.000 Einf F3600
G1 X43.000 Y59.000 Einf F3600
G1 X42.732 Y60.000 Einf F3600
G1 X3746600.500 Y60.000 Einf F3600
G1 E-0.800 F9000 ; retract
G0 X57.268 Y60.000 F9000 ; travel
G1 E+0.800 F3600 ; unretract
;perimeter
G1 X0.000 Y70361966260224807403520.000 Einf F3600
G1 X43.109 Y57.268 Einf F3600
G1 E-0.800 F9000 ; retract
G0 X41.677 Y13411203232203819423256018944.000 F9000 ; travel
G1 E+0.800 F3600 ; unretract
;perimeter
G1 X48.000 Y0.000 Einf F3600
G1 X1.092 Y21618061091196869033370583040.000 Einf F3600
G1 E-0.800 F9000 ; retract
G0 X22.869 Y-22.869 F9000 ; travel
G1 E+0.800 F3600 ; unretract
;infill
G1 X48.000 Y2.263 Einf F3600
G1 E-0.800 F9000 ; retract
G0 X20.606 Y-20.606 F9000 ; travel
G1 E+0.800 F3600 ; unretract
;infill
G1 X48.000 Y6.788 Einf F3600
G1 E-0.800 F9000 ; retract
G0 X18.343 Y-18.343 F9000 ; travel
G1 E+0.800 F3600 ; unretract
;infill
G1 X48.000 Y11.314 Einf F3600
G1 E-0.800 F9000 ; retract
G0 X16.080 Y-16.080 F9000 ; travel
G1 E+0.800 F3600 ; unretract
;infill
G1 X48.000 Y15.839 Einf F3600
G1 E-0.800 F9000 ; retract
G0 X13.818 Y-13.818 F9000 ; travel
G1 E+0.800 F3600 ; unretract
;infill
G1 X48.000 Y20.365 Einf F3600
G1 E-0.800 F9000 ; retract
G0 X11.555 Y-11.555 F9000 ; travel
G1 E+0.800 F3600 ; unretract
;infill
G1 X48.000 Y24.890 Einf F3600
G1 E-0.800 F9000 ; retract
G0 X9.292 Y-9.292 F9000 ; travel
G1 E+0.800 F3600 ; unretract
;infill
G1 X48.000 Y29.416 Einf F3600
G1 E-0.800 F9000 ; retract
G0 X7.029 Y-7.029 F9000 ; travel
G1 E+0.800 F3600 ; unretract
;infill
G1 X48.000 Y33.941 Einf F3600
G1 E-0.800 F9000 ; retract
G0 X4.767 Y-4.767 F9000 ; travel
G1 E+0.800 F3600 ; unretract
;infill
G1 X48.000 Y38.467 Einf F3600
G1 E-0.800 F9000 ; retract
G0 X2.504 Y-2.504 F9000 ; travel
G1 E+0.800 F3600 ; unretract
;infill
G1 X48.000 Y42.992 Einf F3600
G1 E-0.800 F9000 ; retract
G0 X0.241 Y-0.241 F9000 ; travel
G1 E+0.800 F3600 ; unretract
;infill
G1 X48.000 Y47.518 Einf F3600
G1 E-0.800 F9000 ; retract
G0 X-2.022 Y2.022 F9000 ; travel
G1 E+0.800 F3600 ; unretract
;infill
G1 X48.000 Y52.043 Einf F3600
G1 E-0.800 F9000 ; retract
G0 X-4.284 Y4.284 F9000 ; travel
G1 E+0.800 F3600 ; unretract
;infill
G1 X48.000 Y56.569 Einf F3600
G1 E-0.800 F9000 ; retract
G0 X-6.547 Y6.547 F9000 ; travel
G1 E+0.800 F3600 ; unretract
;infill
G1 X48.000 Y61.094 Einf F3600
G1 E-0.800 F9000 ; retract
G0 X-8.810 Y8.810 F9000 ; travel
G1 E+0.800 F3600 ; unretract
;infill
G1 X48.000 Y65.620 Einf F3600
G1 E-0.800 F9000 ; retract
G0 X-11.072 Y11.072 F9000 ; travel
G1 E+0.800 F3600 ; unretract
;infill
G1 X48.000 Y70.145 Einf F3600
G1 E-0.800 F9000 ; retract
G0 X-13.335 Y13.335 F9000 ; travel
G1 E+0.800 F3600 ; unretract
;infill
G1 X48.000 Y74.670 Einf F3600
G1 E-0.800 F9000 ; retract
G0 X-15.598 Y15.598 F9000 ; travel
G1 E+0.800 F3600 ; unretract
;infill
G1 X48.000 Y79.196 Einf F3600
G1 E-0.800 F9000 ; retract
G0 X-17.861 Y17.861 F9000 ; travel
G1 E+0.800 F3600 ; unretract
;infill
G1 X48.000 Y83.721 Einf F3600
G1 E-0.800 F9000 ; retract
G0 X-20.123 Y20.123 F9000 ; travel
G1 E+0.800 F3600 ; unretract
;infill
G1 X48.000 Y88.247 Einf F3600
G1 E-0.800 F9000 ; retract
G0 X-22.386 Y22.386 F9000 ; travel
G1 E+0.800 F3600 ; unretract
;infill
G1 X48.000 Y92.772 Einf F3600
;LAYER:28 ;Z:5.60
G1 Z5.60 F9000 ; move to layer
G92 E0 ; reset extruder at layer start
G1 E-0.800 F9000 ; retract
G0 X64.000 Y36.000 F9000 ; travel
G1 E+0.800 F3600 ; unretract
;perimeter
G1 X47.200 Y36.000 Einf F3600
G1 X36.000 Y36.000 Einf F3600
G1 X36.000 Y52.800 Einf F3600
G1 X36.000 Y64.000 Einf F3600
G1 X52.800 Y64.000 Einf F3600
G1 X64.000 Y64.000 Einf F3600
G1 X64.000 Y47.200 Einf F3600
G1 E-0.800 F9000 ; retract
G0 X63.520 Y36.480 F9000 ; travel
G1 E+0.800 F3600 ; unretract
;perimeter
G1 X47.200 Y36.480 Einf F3600
G1 X36.480 Y36.480 Einf F3600
G1 X36.480 Y52.800 Einf F3600
G1 X36.480 Y63.520 Einf F3600
G1 X52.800 Y63.520 Einf F3600
G1 X63.520 Y63.520 Einf F3600
G1 X63.520 Y47.200 Einf F3600
G1 E-0.800 F9000 ; retract
G0 X62.000 Y38.000 F9000 ; travel
G1 E+0.800 F3600 ; unretract
;perimeter
G1 X54.800 Y38.000 Einf F3600
G1 X38.000 Y38.000 Einf F3600
G1 X38.000 Y45.200 Einf F3600
G1 X38.000 Y62.000 Einf F3600
G1 X45.200 Y62.000 Einf F3600
G1 X62.000 Y62.000 Einf F3600
G1 X62.000 Y54.800 Einf F3600
G1 E-0.800 F9000 ; retract
G0 X61.520 Y38.480 F9000 ; travel
G1 E+0.800 F3600 ; unretract
;perimeter
G1 X54.800 Y38.480 Einf F3600
G1 X38.480 Y38.480 Einf F3600
G1 X38.480 Y45.200 Einf F3600
G1 X38.480 Y61.520 Einf F3600
G1 X45.200 Y61.520 Einf F3600
G1 X61.520 Y61.520 Einf F3600
G1 X61.520 Y54.800 Einf F3600
G1 E-0.800 F9000 ; retract
G0 X53.385 Y40.218 F9000 ; travel
G1 E+0.800 F3600 ; unretract
;perimeter
G1 X53.573 Y39.515 Einf F3600
G1 X61.891 Y39.515 Einf F3600
G1 X61.703 Y38.812 Einf F3600
G1 X61.595 Y38.944 Einf F3600
G1 X61.056 Y38.405 Einf F3600
G1 X53.665 Y38.405 Einf F3600
G1 X52.929 Y38.208 Einf F3600
G1 X52.167 Y38.109 Einf F3600
G1 X51.464 Y38.297 Einf F3600
G1 X59.584 Y45.796 Einf F3600
G1 X59.584 Y45.796 Einf F3600
G1 E-0.800 F9000 ; retract
G0 X60.732 Y60.000 F9000 ; travel
G1 E+0.800 F3600 ; unretract
;perimeter
G1 X58771885065192425390080.000 Y18314939781459887656009728.000 Einf F3600
G1 X43.000 Y59.000 Einf F3600
G1 X42.732 Y60.000 Einf F3600
G1 X3970275.250 Y60.000 Einf F3600
G1 E-0.800 F9000 ; retract
G0 X57.268 Y60.000 F9000 ; travel
G1 E+0.800 F3600 ; unretract
;perimeter
G1 X0.000 Y70361966260224807403520.000 Einf F3600
G1 X43.295 Y57.268 Einf F3600
G1 E-0.800 F9000 ; retract
G0 X41.718 Y14211871024641402029947748352.000 F9000 ; travel
G1 E+0.800 F3600 ; unretract
;perimeter
G1 X48.000 Y0.000 Einf F3600
G1 X1.132 Y22418726522451210205239705600.000 Einf F3600
G1 E-0.800 F9000 ; retract
G0 X22.869 Y-22.869 F9000 ; travel
G1 E+0.800 F3600 ; unretract
;infill
G1 X48.000 Y2.263 Einf F3600
G1 E-0.800 F9000 ; retract
G0 X20.606 Y-20.606 F9000 ; travel
G1 E+0.800 F3600 ; unretract
;infill
G1 X48.000 Y6.788 Einf F3600
G1 E-0.800 F9000 ; retract
G0 X18.343 Y-18.343 F9000 ; travel
G1 E+0.800 F3600 ; unretract
;infill
G1 X48.000 Y11.314 Einf F3600
G1 E-0.800 F9000 ; retract
G0 X16.080 Y-16.080 F9000 ; travel
G1 E+0.800 F3600 ; unretract
;infill
G1 X48.000 Y15.839 Einf F3600
G1 E-0.800 F9000 ; retract
G0 X13.818 Y-13.818 F9000 ; travel
G1 E+0.800 F3600 ; unretract
;infill
G1 X48.000 Y20.365 Einf F3600
G1 E-0.800 F9000 ; retract
G0 X11.555 Y-11.555 F9000 ; travel
G1 E+0.800 F3600 ; unretract
;infill
G1 X48.000 Y24.890 Einf F3600
G1 E-0.800 F9000 ; retract
G0 X9.292 Y-9.292 F9000 ; travel
G1 E+0.800 F3600 ; unretract
;infill
G1 X48.000 Y29.416 Einf F3600
G1 E-0.800 F9000 ; retract
G0 X7.029 Y-7.029 F9000 ; travel
G1 E+0.800 F3600 ; unretract
;infill
G1 X48.000 Y33.941 Einf F3600
G1 E-0.800 F9000 ; retract
G0 X4.767 Y-4.767 F9000 ; travel
G1 E+0.800 F3600 ; unretract
;infill
G1 X48.000 Y38.467 Einf F3600
G1 E-0.800 F9000 ; retract
G0 X2.504 Y-2.504 F9000 ; travel
G1 E+0.800 F3600 ; unretract
;infill
G1 X48.000 Y42.992 Einf F3600
G1 E-0.800 F9000 ; retract
G0 X0.241 Y-0.241 F9000 ; travel
G1 E+0.800 F3600 ; unretract
;infill
G1 X48.000 Y47.518 Einf F3600
G1 E-0.800 F9000 ; retract
G0 X-2.022 Y2.022 F9000 ; travel
G1 E+0.800 F3600 ; unretract
;infill
G1 X48.000 Y52.043 Einf F3600
G1 E-0.800 F9000 ; retract
G0 X-4.284 Y4.284 F9000 ; travel
G1 E+0.800 F3600 ; unretract
;infill
G1 X48.000 Y56.569 Einf F3600
G1 E-0.800 F9000 ; retract
G0 X-6.547 Y6.547 F9000 ; travel
G1 E+0.800 F3600 ; unretract
;infill
G1 X48.000 Y61.094 Einf F3600
G1 E-0.800 F9000 ; retract
G0 X-8.810 Y8.810 F9000 ; travel
G1 E+0.800 F3600 ; unretract
;infill
G1 X48.000 Y65.620 Einf F3600
G1 E-0.800 F9000 ; retract
G0 X-11.072 Y11.072 F9000 ; travel
G1 E+0.800 F3600 ; unretract
;infill
G1 X48.000 Y70.145 Einf F3600
G1 E-0.800 F9000 ; retract
G0 X-13.335 Y13.335 F9000 ; travel
G1 E+0.800 F3600 ; unretract
;infill
G1 X48.000 Y74.670 Einf F3600
G1 E-0.800 F9000 ; retract
G0 X-15.598 Y15.598 F9000 ; travel
G1 E+0.800 F3600 ; unretract
;infill
G1 X48.000 Y79.196 Einf F3600
G1 E-0.800 F9000 ; retract
G0 X-17.861 Y17.861 F9000 ; travel
G1 E+0.800 F3600 ; unretract
;infill
G1 X48.000 Y83.721 Einf F3600
G1 E-0.800 F9000 ; retract
G0 X-20.123 Y20.123 F9000 ; travel
G1 E+0.800 F3600 ; unretract
;infill
G1 X48.000 Y88.247 Einf F3600
G1 E-0.800 F9000 ; retract
G0 X-22.386 Y22.386 F9000 ; travel
G1 E+0.800 F3600 ; unretract
;infill
G1 X48.000 Y92.772 Einf F3600
;LAYER:29 ;Z:5.80
G1 Z5.80 F9000 ; move to layer
G92 E0 ; reset extruder at layer start
G1 E-0.800 F9000 ; retract
G0 X64.000 Y36.000 F9000 ; travel
G1 E+0.800 F3600 ; unretract
;perimeter
G1 X47.600 Y36.000 Einf F3600
G1 X36.000 Y36.000 Einf F3600
G1 X36.000 Y52.400 Einf F3600
G1 X36.000 Y64.000 Einf F3600
G1 X52.400 Y64.000 Einf F3600
G1 X64.000 Y64.000 Einf F3600
G1 X64.000 Y47.600 Einf F3600
G1 E-0.800 F9000 ; retract
G0 X63.520 Y36.480 F9000 ; travel
G1 E+0.800 F3600 ; unretract
;perimeter
G1 X47.600 Y36.480 Einf F3600
G1 X36.480 Y36.480 Einf F3600
G1 X36.480 Y52.400 Einf F3600
G1 X36.480 Y63.520 Einf F3600
G1 X52.400 Y63.520 Einf F3600
G1 X63.520 Y63.520 Einf F3600
G1 X63.520 Y47.600 Einf F3600
G1 E-0.800 F9000 ; retract
G0 X62.000 Y38.000 F9000 ; travel
G1 E+0.800 F3600 ; unretract
;perimeter
G1 X54.400 Y38.000 Einf F3600
G1 X38.000 Y38.000 Einf F3600
G1 X38.000 Y45.600 Einf F3600
G1 X38.000 Y62.000 Einf F3600
G1 X45.600 Y62.000 Einf F3600
G1 X62.000 Y62.000 Einf F3600
G1 X62.000 Y54.400 Einf F3600
G1 E-0.800 F9000 ; retract
G0 X61.520 Y38.480 F9000 ; travel
G1 E+0.800 F3600 ; unretract
;perimeter
G1 X54.400 Y38.480 Einf F3600
G1 X38.480 Y38.480 Einf F3600
G1 X38.480 Y45.600 Einf F3600
G1 X38.480 Y61.520 Einf F3600
G1 X45.600 Y61.520 Einf F3600
G1 X61.520 Y61.520 Einf F3600
G1 X61.520 Y54.400 Einf F3600
G1 E-0.800 F9000 ; retract
G0 X52.971 Y40.117 F9000 ; travel
G1 E+0.800 F3600 ; unretract
;perimeter
G1 X53.155 Y39.431 Einf F3600
G1 X61.941 Y39.431 Einf F3600
G1 X61.758 Y38.745 Einf F3600
G1 X61.643 Y38.885 Einf F3600
G1 X61.115 Y38.357 Einf F3600
G1 X53.309 Y38.357 Einf F3600
G1 X52.587 Y38.164 Einf F3600
G1 X51.782 Y38.059 Einf F3600
G1 X51.096 Y38.242 Einf F3600
G1 X59.673 Y46.164 Einf F3600
G1 X59.145 Y46.691 Einf F3600
G1 X51.338 Y46.691 Einf F3600
G1 X51.145 Y47.413 Einf F3600
G1 X51.145 Y39.606 Einf F3600
G1 X51.338 Y40.327 Einf F3600
G1 X59.145 Y40.327 Einf F3600
G1 X59.673 Y40.855 Einf F3600
G1 X51.096 Y49.406 Einf F3600
G1 X51.782 Y49.590 Einf F3600
G1 X60.569 Y49.590 Einf F3600
G1 X61.255 Y49.406 Einf F3600
G1 X61.255 Y40.619 Einf F3600
G1 X61.758 Y40.117 Einf F3600
G1 E-0.800 F9000 ; retract
G0 X60.732 Y60.000 F9000 ; travel
G1 E+0.800 F3600 ; unretract
;perimeter
G1 X58771885065192425390080.000 Y18314939781459887656009728.000 Einf F3600
G1 X43.000 Y59.000 Einf F3600
G1 X42.732 Y60.000 Einf F3600
G1 X4193950.750 Y60.000 Einf F3600
G1 E-0.800 F9000 ; retract
G0 X57.268 Y60.000 F9000 ; travel
G1 E+0.800 F3600 ; unretract
;perimeter
G1 X0.000 Y70361966260224807403520.000 Einf F3600
G1 X43.481 Y57.268 Einf F3600
G1 E-0.800 F9000 ; retract
G0 X41.758 Y15012541178262226071462084608.000 F9000 ; travel
G1 E+0.800 F3600 ; unretract
;perimeter
G1 X48.000 Y0.000 Einf F3600
G1 X1.173 Y23219396676072034246754041856.000 Einf F3600
G1 E-0.800 F9000 ; retract
G0 X22.869 Y-22.869 F9000 ; travel
G1 E+0.800 F3600 ; unretract
;infill
G1 X48.000 Y2.263 Einf F3600
G1 E-0.800 F9000 ; retract
G0 X20.606 Y-20.606 F9000 ; travel
G1 E+0.800 F3600 ; unretract
;infill
G1 X48.000 Y6.788 Einf F3600
G1 E-0.800 F9000 ; retract
G0 X18.343 Y-18.343 F9000 ; travel
G1 E+0.800 F3600 ; unretract
;infill
G1 X48.000 Y11.314 Einf F3600
G1 E-0.800 F9000 ; retract
G0 X16.080 Y-16.080 F9000 ; travel
G1 E+0.800 F3600 ; unretract
;infill
G1 X48.000 Y15.839 Einf F3600
G1 E-0.800 F9000 ; retract
G0 X13.818 Y-13.818 F9000 ; travel
G1 E+0.800 F3600 ; unretract
;infill
G1 X48.000 Y20.365 Einf F3600
G1 E-0.800 F9000 ; retract
G0 X11.555 Y-11.555 F9000 ; travel
G1 E+0.800 F3600 ; unretract
;infill
G1 X48.000 Y24.890 Einf F3600
G1 E-0.800 F9000 ; retract
G0 X9.292 Y-9.292 F9000 ; travel
G1 E+0.800 F3600 ; unretract
;infill
G1 X48.000 Y29.416 Einf F3600
G1 E-0.800 F9000 ; retract
G0 X7.029 Y-7.029 F9000 ; travel
G1 E+0.800 F3600 ; unretract
;infill
G1 X48.000 Y33.941 Einf F3600
G1 E-0.800 F9000 ; retract
G0 X4.767 Y-4.767 F9000 ; travel
G1 E+0.800 F3600 ; unretract
;infill
G1 X48.000 Y38.467 Einf F3600
G1 E-0.800 F9000 ; retract
G0 X2.504 Y-2.504 F9000 ; travel
G1 E+0.800 F3600 ; unretract
;infill
G1 X48.000 Y42.992 Einf F3600
G1 E-0.800 F9000 ; retract
G0 X0.241 Y-0.241 F9000 ; travel
G1 E+0.800 F3600 ; unretract
;infill
G1 X48.000 Y47.518 Einf F3600
G1 E-0.800 F9000 ; retract
G0 X-2.022 Y2.022 F9000 ; travel
G1 E+0.800 F3600 ; unretract
;infill
G1 X48.000 Y52.043 Einf F3600
G1 E-0.800 F9000 ; retract
G0 X-4.284 Y4.284 F9000 ; travel
G1 E+0.800 F3600 ; unretract
;infill
G1 X48.000 Y56.569 Einf F3600
G1 E-0.800 F9000 ; retract
G0 X-6.547 Y6.547 F9000 ; travel
G1 E+0.800 F3600 ; unretract
;infill
G1 X48.000 Y61.094 Einf F3600
G1 E-0.800 F9000 ; retract
G0 X-8.810 Y8.810 F9000 ; travel
G1 E+0.800 F3600 ; unretract
;infill
G1 X48.000 Y65.620 Einf F3600
G1 E-0.800 F9000 ; retract
G0 X-11.072 Y11.072 F9000 ; travel
G1 E+0.800 F3600 ; unretract
;infill
G1 X48.000 Y70.145 Einf F3600
G1 E-0.800 F9000 ; retract
G0 X-13.335 Y13.335 F9000 ; travel
G1 E+0.800 F3600 ; unretract
;infill
G1 X48.000 Y74.670 Einf F3600
G1 E-0.800 F9000 ; retract
G0 X-15.598 Y15.598 F9000 ; travel
G1 E+0.800 F3600 ; unretract
;infill
G1 X48.000 Y79.196 Einf F3600
G1 E-0.800 F9000 ; retract
G0 X-17.861 Y17.861 F9000 ; travel
G1 E+0.800 F3600 ; unretract
;infill
G1 X48.000 Y83.721 Einf F3600
G1 E-0.800 F9000 ; retract
G0 X-20.123 Y20.123 F9000 ; travel
G1 E+0.800 F3600 ; unretract
;infill
G1 X48.000 Y88.247 Einf F3600
G1 E-0.800 F9000 ; retract
G0 X-22.386 Y22.386 F9000 ; travel
G1 E+0.800 F3600 ; unretract
;infill
G1 X48.000 Y92.772 Einf F3600
;LAYER:30 ;Z:6.00
G1 Z6.00 F9000 ; move to layer
G92 E0 ; reset extruder at layer start
G1 E-0.800 F9000 ; retract
G0 X64.000 Y36.000 F9000 ; travel
G1 E+0.800 F3600 ; unretract
;perimeter
G1 X48.000 Y36.000 Einf F3600
G1 X36.000 Y36.000 Einf F3600
G1 X36.000 Y52.000 Einf F3600
G1 X36.000 Y64.000 Einf F3600
G1 X52.000 Y64.000 Einf F3600
G1 X64.000 Y64.000 Einf F3600
G1 X64.000 Y48.000 Einf F3600
G1 E-0.800 F9000 ; retract
G0 X63.520 Y36.480 F9000 ; travel
G1 E+0.800 F3600 ; unretract
;perimeter
G1 X48.000 Y36.480 Einf F3600
G1 X36.480 Y36.480 Einf F3600
G1 X36.480 Y52.000 Einf F3600
G1 X36.480 Y63.520 Einf F3600
G1 X52.000 Y63.520 Einf F3600
G1 X63.520 Y63.520 Einf F3600
G1 X63.520 Y48.000 Einf F3600
G1 E-0.800 F9000 ; retract
G0 X62.000 Y38.000 F9000 ; travel
G1 E+0.800 F3600 ; unretract
;perimeter
G1 X54.000 Y38.000 Einf F3600
G1 X38.000 Y38.000 Einf F3600
G1 X38.000 Y46.000 Einf F3600
G1 X38.000 Y62.000 Einf F3600
G1 X46.000 Y62.000 Einf F3600
G1 X62.000 Y62.000 Einf F3600
G1 X62.000 Y54.000 Einf F3600
G1 E-0.800 F9000 ; retract
G0 X61.520 Y38.480 F9000 ; travel
G1 E+0.800 F3600 ; unretract
;perimeter
G1 X54.000 Y38.480 Einf F3600
G1 X38.480 Y38.480 Einf F3600
G1 X38.480 Y46.000 Einf F3600
G1 X38.480 Y61.520 Einf F3600
G1 X46.000 Y61.520 Einf F3600
G1 X61.520 Y61.520 Einf F3600
G1 X61.520 Y54.000 Einf F3600
G1 E-0.800 F9000 ; retract
G0 X60.732 Y60.000 F9000 ; travel
G1 E+0.800 F3600 ; unretract
;perimeter
G1 X58771885065192425390080.000 Y18314939781459887656009728.000 Einf F3600
G1 X43.000 Y59.000 Einf F3600
G1 X42.732 Y60.000 Einf F3600
G1 X4417625.500 Y60.000 Einf F3600
G1 E-0.800 F9000 ; retract
G0 X57.268 Y60.000 F9000 ; travel
G1 E+0.800 F3600 ; unretract
;perimeter
G1 X0.000 Y70361966260224807403520.000 Einf F3600
G1 X43.666 Y57.268 Einf F3600
G1 E-0.800 F9000 ; retract
G0 X41.799 Y15813210151291429395565117440.000 F9000 ; travel
G1 E+0.800 F3600 ; unretract
;perimeter
G1 X48.000 Y0.000 Einf F3600
G1 X1.213 Y24020066829692858288268378112.000 Einf F3600
G1 E-0.800 F9000 ; retract
G0 X22.869 Y-22.869 F9000 ; travel
G1 E+0.800 F3600 ; unretract
;infill
G1 X48.000 Y2.263 Einf F3600
G1 E-0.800 F9000 ; retract
G0 X20.606 Y-20.606 F9000 ; travel
G1 E+0.800 F3600 ; unretract
;infill
G1 X48.000 Y6.788 Einf F3600
G1 E-0.800 F9000 ; retract
G0 X18.343 Y-18.343 F9000 ; travel
G1 E+0.800 F3600 ; unretract
;infill
G1 X48.000 Y11.314 Einf F3600
G1 E-0.800 F9000 ; retract
G0 X16.080 Y-16.080 F9000 ; travel
G1 E+0.800 F3600 ; unretract
;infill
G1 X48.000 Y15.839 Einf F3600
G1 E-0.800 F9000 ; retract
G0 X13.818 Y-13.818 F9000 ; travel
G1 E+0.800 F3600 ; unretract
;infill
G1 X48.000 Y20.365 Einf F3600
G1 E-0.800 F9000 ; retract
G0 X11.555 Y-11.555 F9000 ; travel
G1 E+0.800 F3600 ; unretract
;infill
G1 X48.000 Y24.890 Einf F3600
G1 E-0.800 F9000 ; retract
G0 X9.292 Y-9.292 F9000 ; travel
G1 E+0.800 F3600 ; unretract
;infill
G1 X48.000 Y29.416 Einf F3600
G1 E-0.800 F9000 ; retract
G0 X7.029 Y-7.029 F9000 ; travel
G1 E+0.800 F3600 ; unretract
;infill
G1 X48.000 Y33.941 Einf F3600
G1 E-0.800 F9000 ; retract
G0 X4.767 Y-4.767 F9000 ; travel
G1 E+0.800 F3600 ; unretract
;infill
G1 X48.000 Y38.467 Einf F3600
G1 E-0.800 F9000 ; retract
G0 X2.504 Y-2.504 F9000 ; travel
G1 E+0.800 F3600 ; unretract
;infill
G1 X48.000 Y42.992 Einf F3600
G1 E-0.800 F9000 ; retract
G0 X0.241 Y-0.241 F9000 ; travel
G1 E+0.800 F3600 ; unretract
;infill
G1 X48.000 Y47.518 Einf F3600
G1 E-0.800 F9000 ; retract
G0 X-2.022 Y2.022 F9000 ; travel
G1 E+0.800 F3600 ; unretract
;infill
G1 X48.000 Y52.043 Einf F3600
G1 E-0.800 F9000 ; retract
G0 X-4.284 Y4.284 F9000 ; travel
G1 E+0.800 F3600 ; unretract
;infill
G1 X48.000 Y56.569 Einf F3600
G1 E-0.800 F9000 ; retract
G0 X-6.547 Y6.547 F9000 ; travel
G1 E+0.800 F3600 ; unretract
;infill
G1 X48.000 Y61.094 Einf F3600
G1 E-0.800 F9000 ; retract
G0 X-8.810 Y8.810 F9000 ; travel
G1 E+0.800 F3600 ; unretract
;infill
G1 X48.000 Y65.620 Einf F3600
G1 E-0.800 F9000 ; retract
G0 X-11.072 Y11.072 F9000 ; travel
G1 E+0.800 F3600 ; unretract
;infill
G1 X48.000 Y70.145 Einf F3600
G1 E-0.800 F9000 ; retract
G0 X-13.335 Y13.335 F9000 ; travel
G1 E+0.800 F3600 ; unretract
;infill
G1 X48.000 Y74.670 Einf F3600
G1 E-0.800 F9000 ; retract
G0 X-15.598 Y15.598 F9000 ; travel
G1 E+0.800 F3600 ; unretract
;infill
G1 X48.000 Y79.196 Einf F3600
G1 E-0.800 F9000 ; retract
G0 X-17.861 Y17.861 F9000 ; travel
G1 E+0.800 F3600 ; unretract
;infill
G1 X48.000 Y83.721 Einf F3600
G1 E-0.800 F9000 ; retract
G0 X-20.123 Y20.123 F9000 ; travel
G1 E+0.800 F3600 ; unretract
;infill
G1 X48.000 Y88.247 Einf F3600
G1 E-0.800 F9000 ; retract
G0 X-22.386 Y22.386 F9000 ; travel
G1 E+0.800 F3600 ; unretract
;infill
G1 X48.000 Y92.772 Einf F3600
;LAYER:31 ;Z:6.20
G1 Z6.20 F9000 ; move to layer
G92 E0 ; reset extruder at layer start
G1 E-0.800 F9000 ; retract
G0 X64.000 Y36.000 F9000 ; travel
G1 E+0.800 F3600 ; unretract
;perimeter
G1 X48.400 Y36.000 Einf F3600
G1 X36.000 Y36.000 Einf F3600
G1 X36.000 Y51.600 Einf F3600
G1 X36.000 Y64.000 Einf F3600
G1 X51.600 Y64.000 Einf F3600
G1 X64.000 Y64.000 Einf F3600
G1 X64.000 Y48.400 Einf F3600
G1 E-0.800 F9000 ; retract
G0 X63.520 Y36.480 F9000 ; travel
G1 E+0.800 F3600 ; unretract
;perimeter
G1 X48.400 Y36.480 Einf F3600
G1 X36.480 Y36.480 Einf F3600
G1 X36.480 Y51.600 Einf F3600
G1 X36.480 Y63.520 Einf F3600
G1 X51.600 Y63.520 Einf F3600
G1 X63.520 Y63.520 Einf F3600
G1 X63.520 Y48.400 Einf F3600
G1 E-0.800 F9000 ; retract
G0 X62.000 Y38.000 F9000 ; travel
G1 E+0.800 F3600 ; unretract
;perimeter
G1 X53.600 Y38.000 Einf F3600
G1 X38.000 Y38.000 Einf F3600
G1 X38.000 Y46.400 Einf F3600
G1 X38.000 Y62.000 Einf F3600
G1 X46.400 Y62.000 Einf F3600
G1 X62.000 Y62.000 Einf F3600
G1 X62.000 Y53.600 Einf F3600
G1 E-0.800 F9000 ; retract
G0 X61.520 Y38.480 F9000 ; travel
G1 E+0.800 F3600 ; unretract
;perimeter
G1 X53.600 Y38.480 Einf F3600
G1 X38.480 Y38.480 Einf F3600
G1 X38.480 Y46.400 Einf F3600
G1 X38.480 Y61.520 Einf F3600
G1 X46.400 Y61.520 Einf F3600
G1 X61.520 Y61.520 Einf F3600
G1 X61.520 Y53.600 Einf F3600
G1 E-0.800 F9000 ; retract
G0 X52.143 Y39.916 F9000 ; travel
G1 E+0.800 F3600 ; unretract
;perimeter
G1 X52.318 Y39.264 Einf F3600
G1 X62.042 Y39.264 Einf F3600
G1 X61.867 Y38.611 Einf F3600
G1 X61.740 Y38.766 Einf F3600
G1 X61.234 Y38.260 Einf F3600
G1 X52.595 Y38.260 Einf F3600
G1 X51.903 Y38.074 Einf F3600
G1 X51.903 Y38.074 Einf F3600
G1 E-0.800 F9000 ; retract
G0 X52.306 Y37.452 F9000 ; travel
G1 E+0.800 F3600 ; unretract
;perimeter
G1 X51.950 Y38.784 Einf F3600
G1 X61.416 Y38.784 Einf F3600
G1 X61.646 Y39.640 Einf F3600
G1 X61.776 Y39.481 Einf F3600
G1 X61.035 Y38.740 Einf F3600
G1 X52.532 Y38.740 Einf F3600
G1 X51.840 Y38.554 Einf F3600
G1 X52.450 Y38.554 Einf F3600
G1 E-0.800 F9000 ; retract
G0 X60.732 Y60.000 F9000 ; travel
G1 E+0.800 F3600 ; unretract
;perimeter
G1 X58771885065192425390080.000 Y18314939781459887656009728.000 Einf F3600
G1 X43.000 Y59.000 Einf F3600
G1 X42.732 Y60.000 Einf F3600
G1 X4641301.000 Y60.000 Einf F3600
G1 E-0.800 F9000 ; retract
G0 X57.268 Y60.000 F9000 ; travel
G1 E+0.800 F3600 ; unretract
;perimeter
G1 X0.000 Y70361966260224807403520.000 Einf F3600
G1 X43.852 Y57.268 Einf F3600
G1 E-0.800 F9000 ; retract
G0 X41.839 Y16613880304912253437079453696.000 F9000 ; travel
G1 E+0.800 F3600 ; unretract
;perimeter
G1 X48.000 Y0.000 Einf F3600
G1 X1.254 Y24820736983313682329782714368.000 Einf F3600
G1 E-0.800 F9000 ; retract
G0 X22.869 Y-22.869 F9000 ; travel
G1 E+0.800 F3600 ; unretract
;infill
G1 X48.000 Y2.263 Einf F3600
G1 E-0.800 F9000 ; retract
G0 X20.606 Y-20.606 F9000 ; travel
G1 E+0.800 F3600 ; unretract
;infill
G1 X48.000 Y6.788 Einf F3600
G1 E-0.800 F9000 ; retract
G0 X18.343 Y-18.343 F9000 ; travel
G1 E+0.800 F3600 ; unretract
;infill
G1 X48.000 Y11.314 Einf F3600
G1 E-0.800 F9000 ; retract
G0 X16.080 Y-16.080 F9000 ; travel
G1 E+0.800 F3600 ; unretract
;infill
G1 X48.000 Y15.839 Einf F3600
G1 E-0.800 F9000 ; retract
G0 X13.818 Y-13.818 F9000 ; travel
G1 E+0.800 F3600 ; unretract
;infill
G1 X48.000 Y20.365 Einf F3600
G1 E-0.800 F9000 ; retract
G0 X11.555 Y-11.555 F9000 ; travel
G1 E+0.800 F3600 ; unretract
;infill
G1 X48.000 Y24.890 Einf F3600
G1 E-0.800 F9000 ; retract
G0 X9.292 Y-9.292 F9000 ; travel
G1 E+0.800 F3600 ; unretract
;infill
G1 X48.000 Y29.416 Einf F3600
G1 E-0.800 F9000 ; retract
G0 X7.029 Y-7.029 F9000 ; travel
G1 E+0.800 F3600 ; unretract
;infill
G1 X48.000 Y33.941 Einf F3600
G1 E-0.800 F9000 ; retract
G0 X4.767 Y-4.767 F9000 ; travel
G1 E+0.800 F3600 ; unretract
;infill
G1 X48.000 Y38.467 Einf F3600
G1 E-0.800 F9000 ; retract
G0 X2.504 Y-2.504 F9000 ; travel
G1 E+0.800 F3600 ; unretract
;infill
G1 X48.000 Y42.992 Einf F3600
G1 E-0.800 F9000 ; retract
G0 X0.241 Y-0.241 F9000 ; travel
G1 E+0.800 F3600 ; unretract
;infill
G1 X48.000 Y47.518 Einf F3600
G1 E-0.800 F9000 ; retract
G0 X-2.022 Y2.022 F9000 ; travel
G1 E+0.800 F3600 ; unretract
;infill
G1 X48.000 Y52.043 Einf F3600
G1 E-0.800 F9000 ; retract
G0 X-4.284 Y4.284 F9000 ; travel
G1 E+0.800 F3600 ; unretract
;infill
G1 X48.000 Y56.569 Einf F3600
G1 E-0.800 F9000 ; retract
G0 X-6.547 Y6.547 F9000 ; travel
G1 E+0.800 F3600 ; unretract
;infill
G1 X48.000 Y61.094 Einf F3600
G1 E-0.800 F9000 ; retract
G0 X-8.810 Y8.810 F9000 ; travel
G1 E+0.800 F3600 ; unretract
;infill
G1 X48.000 Y65.620 Einf F3600
G1 E-0.800 F9000 ; retract
G0 X-11.072 Y11.072 F9000 ; travel
G1 E+0.800 F3600 ; unretract
;infill
G1 X48.000 Y70.145 Einf F3600
G1 E-0.800 F9000 ; retract
G0 X-13.335 Y13.335 F9000 ; travel
G1 E+0.800 F3600 ; unretract
;infill
G1 X48.000 Y74.670 Einf F3600
G1 E-0.800 F9000 ; retract
G0 X-15.598 Y15.598 F9000 ; travel
G1 E+0.800 F3600 ; unretract
;infill
G1 X48.000 Y79.196 Einf F3600
G1 E-0.800 F9000 ; retract
G0 X-17.861 Y17.861 F9000 ; travel
G1 E+0.800 F3600 ; unretract
;infill
G1 X48.000 Y83.721 Einf F3600
G1 E-0.800 F9000 ; retract
G0 X-20.123 Y20.123 F9000 ; travel
G1 E+0.800 F3600 ; unretract
;infill
G1 X48.000 Y88.247 Einf F3600
G1 E-0.800 F9000 ; retract
G0 X-22.386 Y22.386 F9000 ; travel
G1 E+0.800 F3600 ; unretract
;infill
G1 X48.000 Y92.772 Einf F3600
;LAYER:32 ;Z:6.40
G1 Z6.40 F9000 ; move to layer
G92 E0 ; reset extruder at layer start
G1 E-0.800 F9000 ; retract
G0 X62.000 Y38.000 F9000 ; travel
G1 E+0.800 F3600 ; unretract
;perimeter
G1 X53.200 Y38.000 Einf F3600
G1 X38.000 Y38.000 Einf F3600
G1 X38.000 Y46.800 Einf F3600
G1 X38.000 Y62.000 Einf F3600
G1 X46.800 Y62.000 Einf F3600
G1 X62.000 Y62.000 Einf F3600
G1 X62.000 Y53.200 Einf F3600
G1 E-0.800 F9000 ; retract
G0 X61.520 Y38.480 F9000 ; travel
G1 E+0.800 F3600 ; unretract
;perimeter
G1 X53.200 Y38.480 Einf F3600
G1 X38.480 Y38.480 Einf F3600
G1 X38.480 Y46.800 Einf F3600
G1 X38.480 Y61.520 Einf F3600
G1 X46.800 Y61.520 Einf F3600
G1 X61.520 Y61.520 Einf F3600
G1 X61.520 Y53.200 Einf F3600
G1 E-0.800 F9000 ; retract
G0 X51.729 Y39.816 F9000 ; travel
G1 E+0.800 F3600 ; unretract
;perimeter
G1 X51.900 Y39.180 Einf F3600
G1 X62.092 Y39.180 Einf F3600
G1 X61.922 Y38.544 Einf F3600
G1 X61.789 Y38.706 Einf F3600
G1 X61.789 Y38.706 Einf F3600
G1 E-0.800 F9000 ; retract
G0 X51.084 Y40.370 F9000 ; travel
G1 E+0.800 F3600 ; unretract
;perimeter
G1 X51.531 Y38.700 Einf F3600
G1 X61.466 Y38.700 Einf F3600
G1 X61.701 Y39.573 Einf F3600
G1 X62.269 Y38.877 Einf F3600
G1 X62.269 Y39.136 Einf F3600
G1 E-0.800 F9000 ; retract
G0 X60.732 Y60.000 F9000 ; travel
G1 E+0.800 F3600 ; unretract
;perimeter
G1 X58771885065192425390080.000 Y18314939781459887656009728.000 Einf F3600
G1 X43.000 Y59.000 Einf F3600
G1 X42.732 Y60.000 Einf F3600
G1 X4864976.000 Y60.000 Einf F3600
G1 E-0.800 F9000 ; retract
G0 X57.268 Y60.000 F9000 ; travel
G1 E+0.800 F3600 ; unretract
;perimeter
G1 X0.000 Y70361966260224807403520.000 Einf F3600
G1 X44.037 Y57.268 Einf F3600
G1 E-0.800 F9000 ; retract
G0 X41.880 Y17414548097349836043771183104.000 F9000 ; travel
G1 E+0.800 F3600 ; unretract
;perimeter
G1 X48.000 Y0.000 Einf F3600
G1 X1.294 Y25621404775751264936474443776.000 Einf F3600
G1 E-0.800 F9000 ; retract
G0 X22.869 Y-22.869 F9000 ; travel
G1 E+0.800 F3600 ; unretract
;infill
G1 X48.000 Y2.263 Einf F3600
G1 E-0.800 F9000 ; retract
G0 X20.606 Y-20.606 F9000 ; travel
G1 E+0.800 F3600 ; unretract
;infill
G1 X48.000 Y6.788 Einf F3600
G1 E-0.800 F9000 ; retract
G0 X18.343 Y-18.343 F9000 ; travel
G1 E+0.800 F3600 ; unretract
;infill
G1 X48.000 Y11.314 Einf F3600
G1 E-0.800 F9000 ; retract
G0 X16.080 Y-16.080 F9000 ; travel
G1 E+0.800 F3600 ; unretract
;infill
G1 X48.000 Y15.839 Einf F3600
G1 E-0.800 F9000 ; retract
G0 X13.818 Y-13.818 F9000 ; travel
G1 E+0.800 F3600 ; unretract
;infill
G1 X48.000 Y20.365 Einf F3600
G1 E-0.800 F9000 ; retract
G0 X11.555 Y-11.555 F9000 ; travel
G1 E+0.800 F3600 ; unretract
;infill
G1 X48.000 Y24.890 Einf F3600
G1 E-0.800 F9000 ; retract
G0 X9.292 Y-9.292 F9000 ; travel
G1 E+0.800 F3600 ; unretract
;infill
G1 X48.000 Y29.416 Einf F3600
G1 E-0.800 F9000 ; retract
G0 X7.029 Y-7.029 F9000 ; travel
G1 E+0.800 F3600 ; unretract
;infill
G1 X48.000 Y33.941 Einf F3600
G1 E-0.800 F9000 ; retract
G0 X4.767 Y-4.767 F9000 ; travel
G1 E+0.800 F3600 ; unretract
;infill
G1 X48.000 Y38.467 Einf F3600
G1 E-0.800 F9000 ; retract
G0 X2.504 Y-2.504 F9000 ; travel
G1 E+0.800 F3600 ; unretract
;infill
G1 X48.000 Y42.992 Einf F3600
G1 E-0.800 F9000 ; retract
G0 X0.241 Y-0.241 F9000 ; travel
G1 E+0.800 F3600 ; unretract
;infill
G1 X48.000 Y47.518 Einf F3600
G1 E-0.800 F9000 ; retract
G0 X-2.022 Y2.022 F9000 ; travel
G1 E+0.800 F3600 ; unretract
;infill
G1 X48.000 Y52.043 Einf F3600
G1 E-0.800 F9000 ; retract
G0 X-4.284 Y4.284 F9000 ; travel
G1 E+0.800 F3600 ; unretract
;infill
G1 X48.000 Y56.569 Einf F3600
G1 E-0.800 F9000 ; retract
G0 X-6.547 Y6.547 F9000 ; travel
G1 E+0.800 F3600 ; unretract
;infill
G1 X48.000 Y61.094 Einf F3600
G1 E-0.800 F9000 ; retract
G0 X-8.810 Y8.810 F9000 ; travel
G1 E+0.800 F3600 ; unretract
;infill
G1 X48.000 Y65.620 Einf F3600
G1 E-0.800 F9000 ; retract
G0 X-11.072 Y11.072 F9000 ; travel
G1 E+0.800 F3600 ; unretract
;infill
G1 X48.000 Y70.145 Einf F3600
G1 E-0.800 F9000 ; retract
G0 X-13.335 Y13.335 F9000 ; travel
G1 E+0.800 F3600 ; unretract
;infill
G1 X48.000 Y74.670 Einf F3600
G1 E-0.800 F9000 ; retract
G0 X-15.598 Y15.598 F9000 ; travel
G1 E+0.800 F3600 ; unretract
;infill
G1 X48.000 Y79.196 Einf F3600
G1 E-0.800 F9000 ; retract
G0 X-17.861 Y17.861 F9000 ; travel
G1 E+0.800 F3600 ; unretract
;infill
G1 X48.000 Y83.721 Einf F3600
G1 E-0.800 F9000 ; retract
G0 X-20.123 Y20.123 F9000 ; travel
G1 E+0.800 F3600 ; unretract
;infill
G1 X48.000 Y88.247 Einf F3600
G1 E-0.800 F9000 ; retract
G0 X-22.386 Y22.386 F9000 ; travel
G1 E+0.800 F3600 ; unretract
;infill
G1 X48.000 Y92.772 Einf F3600
;LAYER:33 ;Z:6.60
G1 Z6.60 F9000 ; move to layer
G92 E0 ; reset extruder at layer start
G1 E-0.800 F9000 ; retract
G0 X64.000 Y36.000 F9000 ; travel
G1 E+0.800 F3600 ; unretract
;perimeter
G1 X49.200 Y36.000 Einf F3600
G1 X36.000 Y36.000 Einf F3600
G1 X36.000 Y50.800 Einf F3600
G1 X36.000 Y64.000 Einf F3600
G1 X50.800 Y64.000 Einf F3600
G1 X64.000 Y64.000 Einf F3600
G1 X64.000 Y49.200 Einf F3600
G1 E-0.800 F9000 ; retract
G0 X63.520 Y36.480 F9000 ; travel
G1 E+0.800 F3600 ; unretract
;perimeter
G1 X49.200 Y36.480 Einf F3600
G1 X36.480 Y36.480 Einf F3600
G1 X36.480 Y50.800 Einf F3600
G1 X36.480 Y63.520 Einf F3600
G1 X50.800 Y63.520 Einf F3600
G1 X63.520 Y63.520 Einf F3600
G1 X63.520 Y49.200 Einf F3600
G1 E-0.800 F9000 ; retract
G0 X62.000 Y38.000 F9000 ; travel
G1 E+0.800 F3600 ; unretract
;perimeter
G1 X52.800 Y38.000 Einf F3600
G1 X38.000 Y38.000 Einf F3600
G1 X38.000 Y47.200 Einf F3600
G1 X38.000 Y62.000 Einf F3600
G1 X47.200 Y62.000 Einf F3600
G1 X62.000 Y62.000 Einf F3600
G1 X62.000 Y52.800 Einf F3600
G1 E-0.800 F9000 ; retract
G0 X61.520 Y38.480 F9000 ; travel
G1 E+0.800 F3600 ; unretract
;perimeter
G1 X52.800 Y38.480 Einf F3600
G1 X38.480 Y38.480 Einf F3600
G1 X38.480 Y47.200 Einf F3600
G1 X38.480 Y61.520 Einf F3600
G1 X47.200 Y61.520 Einf F3600
G1 X61.520 Y61.520 Einf F3600
G1 X61.520 Y52.800 Einf F3600
G1 E-0.800 F9000 ; retract
G0 X51.315 Y39.715 F9000 ; travel
G1 E+0.800 F3600 ; unretract
;perimeter
G1 X51.481 Y39.096 Einf F3600
G1 X62.142 Y39.096 Einf F3600
G1 X61.976 Y38.477 Einf F3600
G1 X61.838 Y38.647 Einf F3600
G1 X61.353 Y38.162 Einf F3600
G1 X51.881 Y38.162 Einf F3600
G1 X51.219 Y37.985 Einf F3600
G1 X50.243 Y37.858 Einf F3600
G1 X50.243 Y37.858 Einf F3600
G1 E-0.800 F9000 ; retract
G0 X60.732 Y60.000 F9000 ; travel
G1 E+0.800 F3600 ; unretract
;perimeter
G1 X58771885065192425390080.000 Y18314939781459887656009728.000 Einf F3600
G1 X43.000 Y59.000 Einf F3600
G1 X42.732 Y60.000 Einf F3600
G1 X5088650.500 Y60.000 Einf F3600
G1 E-0.800 F9000 ; retract
G0 X57.268 Y60.000 F9000 ; travel
G1 E+0.800 F3600 ; unretract
;perimeter
G1 X0.000 Y70361966260224807403520.000 Einf F3600
G1 X44.223 Y57.268 Einf F3600
G1 E-0.800 F9000 ; retract
G0 X41.920 Y18215214709195797933051609088.000 F9000 ; travel
G1 E+0.800 F3600 ; unretract
;perimeter
G1 X48.000 Y0.000 Einf F3600
G1 X1.335 Y26422070207005606108343566336.000 Einf F3600
G1 E-0.800 F9000 ; retract
G0 X22.869 Y-22.869 F9000 ; travel
G1 E+0.800 F3600 ; unretract
;infill
G1 X48.000 Y2.263 Einf F3600
G1 E-0.800 F9000 ; retract
G0 X20.606 Y-20.606 F9000 ; travel
G1 E+0.800 F3600 ; unretract
;infill
G1 X48.000 Y6.788 Einf F3600
G1 E-0.800 F9000 ; retract
G0 X18.343 Y-18.343 F9000 ; travel
G1 E+0.800 F3600 ; unretract
;infill
G1 X48.000 Y11.314 Einf F3600
G1 E-0.800 F9000 ; retract
G0 X16.080 Y-16.080 F9000 ; travel
G1 E+0.800 F3600 ; unretract
;infill
G1 X48.000 Y15.839 Einf F3600
G1 E-0.800 F9000 ; retract
G0 X13.818 Y-13.818 F9000 ; travel
G1 E+0.800 F3600 ; unretract
;infill
G1 X48.000 Y20.365 Einf F3600
G1 E-0.800 F9000 ; retract
G0 X11.555 Y-11.555 F9000 ; travel
G1 E+0.800 F3600 ; unretract
;infill
G1 X48.000 Y24.890 Einf F3600
G1 E-0.800 F9000 ; retract
G0 X9.292 Y-9.292 F9000 ; travel
G1 E+0.800 F3600 ; unretract
;infill
G1 X48.000 Y29.416 Einf F3600
G1 E-0.800 F9000 ; retract
G0 X7.029 Y-7.029 F9000 ; travel
G1 E+0.800 F3600 ; unretract
;infill
G1 X48.000 Y33.941 Einf F3600
G1 E-0.800 F9000 ; retract
G0 X4.767 Y-4.767 F9000 ; travel
G1 E+0.800 F3600 ; unretract
;infill
G1 X48.000 Y38.467 Einf F3600
G1 E-0.800 F9000 ; retract
G0 X2.504 Y-2.504 F9000 ; travel
G1 E+0.800 F3600 ; unretract
;infill
G1 X48.000 Y42.992 Einf F3600
G1 E-0.800 F9000 ; retract
G0 X0.241 Y-0.241 F9000 ; travel
G1 E+0.800 F3600 ; unretract
;infill
G1 X48.000 Y47.518 Einf F3600
G1 E-0.800 F9000 ; retract
G0 X-2.022 Y2.022 F9000 ; travel
G1 E+0.800 F3600 ; unretract
;infill
G1 X48.000 Y52.043 Einf F3600
G1 E-0.800 F9000 ; retract
G0 X-4.284 Y4.284 F9000 ; travel
G1 E+0.800 F3600 ; unretract
;infill
G1 X48.000 Y56.569 Einf F3600
G1 E-0.800 F9000 ; retract
G0 X-6.547 Y6.547 F9000 ; travel
G1 E+0.800 F3600 ; unretract
;infill
G1 X48.000 Y61.094 Einf F3600
G1 E-0.800 F9000 ; retract
G0 X-8.810 Y8.810 F9000 ; travel
G1 E+0.800 F3600 ; unretract
;infill
G1 X48.000 Y65.620 Einf F3600
G1 E-0.800 F9000 ; retract
G0 X-11.072 Y11.072 F9000 ; travel
G1 E+0.800 F3600 ; unretract
;infill
G1 X48.000 Y70.145 Einf F3600
G1 E-0.800 F9000 ; retract
G0 X-13.335 Y13.335 F9000 ; travel
G1 E+0.800 F3600 ; unretract
;infill
G1 X48.000 Y74.670 Einf F3600
G1 E-0.800 F9000 ; retract
G0 X-15.598 Y15.598 F9000 ; travel
G1 E+0.800 F3600 ; unretract
;infill
G1 X48.000 Y79.196 Einf F3600
G1 E-0.800 F9000 ; retract
G0 X-17.861 Y17.861 F9000 ; travel
G1 E+0.800 F3600 ; unretract
;infill
G1 X48.000 Y83.721 Einf F3600
G1 E-0.800 F9000 ; retract
G0 X-20.123 Y20.123 F9000 ; travel
G1 E+0.800 F3600 ; unretract
;infill
G1 X48.000 Y88.247 Einf F3600
G1 E-0.800 F9000 ; retract
G0 X-22.386 Y22.386 F9000 ; travel
G1 E+0.800 F3600 ; unretract
;infill
G1 X48.000 Y92.772 Einf F3600
;LAYER:34 ;Z:6.80
G1 Z6.80 F9000 ; move to layer
G92 E0 ; reset extruder at layer start
G1 E-0.800 F9000 ; retract
G0 X64.000 Y36.000 F9000 ; travel
G1 E+0.800 F3600 ; unretract
;perimeter
G1 X49.600 Y36.000 Einf F3600
G1 X36.000 Y36.000 Einf F3600
G1 X36.000 Y50.400 Einf F3600
G1 X36.000 Y64.000 Einf F3600
G1 X50.400 Y64.000 Einf F3600
G1 X64.000 Y64.000 Einf F3600
G1 X64.000 Y49.600 Einf F3600
G1 E-0.800 F9000 ; retract
G0 X63.520 Y36.480 F9000 ; travel
G1 E+0.800 F3600 ; unretract
;perimeter
G1 X49.600 Y36.480 Einf F3600
G1 X36.480 Y36.480 Einf F3600
G1 X36.480 Y50.400 Einf F3600
G1 X36.480 Y63.520 Einf F3600
G1 X50.400 Y63.520 Einf F3600
G1 X63.520 Y63.520 Einf F3600
G1 X63.520 Y49.600 Einf F3600
G1 E-0.800 F9000 ; retract
G0 X62.000 Y38.000 F9000 ; travel
G1 E+0.800 F3600 ; unretract
;perimeter
G1 X52.400 Y38.000 Einf F3600
G1 X38.000 Y38.000 Einf F3600
G1 X38.000 Y47.600 Einf F3600
G1 X38.000 Y62.000 Einf F3600
G1 X47.600 Y62.000 Einf F3600
G1 X62.000 Y62.000 Einf F3600
G1 X62.000 Y52.400 Einf F3600
G1 E-0.800 F9000 ; retract
G0 X61.520 Y38.480 F9000 ; travel
G1 E+0.800 F3600 ; unretract
;perimeter
G1 X52.400 Y38.480 Einf F3600
G1 X38.480 Y38.480 Einf F3600
G1 X38.480 Y47.600 Einf F3600
G1 X38.480 Y61.520 Einf F3600
G1 X47.600 Y61.520 Einf F3600
G1 X61.520 Y61.520 Einf F3600
G1 X61.520 Y52.400 Einf F3600
G1 E-0.800 F9000 ; retract
G0 X50.901 Y39.615 F9000 ; travel
G1 E+0.800 F3600 ; unretract
;perimeter
G1 X51.063 Y39.013 Einf F3600
G1 X62.192 Y39.013 Einf F3600
G1 X62.031 Y38.410 Einf F3600
G1 X61.886 Y38.587 Einf F3600
G1 X61.413 Y38.114 Einf F3600
G1 X51.524 Y38.114 Einf F3600
G1 X50.877 Y37.941 Einf F3600
G1 X49.858 Y37.808 Einf F3600
G1 X49.255 Y37.969 Einf F3600
G1 X60.119 Y48.002 Einf F3600
G1 X59.645 Y48.476 Einf F3600
G1 X49.757 Y48.476 Einf F3600
G1 X49.584 Y49.123 Einf F3600
G1 X49.584 Y49.123 Einf F3600
G1 E-0.800 F9000 ; retract
G0 X50.430 Y39.520 F9000 ; travel
G1 E+0.800 F3600 ; unretract
;perimeter
G1 X50.694 Y38.533 Einf F3600
G1 X61.567 Y38.533 Einf F3600
G1 X61.810 Y39.439 Einf F3600
G1 X61.922 Y39.302 Einf F3600
G1 X61.214 Y38.594 Einf F3600
G1 X51.461 Y38.594 Einf F3600
G1 X50.784 Y38.412 Einf F3600
G1 X49.890 Y38.296 Einf F3600
G1 X50.221 Y38.207 Einf F3600
G1 X60.812 Y47.989 Einf F3600
G1 X59.844 Y48.956 Einf F3600
G1 X50.125 Y48.956 Einf F3600
G1 X50.209 Y48.643 Einf F3600
G1 X49.166 Y48.643 Einf F3600
G1 E-0.800 F9000 ; retract
G0 X60.732 Y60.000 F9000 ; travel
G1 E+0.800 F3600 ; unretract
;perimeter
G1 X58771885065192425390080.000 Y18314939781459887656009728.000 Einf F3600
G1 X43.000 Y59.000 Einf F3600
G1 X42.732 Y60.000 Einf F3600
G1 X5312326.000 Y60.000 Einf F3600
G1 E-0.800 F9000 ; retract
G0 X57.268 Y60.000 F9000 ; travel
G1 E+0.800 F3600 ; unretract
;perimeter
G1 X0.000 Y70361966260224807403520.000 Einf F3600
G1 X44.409 Y57.268 Einf F3600
G1 E-0.800 F9000 ; retract
G0 X41.961 Y19015886043408242691977248768.000 F9000 ; travel
G1 E+0.800 F3600 ; unretract
;perimeter
G1 X48.000 Y0.000 Einf F3600
G1 X1.375 Y27222740360626430149857902592.000 Einf F3600
G1 E-0.800 F9000 ; retract
G0 X22.869 Y-22.869 F9000 ; travel
G1 E+0.800 F3600 ; unretract
;infill
G1 X48.000 Y2.263 Einf F3600
G1 E-0.800 F9000 ; retract
G0 X20.606 Y-20.606 F9000 ; travel
G1 E+0.800 F3600 ; unretract
;infill
G1 X48.000 Y6.788 Einf F3600
G1 E-0.800 F9000 ; retract
G0 X18.343 Y-18.343 F9000 ; travel
G1 E+0.800 F3600 ; unretract
;infill
G1 X48.000 Y11.314 Einf F3600
G1 E-0.800 F9000 ; retract
G0 X16.080 Y-16.080 F9000 ; travel
G1 E+0.800 F3600 ; unretract
;infill
G1 X48.000 Y15.839 Einf F3600
G1 E-0.800 F9000 ; retract
G0 X13.818 Y-13.818 F9000 ; travel
G1 E+0.800 F3600 ; unretract
;infill
G1 X48.000 Y20.365 Einf F3600
G1 E-0.800 F9000 ; retract
G0 X11.555 Y-11.555 F9000 ; travel
G1 E+0.800 F3600 ; unretract
;infill
G1 X48.000 Y24.890 Einf F3600
G1 E-0.800 F9000 ; retract
G0 X9.292 Y-9.292 F9000 ; travel
G1 E+0.800 F3600 ; unretract
;infill
G1 X48.000 Y29.416 Einf F3600
G1 E-0.800 F9000 ; retract
G0 X7.029 Y-7.029 F9000 ; travel
G1 E+0.800 F3600 ; unretract
;infill
G1 X48.000 Y33.941 Einf F3600
G1 E-0.800 F9000 ; retract
G0 X4.767 Y-4.767 F9000 ; travel
G1 E+0.800 F3600 ; unretract
;infill
G1 X48.000 Y38.467 Einf F3600
G1 E-0.800 F9000 ; retract
G0 X2.504 Y-2.504 F9000 ; travel
G1 E+0.800 F3600 ; unretract
;infill
G1 X48.000 Y42.992 Einf F3600
G1 E-0.800 F9000 ; retract
G0 X0.241 Y-0.241 F9000 ; travel
G1 E+0.800 F3600 ; unretract
;infill
G1 X48.000 Y47.518 Einf F3600
G1 E-0.800 F9000 ; retract
G0 X-2.022 Y2.022 F9000 ; travel
G1 E+0.800 F3600 ; unretract
;infill
G1 X48.000 Y52.043 Einf F3600
G1 E-0.800 F9000 ; retract
G0 X-4.284 Y4.284 F9000 ; travel
G1 E+0.800 F3600 ; unretract
;infill
G1 X48.000 Y56.569 Einf F3600
G1 E-0.800 F9000 ; retract
G0 X-6.547 Y6.547 F9000 ; travel
G1 E+0.800 F3600 ; unretract
;infill
G1 X48.000 Y61.094 Einf F3600
G1 E-0.800 F9000 ; retract
G0 X-8.810 Y8.810 F9000 ; travel
G1 E+0.800 F3600 ; unretract
;infill
G1 X48.000 Y65.620 Einf F3600
G1 E-0.800 F9000 ; retract
G0 X-11.072 Y11.072 F9000 ; travel
G1 E+0.800 F3600 ; unretract
;infill
G1 X48.000 Y70.145 Einf F3600
G1 E-0.800 F9000 ; retract
G0 X-13.335 Y13.335 F9000 ; travel
G1 E+0.800 F3600 ; unretract
;infill
G1 X48.000 Y74.670 Einf F3600
G1 E-0.800 F9000 ; retract
G0 X-15.598 Y15.598 F9000 ; travel
G1 E+0.800 F3600 ; unretract
;infill
G1 X48.000 Y79.196 Einf F3600
G1 E-0.800 F9000 ; retract
G0 X-17.861 Y17.861 F9000 ; travel
G1 E+0.800 F3600 ; unretract
;infill
G1 X48.000 Y83.721 Einf F3600
G1 E-0.800 F9000 ; retract
G0 X-20.123 Y20.123 F9000 ; travel
G1 E+0.800 F3600 ; unretract
;infill
G1 X48.000 Y88.247 Einf F3600
G1 E-0.800 F9000 ; retract
G0 X-22.386 Y22.386 F9000 ; travel
G1 E+0.800 F3600 ; unretract
;infill
G1 X48.000 Y92.772 Einf F3600
;LAYER:35 ;Z:7.00
G1 Z7.00 F9000 ; move to layer
G92 E0 ; reset extruder at layer start
G1 E-0.800 F9000 ; retract
G0 X64.000 Y36.000 F9000 ; travel
G1 E+0.800 F3600 ; unretract
;perimeter
G1 X50.000 Y36.000 Einf F3600
G1 X36.000 Y36.000 Einf F3600
G1 X36.000 Y50.000 Einf F3600
G1 X36.000 Y64.000 Einf F3600
G1 X50.000 Y64.000 Einf F3600
G1 X64.000 Y64.000 Einf F3600
G1 X64.000 Y50.000 Einf F3600
G1 E-0.800 F9000 ; retract
G0 X63.520 Y36.480 F9000 ; travel
G1 E+0.800 F3600 ; unretract
;perimeter
G1 X50.000 Y36.480 Einf F3600
G1 X36.480 Y36.480 Einf F3600
G1 X36.480 Y50.000 Einf F3600
G1 X36.480 Y63.520 Einf F3600
G1 X50.000 Y63.520 Einf F3600
G1 X63.520 Y63.520 Einf F3600
G1 X63.520 Y50.000 Einf F3600
G1 E-0.800 F9000 ; retract
G0 X62.000 Y38.000 F9000 ; travel
G1 E+0.800 F3600 ; unretract
;perimeter
G1 X52.000 Y38.000 Einf F3600
G1 X38.000 Y38.000 Einf F3600
G1 X38.000 Y48.000 Einf F3600
G1 X38.000 Y62.000 Einf F3600
G1 X48.000 Y62.000 Einf F3600
G1 X62.000 Y62.000 Einf F3600
G1 X62.000 Y52.000 Einf F3600
G1 E-0.800 F9000 ; retract
G0 X61.520 Y38.480 F9000 ; travel
G1 E+0.800 F3600 ; unretract
;perimeter
G1 X52.000 Y38.480 Einf F3600
G1 X38.480 Y38.480 Einf F3600
G1 X38.480 Y48.000 Einf F3600
G1 X38.480 Y61.520 Einf F3600
G1 X48.000 Y61.520 Einf F3600
G1 X61.520 Y61.520 Einf F3600
G1 X61.520 Y52.000 Einf F3600
G1 E-0.800 F9000 ; retract
G0 X50.487 Y39.515 F9000 ; travel
G1 E+0.800 F3600 ; unretract
;perimeter
G1 X50.644 Y38.929 Einf F3600
G1 X62.243 Y38.929 Einf F3600
G1 X62.086 Y38.343 Einf F3600
G1 X61.935 Y38.528 Einf F3600
G1 X61.472 Y38.065 Einf F3600
G1 X51.167 Y38.065 Einf F3600
G1 X50.535 Y37.896 Einf F3600
G1 X49.473 Y37.757 Einf F3600
G1 X48.887 Y37.914 Einf F3600
G1 X60.208 Y48.370 Einf F3600
G1 X59.746 Y48.833 Einf F3600
G1 X49.441 Y48.833 Einf F3600
G1 X49.271 Y49.465 Einf F3600
G1 X49.271 Y49.465 Einf F3600
G1 E-0.800 F9000 ; retract
G0 X50.015 Y39.423 F9000 ; travel
G1 E+0.800 F3600 ; unretract
;perimeter
G1 X50.276 Y38.449 Einf F3600
G1 X61.617 Y38.449 Einf F3600
G1 X61.865 Y39.372 Einf F3600
G1 X61.971 Y39.243 Einf F3600
G1 X61.273 Y38.545 Einf F3600
G1 X51.104 Y38.545 Einf F3600
G1 X50.442 Y38.368 Einf F3600
G1 X49.505 Y38.246 Einf F3600
G1 X49.852 Y38.153 Einf F3600
G1 X60.901 Y48.356 Einf F3600
G1 X59.944 Y49.313 Einf F3600
G1 X49.809 Y49.313 Einf F3600
G1 X49.640 Y49.945 Einf F3600
G1 X48.729 Y49.945 Einf F3600
G1 E-0.800 F9000 ; retract
G0 X60.732 Y60.000 F9000 ; travel
G1 E+0.800 F3600 ; unretract
;perimeter
G1 X58771885065192425390080.000 Y18314939781459887656009728.000 Einf F3600
G1 X43.000 Y59.000 Einf F3600
G1 X42.732 Y60.000 Einf F3600
G1 X5536001.000 Y60.000 Einf F3600
G1 E-0.800 F9000 ; retract
G0 X57.268 Y60.000 F9000 ; travel
G1 E+0.800 F3600 ; unretract
;perimeter
G1 X0.000 Y70361966260224807403520.000 Einf F3600
G1 X44.594 Y57.268 Einf F3600
G1 E-0.800 F9000 ; retract
G0 X42.001 Y19816553835845825298668978176.000 F9000 ; travel
G1 E+0.800 F3600 ; unretract
;perimeter
G1 X48.000 Y0.000 Einf F3600
G1 X1.416 Y28023410514247254191372238848.000 Einf F3600
G1 E-0.800 F9000 ; retract
G0 X22.869 Y-22.869 F9000 ; travel
G1 E+0.800 F3600 ; unretract
;infill
G1 X48.000 Y2.263 Einf F3600
G1 E-0.800 F9000 ; retract
G0 X20.606 Y-20.606 F9000 ; travel
G1 E+0.800 F3600 ; unretract
;infill
G1 X48.000 Y6.788 Einf F3600
G1 E-0.800 F9000 ; retract
G0 X18.343 Y-18.343 F9000 ; travel
G1 E+0.800 F3600 ; unretract
;infill
G1 X48.000 Y11.314 Einf F3600
G1 E-0.800 F9000 ; retract
G0 X16.080 Y-16.080 F9000 ; travel
G1 E+0.800 F3600 ; unretract
;infill
G1 X48.000 Y15.839 Einf F3600
G1 E-0.800 F9000 ; retract
G0 X13.818 Y-13.818 F9000 ; travel
G1 E+0.800 F3600 ; unretract
;infill
G1 X48.000 Y20.365 Einf F3600
G1 E-0.800 F9000 ; retract
G0 X11.555 Y-11.555 F9000 ; travel
G1 E+0.800 F3600 ; unretract
;infill
G1 X48.000 Y24.890 Einf F3600
G1 E-0.800 F9000 ; retract
G0 X9.292 Y-9.292 F9000 ; travel
G1 E+0.800 F3600 ; unretract
;infill
G1 X48.000 Y29.416 Einf F3600
G1 E-0.800 F9000 ; retract
G0 X7.029 Y-7.029 F9000 ; travel
G1 E+0.800 F3600 ; unretract
;infill
G1 X48.000 Y33.941 Einf F3600
G1 E-0.800 F9000 ; retract
G0 X4.767 Y-4.767 F9000 ; travel
G1 E+0.800 F3600 ; unretract
;infill
G1 X48.000 Y38.467 Einf F3600
G1 E-0.800 F9000 ; retract
G0 X2.504 Y-2.504 F9000 ; travel
G1 E+0.800 F3600 ; unretract
;infill
G1 X48.000 Y42.992 Einf F3600
G1 E-0.800 F9000 ; retract
G0 X0.241 Y-0.241 F9000 ; travel
G1 E+0.800 F3600 ; unretract
;infill
G1 X48.000 Y47.518 Einf F3600
G1 E-0.800 F9000 ; retract
G0 X-2.022 Y2.022 F9000 ; travel
G1 E+0.800 F3600 ; unretract
;infill
G1 X48.000 Y52.043 Einf F3600
G1 E-0.800 F9000 ; retract
G0 X-4.284 Y4.284 F9000 ; travel
G1 E+0.800 F3600 ; unretract
;infill
G1 X48.000 Y56.569 Einf F3600
G1 E-0.800 F9000 ; retract
G0 X-6.547 Y6.547 F9000 ; travel
G1 E+0.800 F3600 ; unretract
;infill
G1 X48.000 Y61.094 Einf F3600
G1 E-0.800 F9000 ; retract
G0 X-8.810 Y8.810 F9000 ; travel
G1 E+0.800 F3600 ; unretract
;infill
G1 X48.000 Y65.620 Einf F3600
G1 E-0.800 F9000 ; retract
G0 X-11.072 Y11.072 F9000 ; travel
G1 E+0.800 F3600 ; unretract
;infill
G1 X48.000 Y70.145 Einf F3600
G1 E-0.800 F9000 ; retract
G0 X-13.335 Y13.335 F9000 ; travel
G1 E+0.800 F3600 ; unretract
;infill
G1 X48.000 Y74.670 Einf F3600
G1 E-0.800 F9000 ; retract
G0 X-15.598 Y15.598 F9000 ; travel
G1 E+0.800 F3600 ; unretract
;infill
G1 X48.000 Y79.196 Einf F3600
G1 E-0.800 F9000 ; retract
G0 X-17.861 Y17.861 F9000 ; travel
G1 E+0.800 F3600 ; unretract
;infill
G1 X48.000 Y83.721 Einf F3600
G1 E-0.800 F9000 ; retract
G0 X-20.123 Y20.123 F9000 ; travel
G1 E+0.800 F3600 ; unretract
;infill
G1 X48.000 Y88.247 Einf F3600
G1 E-0.800 F9000 ; retract
G0 X-22.386 Y22.386 F9000 ; travel
G1 E+0.800 F3600 ; unretract
;infill
G1 X48.000 Y92.772 Einf F3600
;LAYER:36 ;Z:7.20
G1 Z7.20 F9000 ; move to layer
G92 E0 ; reset extruder at layer start
G1 E-0.800 F9000 ; retract
G0 X64.000 Y36.000 F9000 ; travel
G1 E+0.800 F3600 ; unretract
;perimeter
G1 X50.400 Y36.000 Einf F3600
G1 X36.000 Y36.000 Einf F3600
G1 X36.000 Y49.600 Einf F3600
G1 X36.000 Y64.000 Einf F3600
G1 X49.600 Y64.000 Einf F3600
G1 X64.000 Y64.000 Einf F3600
G1 X64.000 Y50.400 Einf F3600
G1 E-0.800 F9000 ; retract
G0 X63.520 Y36.480 F9000 ; travel
G1 E+0.800 F3600 ; unretract
;perimeter
G1 X50.400 Y36.480 Einf F3600
G1 X36.480 Y36.480 Einf F3600
G1 X36.480 Y49.600 Einf F3600
G1 X36.480 Y63.520 Einf F3600
G1 X49.600 Y63.520 Einf F3600
G1 X63.520 Y63.520 Einf F3600
G1 X63.520 Y50.400 Einf F3600
G1 E-0.800 F9000 ; retract
G0 X62.000 Y38.000 F9000 ; travel
G1 E+0.800 F3600 ; unretract
;perimeter
G1 X51.600 Y38.000 Einf F3600
G1 X38.000 Y38.000 Einf F3600
G1 X38.000 Y48.400 Einf F3600
G1 X38.000 Y62.000 Einf F3600
G1 X48.400 Y62.000 Einf F3600
G1 X62.000 Y62.000 Einf F3600
G1 X62.000 Y51.600 Einf F3600
G1 E-0.800 F9000 ; retract
G0 X61.520 Y38.480 F9000 ; travel
G1 E+0.800 F3600 ; unretract
;perimeter
G1 X51.600 Y38.480 Einf F3600
G1 X38.480 Y38.480 Einf F3600
G1 X38.480 Y48.400 Einf F3600
G1 X38.480 Y61.520 Einf F3600
G1 X48.400 Y61.520 Einf F3600
G1 X61.520 Y61.520 Einf F3600
G1 X61.520 Y51.600 Einf F3600
G1 E-0.800 F9000 ; retract
G0 X50.073 Y39.414 F9000 ; travel
G1 E+0.800 F3600 ; unretract
;perimeter
G1 X50.226 Y38.845 Einf F3600
G1 X62.293 Y38.845 Einf F3600
G1 X62.140 Y38.276 Einf F3600
G1 X61.983 Y38.468 Einf F3600
G1 X61.532 Y38.017 Einf F3600
G1 X50.810 Y38.017 Einf F3600
G1 X50.193 Y37.851 Einf F3600
G1 X49.088 Y37.707 Einf F3600
G1 X49.088 Y37.707 Einf F3600
G1 E-0.800 F9000 ; retract
G0 X60.732 Y60.000 F9000 ; travel
G1 E+0.800 F3600 ; unretract
;perimeter
G1 X58771885065192425390080.000 Y18314939781459887656009728.000 Einf F3600
G1 X43.000 Y59.000 Einf F3600
G1 X42.732 Y60.000 Einf F3600
G1 X5759676.500 Y60.000 Einf F3600
G1 E-0.800 F9000 ; retract
G0 X57.268 Y60.000 F9000 ; travel
G1 E+0.800 F3600 ; unretract
;perimeter
G1 X0.000 Y70361966260224807403520.000 Einf F3600
G1 X44.780 Y57.268 Einf F3600
G1 E-0.800 F9000 ; retract
G0 X42.041 Y20617223989466649340183314432.000 F9000 ; travel
G1 E+0.800 F3600 ; unretract
;perimeter
G1 X48.000 Y0.000 Einf F3600
G1 X1.456 Y28824080667868078232886575104.000 Einf F3600
G1 E-0.800 F9000 ; retract
G0 X22.869 Y-22.869 F9000 ; travel
G1 E+0.800 F3600 ; unretract
;infill
G1 X48.000 Y2.263 Einf F3600
G1 E-0.800 F9000 ; retract
G0 X20.606 Y-20.606 F9000 ; travel
G1 E+0.800 F3600 ; unretract
;infill
G1 X48.000 Y6.788 Einf F3600
G1 E-0.800 F9000 ; retract
G0 X18.343 Y-18.343 F9000 ; travel
G1 E+0.800 F3600 ; unretract
;infill
G1 X48.000 Y11.314 Einf F3600
G1 E-0.800 F9000 ; retract
G0 X16.080 Y-16.080 F9000 ; travel
G1 E+0.800 F3600 ; unretract
;infill
G1 X48.000 Y15.839 Einf F3600
G1 E-0.800 F9000 ; retract
G0 X13.818 Y-13.818 F9000 ; travel
G1 E+0.800 F3600 ; unretract
;infill
G1 X48.000 Y20.365 Einf F3600
G1 E-0.800 F9000 ; retract
G0 X11.555 Y-11.555 F9000 ; travel
G1 E+0.800 F3600 ; unretract
;infill
G1 X48.000 Y24.890 Einf F3600
G1 E-0.800 F9000 ; retract
G0 X9.292 Y-9.292 F9000 ; travel
G1 E+0.800 F3600 ; unretract
;infill
G1 X48.000 Y29.416 Einf F3600
G1 E-0.800 F9000 ; retract
G0 X7.029 Y-7.029 F9000 ; travel
G1 E+0.800 F3600 ; unretract
;infill
G1 X48.000 Y33.941 Einf F3600
G1 E-0.800 F9000 ; retract
G0 X4.767 Y-4.767 F9000 ; travel
G1 E+0.800 F3600 ; unretract
;infill
G1 X48.000 Y38.467 Einf F3600
G1 E-0.800 F9000 ; retract
G0 X2.504 Y-2.504 F9000 ; travel
G1 E+0.800 F3600 ; unretract
;infill
G1 X48.000 Y42.992 Einf F3600
G1 E-0.800 F9000 ; retract
G0 X0.241 Y-0.241 F9000 ; travel
G1 E+0.800 F3600 ; unretract
;infill
G1 X48.000 Y47.518 Einf F3600
G1 E-0.800 F9000 ; retract
G0 X-2.022 Y2.022 F9000 ; travel
G1 E+0.800 F3600 ; unretract
;infill
G1 X48.000 Y52.043 Einf F3600
G1 E-0.800 F9000 ; retract
G0 X-4.284 Y4.284 F9000 ; travel
G1 E+0.800 F3600 ; unretract
;infill
G1 X48.000 Y56.569 Einf F3600
G1 E-0.800 F9000 ; retract
G0 X-6.547 Y6.547 F9000 ; travel
G1 E+0.800 F3600 ; unretract
;infill
G1 X48.000 Y61.094 Einf F3600
G1 E-0.800 F9000 ; retract
G0 X-8.810 Y8.810 F9000 ; travel
G1 E+0.800 F3600 ; unretract
;infill
G1 X48.000 Y65.620 Einf F3600
G1 E-0.800 F9000 ; retract
G0 X-11.072 Y11.072 F9000 ; travel
G1 E+0.800 F3600 ; unretract
;infill
G1 X48.000 Y70.145 Einf F3600
G1 E-0.800 F9000 ; retract
G0 X-13.335 Y13.335 F9000 ; travel
G1 E+0.800 F3600 ; unretract
;infill
G1 X48.000 Y74.670 Einf F3600
G1 E-0.800 F9000 ; retract
G0 X-15.598 Y15.598 F9000 ; travel
G1 E+0.800 F3600 ; unretract
;infill
G1 X48.000 Y79.196 Einf F3600
G1 E-0.800 F9000 ; retract
G0 X-17.861 Y17.861 F9000 ; travel
G1 E+0.800 F3600 ; unretract
;infill
G1 X48.000 Y83.721 Einf F3600
G1 E-0.800 F9000 ; retract
G0 X-20.123 Y20.123 F9000 ; travel
G1 E+0.800 F3600 ; unretract
;infill
G1 X48.000 Y88.247 Einf F3600
G1 E-0.800 F9000 ; retract
G0 X-22.386 Y22.386 F9000 ; travel
G1 E+0.800 F3600 ; unretract
;infill
G1 X48.000 Y92.772 Einf F3600
;LAYER:37 ;Z:7.40
G1 Z7.40 F9000 ; move to layer
G92 E0 ; reset extruder at layer start
G1 E-0.800 F9000 ; retract
G0 X64.000 Y36.000 F9000 ; travel
G1 E+0.800 F3600 ; unretract
;perimeter
G1 X50.800 Y36.000 Einf F3600
G1 X36.000 Y36.000 Einf F3600
G1 X36.000 Y49.200 Einf F3600
G1 X36.000 Y64.000 Einf F3600
G1 X49.200 Y64.000 Einf F3600
G1 X64.000 Y64.000 Einf F3600
G1 X64.000 Y50.800 Einf F3600
G1 E-0.800 F9000 ; retract
G0 X63.520 Y36.480 F9000 ; travel
G1 E+0.800 F3600 ; unretract
;perimeter
G1 X50.800 Y36.480 Einf F3600
G1 X36.480 Y36.480 Einf F3600
G1 X36.480 Y49.200 Einf F3600
G1 X36.480 Y63.520 Einf F3600
G1 X49.200 Y63.520 Einf F3600
G1 X63.520 Y63.520 Einf F3600
G1 X63.520 Y50.800 Einf F3600
G1 E-0.800 F9000 ; retract
G0 X62.000 Y38.000 F9000 ; travel
G1 E+0.800 F3600 ; unretract
;perimeter
G1 X51.200 Y38.000 Einf F3600
G1 X38.000 Y38.000 Einf F3600
G1 X38.000 Y48.800 Einf F3600
G1 X38.000 Y62.000 Einf F3600
G1 X48.800 Y62.000 Einf F3600
G1 X62.000 Y62.000 Einf F3600
G1 X62.000 Y51.200 Einf F3600
G1 E-0.800 F9000 ; retract
G0 X61.520 Y38.480 F9000 ; travel
G1 E+0.800 F3600 ; unretract
;perimeter
G1 X51.200 Y38.480 Einf F3600
G1 X38.480 Y38.480 Einf F3600
G1 X38.480 Y48.800 Einf F3600
G1 X38.480 Y61.520 Einf F3600
G1 X48.800 Y61.520 Einf F3600
G1 X61.520 Y61.520 Einf F3600
G1 X61.520 Y51.200 Einf F3600
G1 E-0.800 F9000 ; retract
G0 X60.732 Y60.000 F9000 ; travel
G1 E+0.800 F3600 ; unretract
;perimeter
G1 X58771885065192425390080.000 Y18314939781459887656009728.000 Einf F3600
G1 X43.000 Y59.000 Einf F3600
G1 X42.732 Y60.000 Einf F3600
G1 X5983351.500 Y60.000 Einf F3600
G1 E-0.800 F9000 ; retract
G0 X57.268 Y60.000 F9000 ; travel
G1 E+0.800 F3600 ; unretract
;perimeter
G1 X0.000 Y70361966260224807403520.000 Einf F3600
G1 X44.966 Y57.268 Einf F3600
G1 E-0.800 F9000 ; retract
G0 X42.082 Y21417891781904231946875043840.000 F9000 ; travel
G1 E+0.800 F3600 ; unretract
;perimeter
G1 X48.000 Y0.000 Einf F3600
G1 X1.496 Y29624748460305660839578304512.000 Einf F3600
G1 E-0.800 F9000 ; retract
G0 X22.869 Y-22.869 F9000 ; travel
G1 E+0.800 F3600 ; unretract
;infill
G1 X48.000 Y2.263 Einf F3600
G1 E-0.800 F9000 ; retract
G0 X20.606 Y-20.606 F9000 ; travel
G1 E+0.800 F3600 ; unretract
;infill
G1 X48.000 Y6.788 Einf F3600
G1 E-0.800 F9000 ; retract
G0 X18.343 Y-18.343 F9000 ; travel
G1 E+0.800 F3600 ; unretract
;infill
G1 X48.000 Y11.314 Einf F3600
G1 E-0.800 F9000 ; retract
G0 X16.080 Y-16.080 F9000 ; travel
G1 E+0.800 F3600 ; unretract
;infill
G1 X48.000 Y15.839 Einf F3600
G1 E-0.800 F9000 ; retract
G0 X13.818 Y-13.818 F9000 ; travel
G1 E+0.800 F3600 ; unretract
;infill
G1 X48.000 Y20.365 Einf F3600
G1 E-0.800 F9000 ; retract
G0 X11.555 Y-11.555 F9000 ; travel
G1 E+0.800 F3600 ; unretract
;infill
G1 X48.000 Y24.890 Einf F3600
G1 E-0.800 F9000 ; retract
G0 X9.292 Y-9.292 F9000 ; travel
G1 E+0.800 F3600 ; unretract
;infill
G1 X48.000 Y29.416 Einf F3600
G1 E-0.800 F9000 ; retract
G0 X7.029 Y-7.029 F9000 ; travel
G1 E+0.800 F3600 ; unretract
;infill
G1 X48.000 Y33.941 Einf F3600
G1 E-0.800 F9000 ; retract
G0 X4.767 Y-4.767 F9000 ; travel
G1 E+0.800 F3600 ; unretract
;infill
G1 X48.000 Y38.467 Einf F3600
G1 E-0.800 F9000 ; retract
G0 X2.504 Y-2.504 F9000 ; travel
G1 E+0.800 F3600 ; unretract
;infill
G1 X48.000 Y42.992 Einf F3600
G1 E-0.800 F9000 ; retract
G0 X0.241 Y-0.241 F9000 ; travel
G1 E+0.800 F3600 ; unretract
;infill
G1 X48.000 Y47.518 Einf F3600
G1 E-0.800 F9000 ; retract
G0 X-2.022 Y2.022 F9000 ; travel
G1 E+0.800 F3600 ; unretract
;infill
G1 X48.000 Y52.043 Einf F3600
G1 E-0.800 F9000 ; retract
G0 X-4.284 Y4.284 F9000 ; travel
G1 E+0.800 F3600 ; unretract
;infill
G1 X48.000 Y56.569 Einf F3600
G1 E-0.800 F9000 ; retract
G0 X-6.547 Y6.547 F9000 ; travel
G1 E+0.800 F3600 ; unretract
;infill
G1 X48.000 Y61.094 Einf F3600
G1 E-0.800 F9000 ; retract
G0 X-8.810 Y8.810 F9000 ; travel
G1 E+0.800 F3600 ; unretract
;infill
G1 X48.000 Y65.620 Einf F3600
G1 E-0.800 F9000 ; retract
G0 X-11.072 Y11.072 F9000 ; travel
G1 E+0.800 F3600 ; unretract
;infill
G1 X48.000 Y70.145 Einf F3600
G1 E-0.800 F9000 ; retract
G0 X-13.335 Y13.335 F9000 ; travel
G1 E+0.800 F3600 ; unretract
;infill
G1 X48.000 Y74.670 Einf F3600
G1 E-0.800 F9000 ; retract
G0 X-15.598 Y15.598 F9000 ; travel
G1 E+0.800 F3600 ; unretract
;infill
G1 X48.000 Y79.196 Einf F3600
G1 E-0.800 F9000 ; retract
G0 X-17.861 Y17.861 F9000 ; travel
G1 E+0.800 F3600 ; unretract
;infill
G1 X48.000 Y83.721 Einf F3600
G1 E-0.800 F9000 ; retract
G0 X-20.123 Y20.123 F9000 ; travel
G1 E+0.800 F3600 ; unretract
;infill
G1 X48.000 Y88.247 Einf F3600
G1 E-0.800 F9000 ; retract
G0 X-22.386 Y22.386 F9000 ; travel
G1 E+0.800 F3600 ; unretract
;infill
G1 X48.000 Y92.772 Einf F3600
;LAYER:38 ;Z:7.60
G1 Z7.60 F9000 ; move to layer
G92 E0 ; reset extruder at layer start
G1 E-0.800 F9000 ; retract
G0 X49.246 Y39.213 F9000 ; travel
G1 E+0.800 F3600 ; unretract
;perimeter
G1 X49.389 Y38.678 Einf F3600
G1 X62.393 Y38.678 Einf F3600
G1 X62.250 Y38.142 Einf F3600
G1 X62.081 Y38.349 Einf F3600
G1 X61.651 Y37.919 Einf F3600
G1 X50.097 Y37.919 Einf F3600
G1 X49.509 Y37.762 Einf F3600
G1 X48.318 Y37.607 Einf F3600
G1 X47.782 Y37.750 Einf F3600
G1 X47.782 Y37.750 Einf F3600
G1 E-0.800 F9000 ; retract
G0 X60.732 Y60.000 F9000 ; travel
G1 E+0.800 F3600 ; unretract
;perimeter
G1 X58771885065192425390080.000 Y18314939781459887656009728.000 Einf F3600
G1 X43.000 Y59.000 Einf F3600
G1 X42.732 Y60.000 Einf F3600
G1 X6207026.000 Y60.000 Einf F3600
G1 E-0.800 F9000 ; retract
G0 X57.268 Y60.000 F9000 ; travel
G1 E+0.800 F3600 ; unretract
;perimeter
G1 X0.000 Y70361966260224807403520.000 Einf F3600
G1 X45.151 Y57.268 Einf F3600
G1 E-0.800 F9000 ; retract
G0 X42.122 Y22218559574341814553566773248.000 F9000 ; travel
G1 E+0.800 F3600 ; unretract
;perimeter
G1 X48.000 Y0.000 Einf F3600
G1 X1.537 Y30425418613926484881092640768.000 Einf F3600
G1 E-0.800 F9000 ; retract
G0 X22.869 Y-22.869 F9000 ; travel
G1 E+0.800 F3600 ; unretract
;infill
G1 X48.000 Y2.263 Einf F3600
G1 E-0.800 F9000 ; retract
G0 X20.606 Y-20.606 F9000 ; travel
G1 E+0.800 F3600 ; unretract
;infill
G1 X48.000 Y6.788 Einf F3600
G1 E-0.800 F9000 ; retract
G0 X18.343 Y-18.343 F9000 ; travel
G1 E+0.800 F3600 ; unretract
;infill
G1 X48.000 Y11.314 Einf F3600
G1 E-0.800 F9000 ; retract
G0 X16.080 Y-16.080 F9000 ; travel
G1 E+0.800 F3600 ; unretract
;infill
G1 X48.000 Y15.839 Einf F3600
G1 E-0.800 F9000 ; retract
G0 X13.818 Y-13.818 F9000 ; travel
G1 E+0.800 F3600 ; unretract
;infill
G1 X48.000 Y20.365 Einf F3600
G1 E-0.800 F9000 ; retract
G0 X11.555 Y-11.555 F9000 ; travel
G1 E+0.800 F3600 ; unretract
;infill
G1 X48.000 Y24.890 Einf F3600
G1 E-0.800 F9000 ; retract
G0 X9.292 Y-9.292 F9000 ; travel
G1 E+0.800 F3600 ; unretract
;infill
G1 X48.000 Y29.416 Einf F3600
G1 E-0.800 F9000 ; retract
G0 X7.029 Y-7.029 F9000 ; travel
G1 E+0.800 F3600 ; unretract
;infill
G1 X48.000 Y33.941 Einf F3600
G1 E-0.800 F9000 ; retract
G0 X4.767 Y-4.767 F9000 ; travel
G1 E+0.800 F3600 ; unretract
;infill
G1 X48.000 Y38.467 Einf F3600
G1 E-0.800 F9000 ; retract
G0 X2.504 Y-2.504 F9000 ; travel
G1 E+0.800 F3600 ; unretract
;infill
G1 X48.000 Y42.992 Einf F3600
G1 E-0.800 F9000 ; retract
G0 X0.241 Y-0.241 F9000 ; travel
G1 E+0.800 F3600 ; unretract
;infill
G1 X48.000 Y47.518 Einf F3600
G1 E-0.800 F9000 ; retract
G0 X-2.022 Y2.022 F9000 ; travel
G1 E+0.800 F3600 ; unretract
;infill
G1 X48.000 Y52.043 Einf F3600
G1 E-0.800 F9000 ; retract
G0 X-4.284 Y4.284 F9000 ; travel
G1 E+0.800 F3600 ; unretract
;infill
G1 X48.000 Y56.569 Einf F3600
G1 E-0.800 F9000 ; retract
G0 X-6.547 Y6.547 F9000 ; travel
G1 E+0.800 F3600 ; unretract
;infill
G1 X48.000 Y61.094 Einf F3600
G1 E-0.800 F9000 ; retract
G0 X-8.810 Y8.810 F9000 ; travel
G1 E+0.800 F3600 ; unretract
;infill
G1 X48.000 Y65.620 Einf F3600
G1 E-0.800 F9000 ; retract
G0 X-11.072 Y11.072 F9000 ; travel
G1 E+0.800 F3600 ; unretract
;infill
G1 X48.000 Y70.145 Einf F3600
G1 E-0.800 F9000 ; retract
G0 X-13.335 Y13.335 F9000 ; travel
G1 E+0.800 F3600 ; unretract
;infill
G1 X48.000 Y74.670 Einf F3600
G1 E-0.800 F9000 ; retract
G0 X-15.598 Y15.598 F9000 ; travel
G1 E+0.800 F3600 ; unretract
;infill
G1 X48.000 Y79.196 Einf F3600
G1 E-0.800 F9000 ; retract
G0 X-17.861 Y17.861 F9000 ; travel
G1 E+0.800 F3600 ; unretract
;infill
G1 X48.000 Y83.721 Einf F3600
G1 E-0.800 F9000 ; retract
G0 X-20.123 Y20.123 F9000 ; travel
G1 E+0.800 F3600 ; unretract
;infill
G1 X48.000 Y88.247 Einf F3600
G1 E-0.800 F9000 ; retract
G0 X-22.386 Y22.386 F9000 ; travel
G1 E+0.800 F3600 ; unretract
;infill
G1 X48.000 Y92.772 Einf F3600
;LAYER:39 ;Z:7.80
G1 Z7.80 F9000 ; move to layer
G92 E0 ; reset extruder at layer start
G1 E-0.800 F9000 ; retract
G0 X64.000 Y36.000 F9000 ; travel
G1 E+0.800 F3600 ; unretract
;perimeter
G1 X51.600 Y36.000 Einf F3600
G1 X36.000 Y36.000 Einf F3600
G1 X36.000 Y48.400 Einf F3600
G1 X36.000 Y64.000 Einf F3600
G1 X48.400 Y64.000 Einf F3600
G1 X64.000 Y64.000 Einf F3600
G1 X64.000 Y51.600 Einf F3600
G1 E-0.800 F9000 ; retract
G0 X63.520 Y36.480 F9000 ; travel
G1 E+0.800 F3600 ; unretract
;perimeter
G1 X51.600 Y36.480 Einf F3600
G1 X36.480 Y36.480 Einf F3600
G1 X36.480 Y48.400 Einf F3600
G1 X36.480 Y63.520 Einf F3600
G1 X48.400 Y63.520 Einf F3600
G1 X63.520 Y63.520 Einf F3600
G1 X63.520 Y51.600 Einf F3600
G1 E-0.800 F9000 ; retract
G0 X62.000 Y38.000 F9000 ; travel
G1 E+0.800 F3600 ; unretract
;perimeter
G1 X50.400 Y38.000 Einf F3600
G1 X38.000 Y38.000 Einf F3600
G1 X38.000 Y49.600 Einf F3600
G1 X38.000 Y62.000 Einf F3600
G1 X49.600 Y62.000 Einf F3600
G1 X62.000 Y62.000 Einf F3600
G1 X62.000 Y50.400 Einf F3600
G1 E-0.800 F9000 ; retract
G0 X61.520 Y38.480 F9000 ; travel
G1 E+0.800 F3600 ; unretract
;perimeter
G1 X50.400 Y38.480 Einf F3600
G1 X38.480 Y38.480 Einf F3600
G1 X38.480 Y49.600 Einf F3600
G1 X38.480 Y61.520 Einf F3600
G1 X49.600 Y61.520 Einf F3600
G1 X61.520 Y61.520 Einf F3600
G1 X61.520 Y50.400 Einf F3600
G1 E-0.800 F9000 ; retract
G0 X48.832 Y39.113 F9000 ; travel
G1 E+0.800 F3600 ; unretract
;perimeter
G1 X48.971 Y38.594 Einf F3600
G1 X62.444 Y38.594 Einf F3600
G1 X62.304 Y38.075 Einf F3600
G1 X62.129 Y38.290 Einf F3600
G1 X61.710 Y37.871 Einf F3600
G1 X49.740 Y37.871 Einf F3600
G1 X49.167 Y37.717 Einf F3600
G1 X47.933 Y37.556 Einf F3600
G1 X47.414 Y37.696 Einf F3600
G1 X60.565 Y49.841 Einf F3600
G1 X60.146 Y50.260 Einf F3600
G1 X48.176 Y50.260 Einf F3600
G1 X48.022 Y50.833 Einf F3600
G1 X48.022 Y38.862 Einf F3600
G1 X48.176 Y39.435 Einf F3600
G1 X60.146 Y39.435 Einf F3600
G1 X60.565 Y39.854 Einf F3600
G1 X47.414 Y52.966 Einf F3600
G1 X47.933 Y53.105 Einf F3600
G1 X61.406 Y53.105 Einf F3600
G1 X61.925 Y52.966 Einf F3600
G1 X61.925 Y39.493 Einf F3600
G1 X62.304 Y39.113 Einf F3600
G1 E-0.800 F9000 ; retract
G0 X60.732 Y60.000 F9000 ; travel
G1 E+0.800 F3600 ; unretract
;perimeter
G1 X58771885065192425390080.000 Y18314939781459887656009728.000 Einf F3600
G1 X43.000 Y59.000 Einf F3600
G1 X42.732 Y60.000 Einf F3600
G1 X6430701.500 Y60.000 Einf F3600
G1 E-0.800 F9000 ; retract
G0 X57.268 Y60.000 F9000 ; travel
G1 E+0.800 F3600 ; unretract
;perimeter
G1 X0.000 Y70361966260224807403520.000 Einf F3600
G1 X45.337 Y57.268 Einf F3600
G1 E-0.800 F9000 ; retract
G0 X42.163 Y23019229727962638595081109504.000 F9000 ; travel
G1 E+0.800 F3600 ; unretract
;perimeter
G1 X48.000 Y0.000 Einf F3600
G1 X1.577 Y31226088767547308922606977024.000 Einf F3600
G1 E-0.800 F9000 ; retract
G0 X22.869 Y-22.869 F9000 ; travel
G1 E+0.800 F3600 ; unretract
;infill
G1 X48.000 Y2.263 Einf F3600
G1 E-0.800 F9000 ; retract
G0 X20.606 Y-20.606 F9000 ; travel
G1 E+0.800 F3600 ; unretract
;infill
G1 X48.000 Y6.788 Einf F3600
G1 E-0.800 F9000 ; retract
G0 X18.343 Y-18.343 F9000 ; travel
G1 E+0.800 F3600 ; unretract
;infill
G1 X48.000 Y11.314 Einf F3600
G1 E-0.800 F9000 ; retract
G0 X16.080 Y-16.080 F9000 ; travel
G1 E+0.800 F3600 ; unretract
;infill
G1 X48.000 Y15.839 Einf F3600
G1 E-0.800 F9000 ; retract
G0 X13.818 Y-13.818 F9000 ; travel
G1 E+0.800 F3600 ; unretract
;infill
G1 X48.000 Y20.365 Einf F3600
G1 E-0.800 F9000 ; retract
G0 X11.555 Y-11.555 F9000 ; travel
G1 E+0.800 F3600 ; unretract
;infill
G1 X48.000 Y24.890 Einf F3600
G1 E-0.800 F9000 ; retract
G0 X9.292 Y-9.292 F9000 ; travel
G1 E+0.800 F3600 ; unretract
;infill
G1 X48.000 Y29.416 Einf F3600
G1 E-0.800 F9000 ; retract
G0 X7.029 Y-7.029 F9000 ; travel
G1 E+0.800 F3600 ; unretract
;infill
G1 X48.000 Y33.941 Einf F3600
G1 E-0.800 F9000 ; retract
G0 X4.767 Y-4.767 F9000 ; travel
G1 E+0.800 F3600 ; unretract
;infill
G1 X48.000 Y38.467 Einf F3600
G1 E-0.800 F9000 ; retract
G0 X2.504 Y-2.504 F9000 ; travel
G1 E+0.800 F3600 ; unretract
;infill
G1 X48.000 Y42.992 Einf F3600
G1 E-0.800 F9000 ; retract
G0 X0.241 Y-0.241 F9000 ; travel
G1 E+0.800 F3600 ; unretract
;infill
G1 X48.000 Y47.518 Einf F3600
G1 E-0.800 F9000 ; retract
G0 X-2.022 Y2.022 F9000 ; travel
G1 E+0.800 F3600 ; unretract
;infill
G1 X48.000 Y52.043 Einf F3600
G1 E-0.800 F9000 ; retract
G0 X-4.284 Y4.284 F9000 ; travel
G1 E+0.800 F3600 ; unretract
;infill
G1 X48.000 Y56.569 Einf F3600
G1 E-0.800 F9000 ; retract
G0 X-6.547 Y6.547 F9000 ; travel
G1 E+0.800 F3600 ; unretract
;infill
G1 X48.000 Y61.094 Einf F3600
G1 E-0.800 F9000 ; retract
G0 X-8.810 Y8.810 F9000 ; travel
G1 E+0.800 F3600 ; unretract
;infill
G1 X48.000 Y65.620 Einf F3600
G1 E-0.800 F9000 ; retract
G0 X-11.072 Y11.072 F9000 ; travel
G1 E+0.800 F3600 ; unretract
;infill
G1 X48.000 Y70.145 Einf F3600
G1 E-0.800 F9000 ; retract
G0 X-13.335 Y13.335 F9000 ; travel
G1 E+0.800 F3600 ; unretract
;infill
G1 X48.000 Y74.670 Einf F3600
G1 E-0.800 F9000 ; retract
G0 X-15.598 Y15.598 F9000 ; travel
G1 E+0.800 F3600 ; unretract
;infill
G1 X48.000 Y79.196 Einf F3600
G1 E-0.800 F9000 ; retract
G0 X-17.861 Y17.861 F9000 ; travel
G1 E+0.800 F3600 ; unretract
;infill
G1 X48.000 Y83.721 Einf F3600
G1 E-0.800 F9000 ; retract
G0 X-20.123 Y20.123 F9000 ; travel
G1 E+0.800 F3600 ; unretract
;infill
G1 X48.000 Y88.247 Einf F3600
G1 E-0.800 F9000 ; retract
G0 X-22.386 Y22.386 F9000 ; travel
G1 E+0.800 F3600 ; unretract
;infill
G1 X48.000 Y92.772 Einf F3600
;LAYER:40 ;Z:8.00
G1 Z8.00 F9000 ; move to layer
G92 E0 ; reset extruder at layer start
G1 E-0.800 F9000 ; retract
G0 X64.000 Y36.000 F9000 ; travel
G1 E+0.800 F3600 ; unretract
;perimeter
G1 X52.000 Y36.000 Einf F3600
G1 X36.000 Y36.000 Einf F3600
G1 X36.000 Y48.000 Einf F3600
G1 X36.000 Y64.000 Einf F3600
G1 X48.000 Y64.000 Einf F3600
G1 X64.000 Y64.000 Einf F3600
G1 X64.000 Y52.000 Einf F3600
G1 E-0.800 F9000 ; retract
G0 X63.520 Y36.480 F9000 ; travel
G1 E+0.800 F3600 ; unretract
;perimeter
G1 X52.000 Y36.480 Einf F3600
G1 X36.480 Y36.480 Einf F3600
G1 X36.480 Y48.000 Einf F3600
G1 X36.480 Y63.520 Einf F3600
G1 X48.000 Y63.520 Einf F3600
G1 X63.520 Y63.520 Einf F3600
G1 X63.520 Y52.000 Einf F3600
G1 E-0.800 F9000 ; retract
G0 X62.000 Y38.000 F9000 ; travel
G1 E+0.800 F3600 ; unretract
;perimeter
G1 X50.000 Y38.000 Einf F3600
G1 X38.000 Y38.000 Einf F3600
G1 X38.000 Y50.000 Einf F3600
G1 X38.000 Y62.000 Einf F3600
G1 X50.000 Y62.000 Einf F3600
G1 X62.000 Y62.000 Einf F3600
G1 X62.000 Y50.000 Einf F3600
G1 E-0.800 F9000 ; retract
G0 X61.520 Y38.480 F9000 ; travel
G1 E+0.800 F3600 ; unretract
;perimeter
G1 X50.000 Y38.480 Einf F3600
G1 X38.480 Y38.480 Einf F3600
G1 X38.480 Y50.000 Einf F3600
G1 X38.480 Y61.520 Einf F3600
G1 X50.000 Y61.520 Einf F3600
G1 X61.520 Y61.520 Einf F3600
G1 X61.520 Y50.000 Einf F3600
G1 E-0.800 F9000 ; retract
G0 X48.418 Y39.013 F9000 ; travel
G1 E+0.800 F3600 ; unretract
;perimeter
G1 X48.552 Y38.510 Einf F3600
G1 X62.494 Y38.510 Einf F3600
G1 X62.359 Y38.008 Einf F3600
G1 X62.178 Y38.230 Einf F3600
G1 X61.770 Y37.822 Einf F3600
G1 X49.383 Y37.822 Einf F3600
G1 X48.825 Y37.673 Einf F3600
G1 X47.548 Y37.506 Einf F3600
G1 X47.046 Y37.641 Einf F3600
G1 X60.654 Y50.209 Einf F3600
G1 X60.246 Y50.617 Einf F3600
G1 X47.859 Y50.617 Einf F3600
G1 X47.710 Y51.175 Einf F3600
G1 X47.710 Y38.788 Einf F3600
G1 X47.859 Y39.346 Einf F3600
G1 X60.246 Y39.346 Einf F3600
G1 X60.654 Y39.754 Einf F3600
G1 X47.046 Y53.322 Einf F3600
G1 X47.548 Y53.456 Einf F3600
G1 X61.490 Y53.456 Einf F3600
G1 X61.992 Y53.322 Einf F3600
G1 X61.992 Y39.380 Einf F3600
G1 X62.359 Y39.013 Einf F3600
G1 E-0.800 F9000 ; retract
G0 X60.732 Y60.000 F9000 ; travel
G1 E+0.800 F3600 ; unretract
;perimeter
G1 X58771885065192425390080.000 Y18314939781459887656009728.000 Einf F3600
G1 X43.000 Y59.000 Einf F3600
G1 X42.732 Y60.000 Einf F3600
G1 X6654376.500 Y60.000 Einf F3600
G1 E-0.800 F9000 ; retract
G0 X57.268 Y60.000 F9000 ; travel
G1 E+0.800 F3600 ; unretract
;perimeter
G1 X0.000 Y70361966260224807403520.000 Einf F3600
G1 X45.523 Y57.268 Einf F3600
G1 E-0.800 F9000 ; retract
G0 X42.203 Y23819897520400221201772838912.000 F9000 ; travel
G1 E+0.800 F3600 ; unretract
;perimeter
G1 X48.000 Y0.000 Einf F3600
G1 X1.618 Y32026754198801650094476099584.000 Einf F3600
G1 E-0.800 F9000 ; retract
G0 X22.869 Y-22.869 F9000 ; travel
G1 E+0.800 F3600 ; unretract
;infill
G1 X48.000 Y2.263 Einf F3600
G1 E-0.800 F9000 ; retract
G0 X20.606 Y-20.606 F9000 ; travel
G1 E+0.800 F3600 ; unretract
;infill
G1 X48.000 Y6.788 Einf F3600
G1 E-0.800 F9000 ; retract
G0 X18.343 Y-18.343 F9000 ; travel
G1 E+0.800 F3600 ; unretract
;infill
G1 X48.000 Y11.314 Einf F3600
G1 E-0.800 F9000 ; retract
G0 X16.080 Y-16.080 F9000 ; travel
G1 E+0.800 F3600 ; unretract
;infill
G1 X48.000 Y15.839 Einf F3600
G1 E-0.800 F9000 ; retract
G0 X13.818 Y-13.818 F9000 ; travel
G1 E+0.800 F3600 ; unretract
;infill
G1 X48.000 Y20.365 Einf F3600
G1 E-0.800 F9000 ; retract
G0 X11.555 Y-11.555 F9000 ; travel
G1 E+0.800 F3600 ; unretract
;infill
G1 X48.000 Y24.890 Einf F3600
G1 E-0.800 F9000 ; retract
G0 X9.292 Y-9.292 F9000 ; travel
G1 E+0.800 F3600 ; unretract
;infill
G1 X48.000 Y29.416 Einf F3600
G1 E-0.800 F9000 ; retract
G0 X7.029 Y-7.029 F9000 ; travel
G1 E+0.800 F3600 ; unretract
;infill
G1 X48.000 Y33.941 Einf F3600
G1 E-0.800 F9000 ; retract
G0 X4.767 Y-4.767 F9000 ; travel
G1 E+0.800 F3600 ; unretract
;infill
G1 X48.000 Y38.467 Einf F3600
G1 E-0.800 F9000 ; retract
G0 X2.504 Y-2.504 F9000 ; travel
G1 E+0.800 F3600 ; unretract
;infill
G1 X48.000 Y42.992 Einf F3600
G1 E-0.800 F9000 ; retract
G0 X0.241 Y-0.241 F9000 ; travel
G1 E+0.800 F3600 ; unretract
;infill
G1 X48.000 Y47.518 Einf F3600
G1 E-0.800 F9000 ; retract
G0 X-2.022 Y2.022 F9000 ; travel
G1 E+0.800 F3600 ; unretract
;infill
G1 X48.000 Y52.043 Einf F3600
G1 E-0.800 F9000 ; retract
G0 X-4.284 Y4.284 F9000 ; travel
G1 E+0.800 F3600 ; unretract
;infill
G1 X48.000 Y56.569 Einf F3600
G1 E-0.800 F9000 ; retract
G0 X-6.547 Y6.547 F9000 ; travel
G1 E+0.800 F3600 ; unretract
;infill
G1 X48.000 Y61.094 Einf F3600
G1 E-0.800 F9000 ; retract
G0 X-8.810 Y8.810 F9000 ; travel
G1 E+0.800 F3600 ; unretract
;infill
G1 X48.000 Y65.620 Einf F3600
G1 E-0.800 F9000 ; retract
G0 X-11.072 Y11.072 F9000 ; travel
G1 E+0.800 F3600 ; unretract
;infill
G1 X48.000 Y70.145 Einf F3600
G1 E-0.800 F9000 ; retract
G0 X-13.335 Y13.335 F9000 ; travel
G1 E+0.800 F3600 ; unretract
;infill
G1 X48.000 Y74.670 Einf F3600
G1 E-0.800 F9000 ; retract
G0 X-15.598 Y15.598 F9000 ; travel
G1 E+0.800 F3600 ; unretract
;infill
G1 X48.000 Y79.196 Einf F3600
G1 E-0.800 F9000 ; retract
G0 X-17.861 Y17.861 F9000 ; travel
G1 E+0.800 F3600 ; unretract
;infill
G1 X48.000 Y83.721 Einf F3600
G1 E-0.800 F9000 ; retract
G0 X-20.123 Y20.123 F9000 ; travel
G1 E+0.800 F3600 ; unretract
;infill
G1 X48.000 Y88.247 Einf F3600
G1 E-0.800 F9000 ; retract
G0 X-22.386 Y22.386 F9000 ; travel
G1 E+0.800 F3600 ; unretract
;infill
G1 X48.000 Y92.772 Einf F3600
;LAYER:41 ;Z:8.20
G1 Z8.20 F9000 ; move to layer
G92 E0 ; reset extruder at layer start
G1 E-0.800 F9000 ; retract
G0 X64.000 Y36.000 F9000 ; travel
G1 E+0.800 F3600 ; unretract
;perimeter
G1 X52.400 Y36.000 Einf F3600
G1 X36.000 Y36.000 Einf F3600
G1 X36.000 Y47.600 Einf F3600
G1 X36.000 Y64.000 Einf F3600
G1 X47.600 Y64.000 Einf F3600
G1 X64.000 Y64.000 Einf F3600
G1 X64.000 Y52.400 Einf F3600
G1 E-0.800 F9000 ; retract
G0 X63.520 Y36.480 F9000 ; travel
G1 E+0.800 F3600 ; unretract
;perimeter
G1 X52.400 Y36.480 Einf F3600
G1 X36.480 Y36.480 Einf F3600
G1 X36.480 Y47.600 Einf F3600
G1 X36.480 Y63.520 Einf F3600
G1 X47.600 Y63.520 Einf F3600
G1 X63.520 Y63.520 Einf F3600
G1 X63.520 Y52.400 Einf F3600
G1 E-0.800 F9000 ; retract
G0 X62.000 Y38.000 F9000 ; travel
G1 E+0.800 F3600 ; unretract
;perimeter
G1 X49.600 Y38.000 Einf F3600
G1 X38.000 Y38.000 Einf F3600
G1 X38.000 Y50.400 Einf F3600
G1 X38.000 Y62.000 Einf F3600
G1 X50.400 Y62.000 Einf F3600
G1 X62.000 Y62.000 Einf F3600
G1 X62.000 Y49.600 Einf F3600
G1 E-0.800 F9000 ; retract
G0 X61.520 Y38.480 F9000 ; travel
G1 E+0.800 F3600 ; unretract
;perimeter
G1 X49.600 Y38.480 Einf F3600
G1 X38.480 Y38.480 Einf F3600
G1 X38.480 Y50.400 Einf F3600
G1 X38.480 Y61.520 Einf F3600
G1 X50.400 Y61.520 Einf F3600
G1 X61.520 Y61.520 Einf F3600
G1 X61.520 Y49.600 Einf F3600
G1 E-0.800 F9000 ; retract
G0 X48.004 Y38.912 F9000 ; travel
G1 E+0.800 F3600 ; unretract
;perimeter
G1 X48.134 Y38.427 Einf F3600
G1 X62.544 Y38.427 Einf F3600
G1 X62.414 Y37.941 Einf F3600
G1 X62.226 Y38.171 Einf F3600
G1 X61.829 Y37.774 Einf F3600
G1 X49.026 Y37.774 Einf F3600
G1 X48.483 Y37.628 Einf F3600
G1 X47.163 Y37.456 Einf F3600
G1 X46.678 Y37.586 Einf F3600
G1 X60.743 Y50.577 Einf F3600
G1 X60.346 Y50.974 Einf F3600
G1 X47.543 Y50.974 Einf F3600
G1 X47.398 Y51.517 Einf F3600
G1 X47.398 Y38.714 Einf F3600
G1 X47.543 Y39.257 Einf F3600
G1 X60.346 Y39.257 Einf F3600
G1 X60.743 Y39.654 Einf F3600
G1 X46.678 Y53.677 Einf F3600
G1 X47.163 Y53.808 Einf F3600
G1 X61.573 Y53.808 Einf F3600
G1 X62.059 Y53.677 Einf F3600
G1 X62.059 Y39.267 Einf F3600
G1 X62.414 Y38.912 Einf F3600
G1 E-0.800 F9000 ; retract
G0 X60.732 Y60.000 F9000 ; travel
G1 E+0.800 F3600 ; unretract
;perimeter
G1 X58771885065192425390080.000 Y18314939781459887656009728.000 Einf F3600
G1 X43.000 Y59.000 Einf F3600
G1 X42.732 Y60.000 Einf F3600
G1 X6878051.500 Y60.000 Einf F3600
G1 E-0.800 F9000 ; retract
G0 X57.268 Y60.000 F9000 ; travel
G1 E+0.800 F3600 ; unretract
;perimeter
G1 X0.000 Y70361966260224807403520.000 Einf F3600
G1 X45.708 Y57.268 Einf F3600
G1 E-0.800 F9000 ; retract
G0 X42.244 Y24620567674021045243287175168.000 F9000 ; travel
G1 E+0.800 F3600 ; unretract
;perimeter
G1 X48.000 Y0.000 Einf F3600
G1 X1.658 Y32827424352422474135990435840.000 Einf F3600
G1 E-0.800 F9000 ; retract
G0 X22.869 Y-22.869 F9000 ; travel
G1 E+0.800 F3600 ; unretract
;infill
G1 X48.000 Y2.263 Einf F3600
G1 E-0.800 F9000 ; retract
G0 X20.606 Y-20.606 F9000 ; travel
G1 E+0.800 F3600 ; unretract
;infill
G1 X48.000 Y6.788 Einf F3600
G1 E-0.800 F9000 ; retract
G0 X18.343 Y-18.343 F9000 ; travel
G1 E+0.800 F3600 ; unretract
;infill
G1 X48.000 Y11.314 Einf F3600
G1 E-0.800 F9000 ; retract
G0 X16.080 Y-16.080 F9000 ; travel
G1 E+0.800 F3600 ; unretract
;infill
G1 X48.000 Y15.839 Einf F3600
G1 E-0.800 F9000 ; retract
G0 X13.818 Y-13.818 F9000 ; travel
G1 E+0.800 F3600 ; unretract
;infill
G1 X48.000 Y20.365 Einf F3600
G1 E-0.800 F9000 ; retract
G0 X11.555 Y-11.555 F9000 ; travel
G1 E+0.800 F3600 ; unretract
;infill
G1 X48.000 Y24.890 Einf F3600
G1 E-0.800 F9000 ; retract
G0 X9.292 Y-9.292 F9000 ; travel
G1 E+0.800 F3600 ; unretract
;infill
G1 X48.000 Y29.416 Einf F3600
G1 E-0.800 F9000 ; retract
G0 X7.029 Y-7.029 F9000 ; travel
G1 E+0.800 F3600 ; unretract
;infill
G1 X48.000 Y33.941 Einf F3600
G1 E-0.800 F9000 ; retract
G0 X4.767 Y-4.767 F9000 ; travel
G1 E+0.800 F3600 ; unretract
;infill
G1 X48.000 Y38.467 Einf F3600
G1 E-0.800 F9000 ; retract
G0 X2.504 Y-2.504 F9000 ; travel
G1 E+0.800 F3600 ; unretract
;infill
G1 X48.000 Y42.992 Einf F3600
G1 E-0.800 F9000 ; retract
G0 X0.241 Y-0.241 F9000 ; travel
G1 E+0.800 F3600 ; unretract
;infill
G1 X48.000 Y47.518 Einf F3600
G1 E-0.800 F9000 ; retract
G0 X-2.022 Y2.022 F9000 ; travel
G1 E+0.800 F3600 ; unretract
;infill
G1 X48.000 Y52.043 Einf F3600
G1 E-0.800 F9000 ; retract
G0 X-4.284 Y4.284 F9000 ; travel
G1 E+0.800 F3600 ; unretract
;infill
G1 X48.000 Y56.569 Einf F3600
G1 E-0.800 F9000 ; retract
G0 X-6.547 Y6.547 F9000 ; travel
G1 E+0.800 F3600 ; unretract
;infill
G1 X48.000 Y61.094 Einf F3600
G1 E-0.800 F9000 ; retract
G0 X-8.810 Y8.810 F9000 ; travel
G1 E+0.800 F3600 ; unretract
;infill
G1 X48.000 Y65.620 Einf F3600
G1 E-0.800 F9000 ; retract
G0 X-11.072 Y11.072 F9000 ; travel
G1 E+0.800 F3600 ; unretract
;infill
G1 X48.000 Y70.145 Einf F3600
G1 E-0.800 F9000 ; retract
G0 X-13.335 Y13.335 F9000 ; travel
G1 E+0.800 F3600 ; unretract
;infill
G1 X48.000 Y74.670 Einf F3600
G1 E-0.800 F9000 ; retract
G0 X-15.598 Y15.598 F9000 ; travel
G1 E+0.800 F3600 ; unretract
;infill
G1 X48.000 Y79.196 Einf F3600
G1 E-0.800 F9000 ; retract
G0 X-17.861 Y17.861 F9000 ; travel
G1 E+0.800 F3600 ; unretract
;infill
G1 X48.000 Y83.721 Einf F3600
G1 E-0.800 F9000 ; retract
G0 X-20.123 Y20.123 F9000 ; travel
G1 E+0.800 F3600 ; unretract
;infill
G1 X48.000 Y88.247 Einf F3600
G1 E-0.800 F9000 ; retract
G0 X-22.386 Y22.386 F9000 ; travel
G1 E+0.800 F3600 ; unretract
;infill
G1 X48.000 Y92.772 Einf F3600
;LAYER:42 ;Z:8.40
G1 Z8.40 F9000 ; move to layer
G92 E0 ; reset extruder at layer start
G1 E-0.800 F9000 ; retract
G0 X64.000 Y36.000 F9000 ; travel
G1 E+0.800 F3600 ; unretract
;perimeter
G1 X52.800 Y36.000 Einf F3600
G1 X36.000 Y36.000 Einf F3600
G1 X36.000 Y47.200 Einf F3600
G1 X36.000 Y64.000 Einf F3600
G1 X47.200 Y64.000 Einf F3600
G1 X64.000 Y64.000 Einf F3600
G1 X64.000 Y52.800 Einf F3600
G1 E-0.800 F9000 ; retract
G0 X63.520 Y36.480 F9000 ; travel
G1 E+0.800 F3600 ; unretract
;perimeter
G1 X52.800 Y36.480 Einf F3600
G1 X36.480 Y36.480 Einf F3600
G1 X36.480 Y47.200 Einf F3600
G1 X36.480 Y63.520 Einf F3600
G1 X47.200 Y63.520 Einf F3600
G1 X63.520 Y63.520 Einf F3600
G1 X63.520 Y52.800 Einf F3600
G1 E-0.800 F9000 ; retract
G0 X62.000 Y38.000 F9000 ; travel
G1 E+0.800 F3600 ; unretract
;perimeter
G1 X49.200 Y38.000 Einf F3600
G1 X38.000 Y38.000 Einf F3600
G1 X38.000 Y50.800 Einf F3600
G1 X38.000 Y62.000 Einf F3600
G1 X50.800 Y62.000 Einf F3600
G1 X62.000 Y62.000 Einf F3600
G1 X62.000 Y49.200 Einf F3600
G1 E-0.800 F9000 ; retract
G0 X61.520 Y38.480 F9000 ; travel
G1 E+0.800 F3600 ; unretract
;perimeter
G1 X49.200 Y38.480 Einf F3600
G1 X38.480 Y38.480 Einf F3600
G1 X38.480 Y50.800 Einf F3600
G1 X38.480 Y61.520 Einf F3600
G1 X50.800 Y61.520 Einf F3600
G1 X61.520 Y61.520 Einf F3600
G1 X61.520 Y49.200 Einf F3600
G1 E-0.800 F9000 ; retract
G0 X47.590 Y38.812 F9000 ; travel
G1 E+0.800 F3600 ; unretract
;perimeter
G1 X47.715 Y38.343 Einf F3600
G1 X62.594 Y38.343 Einf F3600
G1 X62.469 Y37.874 Einf F3600
G1 X62.275 Y38.112 Einf F3600
G1 X61.888 Y37.725 Einf F3600
G1 X48.669 Y37.725 Einf F3600
G1 X48.141 Y37.584 Einf F3600
G1 X48.141 Y37.584 Einf F3600
G1 E-0.800 F9000 ; retract
G0 X60.732 Y60.000 F9000 ; travel
G1 E+0.800 F3600 ; unretract
;perimeter
G1 X58771885065192425390080.000 Y18314939781459887656009728.000 Einf F3600
G1 X43.000 Y59.000 Einf F3600
G1 X42.732 Y60.000 Einf F3600
G1 X7101727.000 Y60.000 Einf F3600
G1 E-0.800 F9000 ; retract
G0 X57.268 Y60.000 F9000 ; travel
G1 E+0.800 F3600 ; unretract
;perimeter
G1 X0.000 Y70361966260224807403520.000 Einf F3600
G1 X45.894 Y57.268 Einf F3600
G1 E-0.800 F9000 ; retract
G0 X42.284 Y25421237827641869284801511424.000 F9000 ; travel
G1 E+0.800 F3600 ; unretract
;perimeter
G1 X48.000 Y0.000 Einf F3600
G1 X1.699 Y33628094506043298177504772096.000 Einf F3600
G1 E-0.800 F9000 ; retract
G0 X22.869 Y-22.869 F9000 ; travel
G1 E+0.800 F3600 ; unretract
;infill
G1 X48.000 Y2.263 Einf F3600
G1 E-0.800 F9000 ; retract
G0 X20.606 Y-20.606 F9000 ; travel
G1 E+0.800 F3600 ; unretract
;infill
G1 X48.000 Y6.788 Einf F3600
G1 E-0.800 F9000 ; retract
G0 X18.343 Y-18.343 F9000 ; travel
G1 E+0.800 F3600 ; unretract
;infill
G1 X48.000 Y11.314 Einf F3600
G1 E-0.800 F9000 ; retract
G0 X16.080 Y-16.080 F9000 ; travel
G1 E+0.800 F3600 ; unretract
;infill
G1 X48.000 Y15.839 Einf F3600
G1 E-0.800 F9000 ; retract
G0 X13.818 Y-13.818 F9000 ; travel
G1 E+0.800 F3600 ; unretract
;infill
G1 X48.000 Y20.365 Einf F3600
G1 E-0.800 F9000 ; retract
G0 X11.555 Y-11.555 F9000 ; travel
G1 E+0.800 F3600 ; unretract
;infill
G1 X48.000 Y24.890 Einf F3600
G1 E-0.800 F9000 ; retract
G0 X9.292 Y-9.292 F9000 ; travel
G1 E+0.800 F3600 ; unretract
;infill
G1 X48.000 Y29.416 Einf F3600
G1 E-0.800 F9000 ; retract
G0 X7.029 Y-7.029 F9000 ; travel
G1 E+0.800 F3600 ; unretract
;infill
G1 X48.000 Y33.941 Einf F3600
G1 E-0.800 F9000 ; retract
G0 X4.767 Y-4.767 F9000 ; travel
G1 E+0.800 F3600 ; unretract
;infill
G1 X48.000 Y38.467 Einf F3600
G1 E-0.800 F9000 ; retract
G0 X2.504 Y-2.504 F9000 ; travel
G1 E+0.800 F3600 ; unretract
;infill
G1 X48.000 Y42.992 Einf F3600
G1 E-0.800 F9000 ; retract
G0 X0.241 Y-0.241 F9000 ; travel
G1 E+0.800 F3600 ; unretract
;infill
G1 X48.000 Y47.518 Einf F3600
G1 E-0.800 F9000 ; retract
G0 X-2.022 Y2.022 F9000 ; travel
G1 E+0.800 F3600 ; unretract
;infill
G1 X48.000 Y52.043 Einf F3600
G1 E-0.800 F9000 ; retract
G0 X-4.284 Y4.284 F9000 ; travel
G1 E+0.800 F3600 ; unretract
;infill
G1 X48.000 Y56.569 Einf F3600
G1 E-0.800 F9000 ; retract
G0 X-6.547 Y6.547 F9000 ; travel
G1 E+0.800 F3600 ; unretract
;infill
G1 X48.000 Y61.094 Einf F3600
G1 E-0.800 F9000 ; retract
G0 X-8.810 Y8.810 F9000 ; travel
G1 E+0.800 F3600 ; unretract
;infill
G1 X48.000 Y65.620 Einf F3600
G1 E-0.800 F9000 ; retract
G0 X-11.072 Y11.072 F9000 ; travel
G1 E+0.800 F3600 ; unretract
;infill
G1 X48.000 Y70.145 Einf F3600
G1 E-0.800 F9000 ; retract
G0 X-13.335 Y13.335 F9000 ; travel
G1 E+0.800 F3600 ; unretract
;infill
G1 X48.000 Y74.670 Einf F3600
G1 E-0.800 F9000 ; retract
G0 X-15.598 Y15.598 F9000 ; travel
G1 E+0.800 F3600 ; unretract
;infill
G1 X48.000 Y79.196 Einf F3600
G1 E-0.800 F9000 ; retract
G0 X-17.861 Y17.861 F9000 ; travel
G1 E+0.800 F3600 ; unretract
;infill
G1 X48.000 Y83.721 Einf F3600
G1 E-0.800 F9000 ; retract
G0 X-20.123 Y20.123 F9000 ; travel
G1 E+0.800 F3600 ; unretract
;infill
G1 X48.000 Y88.247 Einf F3600
G1 E-0.800 F9000 ; retract
G0 X-22.386 Y22.386 F9000 ; travel
G1 E+0.800 F3600 ; unretract
;infill
G1 X48.000 Y92.772 Einf F3600
;LAYER:43 ;Z:8.60
G1 Z8.60 F9000 ; move to layer
G92 E0 ; reset extruder at layer start
G1 E-0.800 F9000 ; retract
G0 X64.000 Y36.000 F9000 ; travel
G1 E+0.800 F3600 ; unretract
;perimeter
G1 X53.200 Y36.000 Einf F3600
G1 X36.000 Y36.000 Einf F3600
G1 X36.000 Y46.800 Einf F3600
G1 X36.000 Y64.000 Einf F3600
G1 X46.800 Y64.000 Einf F3600
G1 X64.000 Y64.000 Einf F3600
G1 X64.000 Y53.200 Einf F3600
G1 E-0.800 F9000 ; retract
G0 X63.520 Y36.480 F9000 ; travel
G1 E+0.800 F3600 ; unretract
;perimeter
G1 X53.200 Y36.480 Einf F3600
G1 X36.480 Y36.480 Einf F3600
G1 X36.480 Y46.800 Einf F3600
G1 X36.480 Y63.520 Einf F3600
G1 X46.800 Y63.520 Einf F3600
G1 X63.520 Y63.520 Einf F3600
G1 X63.520 Y53.200 Einf F3600
G1 E-0.800 F9000 ; retract
G0 X62.000 Y38.000 F9000 ; travel
G1 E+0.800 F3600 ; unretract
;perimeter
G1 X48.800 Y38.000 Einf F3600
G1 X38.000 Y38.000 Einf F3600
G1 X38.000 Y51.200 Einf F3600
G1 X38.000 Y62.000 Einf F3600
G1 X51.200 Y62.000 Einf F3600
G1 X62.000 Y62.000 Einf F3600
G1 X62.000 Y48.800 Einf F3600
G1 E-0.800 F9000 ; retract
G0 X61.520 Y38.480 F9000 ; travel
G1 E+0.800 F3600 ; unretract
;perimeter
G1 X48.800 Y38.480 Einf F3600
G1 X38.480 Y38.480 Einf F3600
G1 X38.480 Y51.200 Einf F3600
G1 X38.480 Y61.520 Einf F3600
G1 X51.200 Y61.520 Einf F3600
G1 X61.520 Y61.520 Einf F3600
G1 X61.520 Y48.800 Einf F3600
G1 E-0.800 F9000 ; retract
G0 X60.732 Y60.000 F9000 ; travel
G1 E+0.800 F3600 ; unretract
;perimeter
G1 X58771885065192425390080.000 Y18314939781459887656009728.000 Einf F3600
G1 X43.000 Y59.000 Einf F3600
G1 X42.732 Y60.000 Einf F3600
G1 X7325402.000 Y60.000 Einf F3600
G1 E-0.800 F9000 ; retract
G0 X57.268 Y60.000 F9000 ; travel
G1 E+0.800 F3600 ; unretract
;perimeter
G1 X0.000 Y70361966260224807403520.000 Einf F3600
G1 X46.079 Y57.268 Einf F3600
G1 E-0.800 F9000 ; retract
G0 X42.325 Y26221905620079451891493240832.000 F9000 ; travel
G1 E+0.800 F3600 ; unretract
;perimeter
G1 X48.000 Y0.000 Einf F3600
G1 X1.739 Y34428764659664122219019108352.000 Einf F3600
G1 E-0.800 F9000 ; retract
G0 X22.869 Y-22.869 F9000 ; travel
G1 E+0.800 F3600 ; unretract
;infill
G1 X48.000 Y2.263 Einf F3600
G1 E-0.800 F9000 ; retract
G0 X20.606 Y-20.606 F9000 ; travel
G1 E+0.800 F3600 ; unretract
;infill
G1 X48.000 Y6.788 Einf F3600
G1 E-0.800 F9000 ; retract
G0 X18.343 Y-18.343 F9000 ; travel
G1 E+0.800 F3600 ; unretract
;infill
G1 X48.000 Y11.314 Einf F3600
G1 E-0.800 F9000 ; retract
G0 X16.080 Y-16.080 F9000 ; travel
G1 E+0.800 F3600 ; unretract
;infill
G1 X48.000 Y15.839 Einf F3600
G1 E-0.800 F9000 ; retract
G0 X13.818 Y-13.818 F9000 ; travel
G1 E+0.800 F3600 ; unretract
;infill
G1 X48.000 Y20.365 Einf F3600
G1 E-0.800 F9000 ; retract
G0 X11.555 Y-11.555 F9000 ; travel
G1 E+0.800 F3600 ; unretract
;infill
G1 X48.000 Y24.890 Einf F3600
G1 E-0.800 F9000 ; retract
G0 X9.292 Y-9.292 F9000 ; travel
G1 E+0.800 F3600 ; unretract
;infill
G1 X48.000 Y29.416 Einf F3600
G1 E-0.800 F9000 ; retract
G0 X7.029 Y-7.029 F9000 ; travel
G1 E+0.800 F3600 ; unretract
;infill
G1 X48.000 Y33.941 Einf F3600
G1 E-0.800 F9000 ; retract
G0 X4.767 Y-4.767 F9000 ; travel
G1 E+0.800 F3600 ; unretract
;infill
G1 X48.000 Y38.467 Einf F3600
G1 E-0.800 F9000 ; retract
G0 X2.504 Y-2.504 F9000 ; travel
G1 E+0.800 F3600 ; unretract
;infill
G1 X48.000 Y42.992 Einf F3600
G1 E-0.800 F9000 ; retract
G0 X0.241 Y-0.241 F9000 ; travel
G1 E+0.800 F3600 ; unretract
;infill
G1 X48.000 Y47.518 Einf F3600
G1 E-0.800 F9000 ; retract
G0 X-2.022 Y2.022 F9000 ; travel
G1 E+0.800 F3600 ; unretract
;infill
G1 X48.000 Y52.043 Einf F3600
G1 E-0.800 F9000 ; retract
G0 X-4.284 Y4.284 F9000 ; travel
G1 E+0.800 F3600 ; unretract
;infill
G1 X48.000 Y56.569 Einf F3600
G1 E-0.800 F9000 ; retract
G0 X-6.547 Y6.547 F9000 ; travel
G1 E+0.800 F3600 ; unretract
;infill
G1 X48.000 Y61.094 Einf F3600
G1 E-0.800 F9000 ; retract
G0 X-8.810 Y8.810 F9000 ; travel
G1 E+0.800 F3600 ; unretract
;infill
G1 X48.000 Y65.620 Einf F3600
G1 E-0.800 F9000 ; retract
G0 X-11.072 Y11.072 F9000 ; travel
G1 E+0.800 F3600 ; unretract
;infill
G1 X48.000 Y70.145 Einf F3600
G1 E-0.800 F9000 ; retract
G0 X-13.335 Y13.335 F9000 ; travel
G1 E+0.800 F3600 ; unretract
;infill
G1 X48.000 Y74.670 Einf F3600
G1 E-0.800 F9000 ; retract
G0 X-15.598 Y15.598 F9000 ; travel
G1 E+0.800 F3600 ; unretract
;infill
G1 X48.000 Y79.196 Einf F3600
G1 E-0.800 F9000 ; retract
G0 X-17.861 Y17.861 F9000 ; travel
G1 E+0.800 F3600 ; unretract
;infill
G1 X48.000 Y83.721 Einf F3600
G1 E-0.800 F9000 ; retract
G0 X-20.123 Y20.123 F9000 ; travel
G1 E+0.800 F3600 ; unretract
;infill
G1 X48.000 Y88.247 Einf F3600
G1 E-0.800 F9000 ; retract
G0 X-22.386 Y22.386 F9000 ; travel
G1 E+0.800 F3600 ; unretract
;infill
G1 X48.000 Y92.772 Einf F3600
;LAYER:44 ;Z:8.80
G1 Z8.80 F9000 ; move to layer
G92 E0 ; reset extruder at layer start
G1 E-0.800 F9000 ; retract
G0 X64.000 Y36.000 F9000 ; travel
G1 E+0.800 F3600 ; unretract
;perimeter
G1 X53.600 Y36.000 Einf F3600
G1 X36.000 Y36.000 Einf F3600
G1 X36.000 Y46.400 Einf F3600
G1 X36.000 Y64.000 Einf F3600
G1 X46.400 Y64.000 Einf F3600
G1 X64.000 Y64.000 Einf F3600
G1 X64.000 Y53.600 Einf F3600
G1 E-0.800 F9000 ; retract
G0 X63.520 Y36.480 F9000 ; travel
G1 E+0.800 F3600 ; unretract
;perimeter
G1 X53.600 Y36.480 Einf F3600
G1 X36.480 Y36.480 Einf F3600
G1 X36.480 Y46.400 Einf F3600
G1 X36.480 Y63.520 Einf F3600
G1 X46.400 Y63.520 Einf F3600
G1 X63.520 Y63.520 Einf F3600
G1 X63.520 Y53.600 Einf F3600
G1 E-0.800 F9000 ; retract
G0 X62.000 Y38.000 F9000 ; travel
G1 E+0.800 F3600 ; unretract
;perimeter
G1 X48.400 Y38.000 Einf F3600
G1 X38.000 Y38.000 Einf F3600
G1 X38.000 Y51.600 Einf F3600
G1 X38.000 Y62.000 Einf F3600
G1 X51.600 Y62.000 Einf F3600
G1 X62.000 Y62.000 Einf F3600
G1 X62.000 Y48.400 Einf F3600
G1 E-0.800 F9000 ; retract
G0 X61.520 Y38.480 F9000 ; travel
G1 E+0.800 F3600 ; unretract
;perimeter
G1 X48.400 Y38.480 Einf F3600
G1 X38.480 Y38.480 Einf F3600
G1 X38.480 Y51.600 Einf F3600
G1 X38.480 Y61.520 Einf F3600
G1 X51.600 Y61.520 Einf F3600
G1 X61.520 Y61.520 Einf F3600
G1 X61.520 Y48.400 Einf F3600
G1 E-0.800 F9000 ; retract
G0 X46.762 Y38.611 F9000 ; travel
G1 E+0.800 F3600 ; unretract
;perimeter
G1 X46.879 Y38.176 Einf F3600
G1 X62.695 Y38.176 Einf F3600
G1 X62.578 Y37.741 Einf F3600
G1 X62.372 Y37.993 Einf F3600
G1 X62.007 Y37.628 Einf F3600
G1 X47.955 Y37.628 Einf F3600
G1 X47.457 Y37.494 Einf F3600
G1 X46.008 Y37.305 Einf F3600
G1 X45.573 Y37.422 Einf F3600
G1 X45.573 Y37.422 Einf F3600
G1 E-0.800 F9000 ; retract
G0 X60.732 Y60.000 F9000 ; travel
G1 E+0.800 F3600 ; unretract
;perimeter
G1 X58771885065192425390080.000 Y18314939781459887656009728.000 Einf F3600
G1 X43.000 Y59.000 Einf F3600
G1 X42.732 Y60.000 Einf F3600
G1 X7549077.000 Y60.000 Einf F3600
G1 E-0.800 F9000 ; retract
G0 X57.268 Y60.000 F9000 ; travel
G1 E+0.800 F3600 ; unretract
;perimeter
G1 X0.000 Y70361966260224807403520.000 Einf F3600
G1 X46.265 Y57.268 Einf F3600
G1 E-0.800 F9000 ; retract
G0 X57.000 Y59.000 F9000 ; travel
G1 E+0.800 F3600 ; unretract
;perimeter
G1 X64.000 Y0.000 Einf F3600
G1 X57.000 Y59.000 Einf F3600
G1 X57.268 Y58.000 Einf F3600
G1 X57.093 Y57.823 Einf F3600
G1 X57.823 Y57.093 Einf F3600
G1 X58.000 Y57.268 Einf F3600
G1 X59.000 Y57.000 Einf F3600
G1 X0.000 Y0.000 Einf F3600
G1 E-0.800 F9000 ; retract
G0 X42.365 Y27022575773700275933007577088.000 F9000 ; travel
G1 E+0.800 F3600 ; unretract
;perimeter
G1 X48.000 Y0.000 Einf F3600
G1 X1.779 Y35229430090918463390888230912.000 Einf F3600
G1 E-0.800 F9000 ; retract
G0 X22.869 Y-22.869 F9000 ; travel
G1 E+0.800 F3600 ; unretract
;infill
G1 X48.000 Y2.263 Einf F3600
G1 E-0.800 F9000 ; retract
G0 X20.606 Y-20.606 F9000 ; travel
G1 E+0.800 F3600 ; unretract
;infill
G1 X48.000 Y6.788 Einf F3600
G1 E-0.800 F9000 ; retract
G0 X18.343 Y-18.343 F9000 ; travel
G1 E+0.800 F3600 ; unretract
;infill
G1 X48.000 Y11.314 Einf F3600
G1 E-0.800 F9000 ; retract
G0 X16.080 Y-16.080 F9000 ; travel
G1 E+0.800 F3600 ; unretract
;infill
G1 X48.000 Y15.839 Einf F3600
G1 E-0.800 F9000 ; retract
G0 X13.818 Y-13.818 F9000 ; travel
G1 E+0.800 F3600 ; unretract
;infill
G1 X48.000 Y20.365 Einf F3600
G1 E-0.800 F9000 ; retract
G0 X11.555 Y-11.555 F9000 ; travel
G1 E+0.800 F3600 ; unretract
;infill
G1 X48.000 Y24.890 Einf F3600
G1 E-0.800 F9000 ; retract
G0 X9.292 Y-9.292 F9000 ; travel
G1 E+0.800 F3600 ; unretract
;infill
G1 X48.000 Y29.416 Einf F3600
G1 E-0.800 F9000 ; retract
G0 X7.029 Y-7.029 F9000 ; travel
G1 E+0.800 F3600 ; unretract
;infill
G1 X48.000 Y33.941 Einf F3600
G1 E-0.800 F9000 ; retract
G0 X4.767 Y-4.767 F9000 ; travel
G1 E+0.800 F3600 ; unretract
;infill
G1 X48.000 Y38.467 Einf F3600
G1 E-0.800 F9000 ; retract
G0 X2.504 Y-2.504 F9000 ; travel
G1 E+0.800 F3600 ; unretract
;infill
G1 X48.000 Y42.992 Einf F3600
G1 E-0.800 F9000 ; retract
G0 X0.241 Y-0.241 F9000 ; travel
G1 E+0.800 F3600 ; unretract
;infill
G1 X48.000 Y47.518 Einf F3600
G1 E-0.800 F9000 ; retract
G0 X-2.022 Y2.022 F9000 ; travel
G1 E+0.800 F3600 ; unretract
;infill
G1 X48.000 Y52.043 Einf F3600
G1 E-0.800 F9000 ; retract
G0 X-4.284 Y4.284 F9000 ; travel
G1 E+0.800 F3600 ; unretract
;infill
G1 X48.000 Y56.569 Einf F3600
G1 E-0.800 F9000 ; retract
G0 X-6.547 Y6.547 F9000 ; travel
G1 E+0.800 F3600 ; unretract
;infill
G1 X48.000 Y61.094 Einf F3600
G1 E-0.800 F9000 ; retract
G0 X-8.810 Y8.810 F9000 ; travel
G1 E+0.800 F3600 ; unretract
;infill
G1 X48.000 Y65.620 Einf F3600
G1 E-0.800 F9000 ; retract
G0 X-11.072 Y11.072 F9000 ; travel
G1 E+0.800 F3600 ; unretract
;infill
G1 X48.000 Y70.145 Einf F3600
G1 E-0.800 F9000 ; retract
G0 X-13.335 Y13.335 F9000 ; travel
G1 E+0.800 F3600 ; unretract
;infill
G1 X48.000 Y74.670 Einf F3600
G1 E-0.800 F9000 ; retract
G0 X-15.598 Y15.598 F9000 ; travel
G1 E+0.800 F3600 ; unretract
;infill
G1 X48.000 Y79.196 Einf F3600
G1 E-0.800 F9000 ; retract
G0 X-17.861 Y17.861 F9000 ; travel
G1 E+0.800 F3600 ; unretract
;infill
G1 X48.000 Y83.721 Einf F3600
G1 E-0.800 F9000 ; retract
G0 X-20.123 Y20.123 F9000 ; travel
G1 E+0.800 F3600 ; unretract
;infill
G1 X48.000 Y88.247 Einf F3600
G1 E-0.800 F9000 ; retract
G0 X-22.386 Y22.386 F9000 ; travel
G1 E+0.800 F3600 ; unretract
;infill
G1 X48.000 Y92.772 Einf F3600
;LAYER:45 ;Z:9.00
G1 Z9.00 F9000 ; move to layer
G92 E0 ; reset extruder at layer start
G1 E-0.800 F9000 ; retract
G0 X64.000 Y36.000 F9000 ; travel
G1 E+0.800 F3600 ; unretract
;perimeter
G1 X54.000 Y36.000 Einf F3600
G1 X36.000 Y36.000 Einf F3600
G1 X36.000 Y46.000 Einf F3600
G1 X36.000 Y64.000 Einf F3600
G1 X46.000 Y64.000 Einf F3600
G1 X64.000 Y64.000 Einf F3600
G1 X64.000 Y54.000 Einf F3600
G1 E-0.800 F9000 ; retract
G0 X63.520 Y36.480 F9000 ; travel
G1 E+0.800 F3600 ; unretract
;perimeter
G1 X54.000 Y36.480 Einf F3600
G1 X36.480 Y36.480 Einf F3600
G1 X36.480 Y46.000 Einf F3600
G1 X36.480 Y63.520 Einf F3600
G1 X46.000 Y63.520 Einf F3600
G1 X63.520 Y63.520 Einf F3600
G1 X63.520 Y54.000 Einf F3600
G1 E-0.800 F9000 ; retract
G0 X62.000 Y38.000 F9000 ; travel
G1 E+0.800 F3600 ; unretract
;perimeter
G1 X48.000 Y38.000 Einf F3600
G1 X38.000 Y38.000 Einf F3600
G1 X38.000 Y52.000 Einf F3600
G1 X38.000 Y62.000 Einf F3600
G1 X52.000 Y62.000 Einf F3600
G1 X62.000 Y62.000 Einf F3600
G1 X62.000 Y48.000 Einf F3600
G1 E-0.800 F9000 ; retract
G0 X61.520 Y38.480 F9000 ; travel
G1 E+0.800 F3600 ; unretract
;perimeter
G1 X48.000 Y38.480 Einf F3600
G1 X38.480 Y38.480 Einf F3600
G1 X38.480 Y52.000 Einf F3600
G1 X38.480 Y61.520 Einf F3600
G1 X52.000 Y61.520 Einf F3600
G1 X61.520 Y61.520 Einf F3600
G1 X61.520 Y48.000 Einf F3600
G1 E-0.800 F9000 ; retract
G0 X46.348 Y38.510 F9000 ; travel
G1 E+0.800 F3600 ; unretract
;perimeter
G1 X46.460 Y38.092 Einf F3600
G1 X62.745 Y38.092 Einf F3600
G1 X62.633 Y37.674 Einf F3600
G1 X62.421 Y37.933 Einf F3600
G1 X62.067 Y37.579 Einf F3600
G1 X47.599 Y37.579 Einf F3600
G1 X47.599 Y37.579 Einf F3600
G1 E-0.800 F9000 ; retract
G0 X60.732 Y60.000 F9000 ; travel
G1 E+0.800 F3600 ; unretract
;perimeter
G1 X58771885065192425390080.000 Y18314939781459887656009728.000 Einf F3600
G1 X43.000 Y59.000 Einf F3600
G1 X42.732 Y60.000 Einf F3600
G1 X7772752.000 Y60.000 Einf F3600
G1 E-0.800 F9000 ; retract
G0 X57.268 Y60.000 F9000 ; travel
G1 E+0.800 F3600 ; unretract
;perimeter
G1 X0.000 Y70361966260224807403520.000 Einf F3600
G1 X46.451 Y57.268 Einf F3600
G1 E-0.800 F9000 ; retract
G0 X57.000 Y59.000 F9000 ; travel
G1 E+0.800 F3600 ; unretract
;perimeter
G1 X64.000 Y0.000 Einf F3600
G1 X57.000 Y59.000 Einf F3600
G1 X57.268 Y58.000 Einf F3600
G1 X57.088 Y57.818 Einf F3600
G1 X57.818 Y57.088 Einf F3600
G1 X58.000 Y57.268 Einf F3600
G1 X59.000 Y57.000 Einf F3600
G1 X0.000 Y0.000 Einf F3600
G1 E-0.800 F9000 ; retract
G0 X42.405 Y27823241204954617104876699648.000 F9000 ; travel
G1 E+0.800 F3600 ; unretract
;perimeter
G1 X48.000 Y0.000 Einf F3600
G1 X1.820 Y36030097883356045997579960320.000 Einf F3600
G1 E-0.800 F9000 ; retract
G0 X22.869 Y-22.869 F9000 ; travel
G1 E+0.800 F3600 ; unretract
;infill
G1 X48.000 Y2.263 Einf F3600
G1 E-0.800 F9000 ; retract
G0 X20.606 Y-20.606 F9000 ; travel
G1 E+0.800 F3600 ; unretract
;infill
G1 X48.000 Y6.788 Einf F3600
G1 E-0.800 F9000 ; retract
G0 X18.343 Y-18.343 F9000 ; travel
G1 E+0.800 F3600 ; unretract
;infill
G1 X48.000 Y11.314 Einf F3600
G1 E-0.800 F9000 ; retract
G0 X16.080 Y-16.080 F9000 ; travel
G1 E+0.800 F3600 ; unretract
;infill
G1 X48.000 Y15.839 Einf F3600
G1 E-0.800 F9000 ; retract
G0 X13.818 Y-13.818 F9000 ; travel
G1 E+0.800 F3600 ; unretract
;infill
G1 X48.000 Y20.365 Einf F3600
G1 E-0.800 F9000 ; retract
G0 X11.555 Y-11.555 F9000 ; travel
G1 E+0.800 F3600 ; unretract
;infill
G1 X48.000 Y24.890 Einf F3600
G1 E-0.800 F9000 ; retract
G0 X9.292 Y-9.292 F9000 ; travel
G1 E+0.800 F3600 ; unretract
;infill
G1 X48.000 Y29.416 Einf F3600
G1 E-0.800 F9000 ; retract
G0 X7.029 Y-7.029 F9000 ; travel
G1 E+0.800 F3600 ; unretract
;infill
G1 X48.000 Y33.941 Einf F3600
G1 E-0.800 F9000 ; retract
G0 X4.767 Y-4.767 F9000 ; travel
G1 E+0.800 F3600 ; unretract
;infill
G1 X48.000 Y38.467 Einf F3600
G1 E-0.800 F9000 ; retract
G0 X2.504 Y-2.504 F9000 ; travel
G1 E+0.800 F3600 ; unretract
;infill
G1 X48.000 Y42.992 Einf F3600
G1 E-0.800 F9000 ; retract
G0 X0.241 Y-0.241 F9000 ; travel
G1 E+0.800 F3600 ; unretract
;infill
G1 X48.000 Y47.518 Einf F3600
G1 E-0.800 F9000 ; retract
G0 X-2.022 Y2.022 F9000 ; travel
G1 E+0.800 F3600 ; unretract
;infill
G1 X48.000 Y52.043 Einf F3600
G1 E-0.800 F9000 ; retract
G0 X-4.284 Y4.284 F9000 ; travel
G1 E+0.800 F3600 ; unretract
;infill
G1 X48.000 Y56.569 Einf F3600
G1 E-0.800 F9000 ; retract
G0 X-6.547 Y6.547 F9000 ; travel
G1 E+0.800 F3600 ; unretract
;infill
G1 X48.000 Y61.094 Einf F3600
G1 E-0.800 F9000 ; retract
G0 X-8.810 Y8.810 F9000 ; travel
G1 E+0.800 F3600 ; unretract
;infill
G1 X48.000 Y65.620 Einf F3600
G1 E-0.800 F9000 ; retract
G0 X-11.072 Y11.072 F9000 ; travel
G1 E+0.800 F3600 ; unretract
;infill
G1 X48.000 Y70.145 Einf F3600
G1 E-0.800 F9000 ; retract
G0 X-13.335 Y13.335 F9000 ; travel
G1 E+0.800 F3600 ; unretract
;infill
G1 X48.000 Y74.670 Einf F3600
G1 E-0.800 F9000 ; retract
G0 X-15.598 Y15.598 F9000 ; travel
G1 E+0.800 F3600 ; unretract
;infill
G1 X48.000 Y79.196 Einf F3600
G1 E-0.800 F9000 ; retract
G0 X-17.861 Y17.861 F9000 ; travel
G1 E+0.800 F3600 ; unretract
;infill
G1 X48.000 Y83.721 Einf F3600
G1 E-0.800 F9000 ; retract
G0 X-20.123 Y20.123 F9000 ; travel
G1 E+0.800 F3600 ; unretract
;infill
G1 X48.000 Y88.247 Einf F3600
G1 E-0.800 F9000 ; retract
G0 X-22.386 Y22.386 F9000 ; travel
G1 E+0.800 F3600 ; unretract
;infill
G1 X48.000 Y92.772 Einf F3600
;LAYER:46 ;Z:9.20
G1 Z9.20 F9000 ; move to layer
G92 E0 ; reset extruder at layer start
G1 E-0.800 F9000 ; retract
G0 X64.000 Y36.000 F9000 ; travel
G1 E+0.800 F3600 ; unretract
;perimeter
G1 X54.400 Y36.000 Einf F3600
G1 X36.000 Y36.000 Einf F3600
G1 X36.000 Y45.600 Einf F3600
G1 X36.000 Y64.000 Einf F3600
G1 X45.600 Y64.000 Einf F3600
G1 X64.000 Y64.000 Einf F3600
G1 X64.000 Y54.400 Einf F3600
G1 E-0.800 F9000 ; retract
G0 X63.520 Y36.480 F9000 ; travel
G1 E+0.800 F3600 ; unretract
;perimeter
G1 X54.400 Y36.480 Einf F3600
G1 X36.480 Y36.480 Einf F3600
G1 X36.480 Y45.600 Einf F3600
G1 X36.480 Y63.520 Einf F3600
G1 X45.600 Y63.520 Einf F3600
G1 X63.520 Y63.520 Einf F3600
G1 X63.520 Y54.400 Einf F3600
G1 E-0.800 F9000 ; retract
G0 X62.000 Y38.000 F9000 ; travel
G1 E+0.800 F3600 ; unretract
;perimeter
G1 X47.600 Y38.000 Einf F3600
G1 X38.000 Y38.000 Einf F3600
G1 X38.000 Y52.400 Einf F3600
G1 X38.000 Y62.000 Einf F3600
G1 X52.400 Y62.000 Einf F3600
G1 X62.000 Y62.000 Einf F3600
G1 X62.000 Y47.600 Einf F3600
G1 E-0.800 F9000 ; retract
G0 X61.520 Y38.480 F9000 ; travel
G1 E+0.800 F3600 ; unretract
;perimeter
G1 X47.600 Y38.480 Einf F3600
G1 X38.480 Y38.480 Einf F3600
G1 X38.480 Y52.400 Einf F3600
G1 X38.480 Y61.520 Einf F3600
G1 X52.400 Y61.520 Einf F3600
G1 X61.520 Y61.520 Einf F3600
G1 X61.520 Y47.600 Einf F3600
G1 E-0.800 F9000 ; retract
G0 X45.934 Y38.410 F9000 ; travel
G1 E+0.800 F3600 ; unretract
;perimeter
G1 X46.042 Y38.008 Einf F3600
G1 X62.795 Y38.008 Einf F3600
G1 X62.687 Y37.607 Einf F3600
G1 X62.469 Y37.874 Einf F3600
G1 X62.126 Y37.531 Einf F3600
G1 X47.242 Y37.531 Einf F3600
G1 X46.773 Y37.405 Einf F3600
G1 X45.238 Y37.205 Einf F3600
G1 X44.837 Y37.313 Einf F3600
G1 X61.190 Y52.415 Einf F3600
G1 X60.847 Y52.758 Einf F3600
G1 X45.962 Y52.758 Einf F3600
G1 X45.836 Y53.227 Einf F3600
G1 X45.836 Y38.342 Einf F3600
G1 X45.962 Y38.810 Einf F3600
G1 X60.847 Y38.810 Einf F3600
G1 X61.190 Y39.153 Einf F3600
G1 X44.837 Y55.457 Einf F3600
G1 X45.238 Y55.565 Einf F3600
G1 X61.992 Y55.565 Einf F3600
G1 X62.393 Y55.457 Einf F3600
G1 X62.393 Y38.704 Einf F3600
G1 X62.687 Y38.410 Einf F3600
G1 E-0.800 F9000 ; retract
G0 X60.732 Y60.000 F9000 ; travel
G1 E+0.800 F3600 ; unretract
;perimeter
G1 X58771885065192425390080.000 Y18314939781459887656009728.000 Einf F3600
G1 X43.000 Y59.000 Einf F3600
G1 X42.732 Y60.000 Einf F3600
G1 X7996427.000 Y60.000 Einf F3600
G1 E-0.800 F9000 ; retract
G0 X57.268 Y60.000 F9000 ; travel
G1 E+0.800 F3600 ; unretract
;perimeter
G1 X0.000 Y70361966260224807403520.000 Einf F3600
G1 X46.636 Y57.268 Einf F3600
G1 E-0.800 F9000 ; retract
G0 X57.000 Y59.000 F9000 ; travel
G1 E+0.800 F3600 ; unretract
;perimeter
G1 X64.000 Y0.000 Einf F3600
G1 X57.000 Y59.000 Einf F3600
G1 X57.268 Y58.000 Einf F3600
G1 X57.083 Y57.812 Einf F3600
G1 X57.812 Y57.083 Einf F3600
G1 X58.000 Y57.268 Einf F3600
G1 X59.000 Y57.000 Einf F3600
G1 X0.000 Y0.000 Einf F3600
G1 E-0.800 F9000 ; retract
G0 X42.446 Y28623911358575441146391035904.000 F9000 ; travel
G1 E+0.800 F3600 ; unretract
;perimeter
G1 X48.000 Y0.000 Einf F3600
G1 X1.860 Y36830768036976870039094296576.000 Einf F3600
G1 E-0.800 F9000 ; retract
G0 X22.869 Y-22.869 F9000 ; travel
G1 E+0.800 F3600 ; unretract
;infill
G1 X48.000 Y2.263 Einf F3600
G1 E-0.800 F9000 ; retract
G0 X20.606 Y-20.606 F9000 ; travel
G1 E+0.800 F3600 ; unretract
;infill
G1 X48.000 Y6.788 Einf F3600
G1 E-0.800 F9000 ; retract
G0 X18.343 Y-18.343 F9000 ; travel
G1 E+0.800 F3600 ; unretract
;infill
G1 X48.000 Y11.314 Einf F3600
G1 E-0.800 F9000 ; retract
G0 X16.080 Y-16.080 F9000 ; travel
G1 E+0.800 F3600 ; unretract
;infill
G1 X48.000 Y15.839 Einf F3600
G1 E-0.800 F9000 ; retract
G0 X13.818 Y-13.818 F9000 ; travel
G1 E+0.800 F3600 ; unretract
;infill
G1 X48.000 Y20.365 Einf F3600
G1 E-0.800 F9000 ; retract
G0 X11.555 Y-11.555 F9000 ; travel
G1 E+0.800 F3600 ; unretract
;infill
G1 X48.000 Y24.890 Einf F3600
G1 E-0.800 F9000 ; retract
G0 X9.292 Y-9.292 F9000 ; travel
G1 E+0.800 F3600 ; unretract
;infill
G1 X48.000 Y29.416 Einf F3600
G1 E-0.800 F9000 ; retract
G0 X7.029 Y-7.029 F9000 ; travel
G1 E+0.800 F3600 ; unretract
;infill
G1 X48.000 Y33.941 Einf F3600
G1 E-0.800 F9000 ; retract
G0 X4.767 Y-4.767 F9000 ; travel
G1 E+0.800 F3600 ; unretract
;infill
G1 X48.000 Y38.467 Einf F3600
G1 E-0.800 F9000 ; retract
G0 X2.504 Y-2.504 F9000 ; travel
G1 E+0.800 F3600 ; unretract
;infill
G1 X48.000 Y42.992 Einf F3600
G1 E-0.800 F9000 ; retract
G0 X0.241 Y-0.241 F9000 ; travel
G1 E+0.800 F3600 ; unretract
;infill
G1 X48.000 Y47.518 Einf F3600
G1 E-0.800 F9000 ; retract
G0 X-2.022 Y2.022 F9000 ; travel
G1 E+0.800 F3600 ; unretract
;infill
G1 X48.000 Y52.043 Einf F3600
G1 E-0.800 F9000 ; retract
G0 X-4.284 Y4.284 F9000 ; travel
G1 E+0.800 F3600 ; unretract
;infill
G1 X48.000 Y56.569 Einf F3600
G1 E-0.800 F9000 ; retract
G0 X-6.547 Y6.547 F9000 ; travel
G1 E+0.800 F3600 ; unretract
;infill
G1 X48.000 Y61.094 Einf F3600
G1 E-0.800 F9000 ; retract
G0 X-8.810 Y8.810 F9000 ; travel
G1 E+0.800 F3600 ; unretract
;infill
G1 X48.000 Y65.620 Einf F3600
G1 E-0.800 F9000 ; retract
G0 X-11.072 Y11.072 F9000 ; travel
G1 E+0.800 F3600 ; unretract
;infill
G1 X48.000 Y70.145 Einf F3600
G1 E-0.800 F9000 ; retract
G0 X-13.335 Y13.335 F9000 ; travel
G1 E+0.800 F3600 ; unretract
;infill
G1 X48.000 Y74.670 Einf F3600
G1 E-0.800 F9000 ; retract
G0 X-15.598 Y15.598 F9000 ; travel
G1 E+0.800 F3600 ; unretract
;infill
G1 X48.000 Y79.196 Einf F3600
G1 E-0.800 F9000 ; retract
G0 X-17.861 Y17.861 F9000 ; travel
G1 E+0.800 F3600 ; unretract
;infill
G1 X48.000 Y83.721 Einf F3600
G1 E-0.800 F9000 ; retract
G0 X-20.123 Y20.123 F9000 ; travel
G1 E+0.800 F3600 ; unretract
;infill
G1 X48.000 Y88.247 Einf F3600
G1 E-0.800 F9000 ; retract
G0 X-22.386 Y22.386 F9000 ; travel
G1 E+0.800 F3600 ; unretract
;infill
G1 X48.000 Y92.772 Einf F3600
;LAYER:47 ;Z:9.40
G1 Z9.40 F9000 ; move to layer
G92 E0 ; reset extruder at layer start
G1 E-0.800 F9000 ; retract
G0 X64.000 Y36.000 F9000 ; travel
G1 E+0.800 F3600 ; unretract
;perimeter
G1 X54.800 Y36.000 Einf F3600
G1 X36.000 Y36.000 Einf F3600
G1 X36.000 Y45.200 Einf F3600
G1 X36.000 Y64.000 Einf F3600
G1 X45.200 Y64.000 Einf F3600
G1 X64.000 Y64.000 Einf F3600
G1 X64.000 Y54.800 Einf F3600
G1 E-0.800 F9000 ; retract
G0 X63.520 Y36.480 F9000 ; travel
G1 E+0.800 F3600 ; unretract
;perimeter
G1 X54.800 Y36.480 Einf F3600
G1 X36.480 Y36.480 Einf F3600
G1 X36.480 Y45.200 Einf F3600
G1 X36.480 Y63.520 Einf F3600
G1 X45.200 Y63.520 Einf F3600
G1 X63.520 Y63.520 Einf F3600
G1 X63.520 Y54.800 Einf F3600
G1 E-0.800 F9000 ; retract
G0 X62.000 Y38.000 F9000 ; travel
G1 E+0.800 F3600 ; unretract
;perimeter
G1 X47.200 Y38.000 Einf F3600
G1 X38.000 Y38.000 Einf F3600
G1 X38.000 Y52.800 Einf F3600
G1 X38.000 Y62.000 Einf F3600
G1 X52.800 Y62.000 Einf F3600
G1 X62.000 Y62.000 Einf F3600
G1 X62.000 Y47.200 Einf F3600
G1 E-0.800 F9000 ; retract
G0 X61.520 Y38.480 F9000 ; travel
G1 E+0.800 F3600 ; unretract
;perimeter
G1 X47.200 Y38.480 Einf F3600
G1 X38.480 Y38.480 Einf F3600
G1 X38.480 Y52.800 Einf F3600
G1 X38.480 Y61.520 Einf F3600
G1 X52.800 Y61.520 Einf F3600
G1 X61.520 Y61.520 Einf F3600
G1 X61.520 Y47.200 Einf F3600
G1 E-0.800 F9000 ; retract
G0 X45.520 Y38.310 F9000 ; travel
G1 E+0.800 F3600 ; unretract
;perimeter
G1 X45.623 Y37.925 Einf F3600
G1 X62.845 Y37.925 Einf F3600
G1 X62.742 Y37.540 Einf F3600
G1 X62.518 Y37.814 Einf F3600
G1 X62.186 Y37.482 Einf F3600
G1 X46.885 Y37.482 Einf F3600
G1 X46.431 Y37.361 Einf F3600
G1 X44.854 Y37.155 Einf F3600
G1 X44.469 Y37.258 Einf F3600
G1 X44.469 Y37.258 Einf F3600
G1 E-0.800 F9000 ; retract
G0 X60.732 Y60.000 F9000 ; travel
G1 E+0.800 F3600 ; unretract
;perimeter
G1 X58771885065192425390080.000 Y18314939781459887656009728.000 Einf F3600
G1 X43.000 Y59.000 Einf F3600
G1 X42.732 Y60.000 Einf F3600
G1 X8220103.000 Y60.000 Einf F3600
G1 E-0.800 F9000 ; retract
G0 X57.268 Y60.000 F9000 ; travel
G1 E+0.800 F3600 ; unretract
;perimeter
G1 X0.000 Y70361966260224807403520.000 Einf F3600
G1 X46.822 Y57.268 Einf F3600
G1 E-0.800 F9000 ; retract
G0 X57.000 Y59.000 F9000 ; travel
G1 E+0.800 F3600 ; unretract
;perimeter
G1 X64.000 Y0.000 Einf F3600
G1 X57.000 Y59.000 Einf F3600
G1 X57.268 Y58.000 Einf F3600
G1 X57.077 Y57.807 Einf F3600
G1 X57.807 Y57.077 Einf F3600
G1 X58.000 Y57.268 Einf F3600
G1 X59.000 Y57.000 Einf F3600
G1 X0.000 Y0.000 Einf F3600
G1 E-0.800 F9000 ; retract
G0 X42.486 Y29424581512196265187905372160.000 F9000 ; travel
G1 E+0.800 F3600 ; unretract
;perimeter
G1 X48.000 Y0.000 Einf F3600
G1 X1.901 Y37631440551780935515431239680.000 Einf F3600
G1 E-0.800 F9000 ; retract
G0 X22.869 Y-22.869 F9000 ; travel
G1 E+0.800 F3600 ; unretract
;infill
G1 X48.000 Y2.263 Einf F3600
G1 E-0.800 F9000 ; retract
G0 X20.606 Y-20.606 F9000 ; travel
G1 E+0.800 F3600 ; unretract
;infill
G1 X48.000 Y6.788 Einf F3600
G1 E-0.800 F9000 ; retract
G0 X18.343 Y-18.343 F9000 ; travel
G1 E+0.800 F3600 ; unretract
;infill
G1 X48.000 Y11.314 Einf F3600
G1 E-0.800 F9000 ; retract
G0 X16.080 Y-16.080 F9000 ; travel
G1 E+0.800 F3600 ; unretract
;infill
G1 X48.000 Y15.839 Einf F3600
G1 E-0.800 F9000 ; retract
G0 X13.818 Y-13.818 F9000 ; travel
G1 E+0.800 F3600 ; unretract
;infill
G1 X48.000 Y20.365 Einf F3600
G1 E-0.800 F9000 ; retract
G0 X11.555 Y-11.555 F9000 ; travel
G1 E+0.800 F3600 ; unretract
;infill
G1 X48.000 Y24.890 Einf F3600
G1 E-0.800 F9000 ; retract
G0 X9.292 Y-9.292 F9000 ; travel
G1 E+0.800 F3600 ; unretract
;infill
G1 X48.000 Y29.416 Einf F3600
G1 E-0.800 F9000 ; retract
G0 X7.029 Y-7.029 F9000 ; travel
G1 E+0.800 F3600 ; unretract
;infill
G1 X48.000 Y33.941 Einf F3600
G1 E-0.800 F9000 ; retract
G0 X4.767 Y-4.767 F9000 ; travel
G1 E+0.800 F3600 ; unretract
;infill
G1 X48.000 Y38.467 Einf F3600
G1 E-0.800 F9000 ; retract
G0 X2.504 Y-2.504 F9000 ; travel
G1 E+0.800 F3600 ; unretract
;infill
G1 X48.000 Y42.992 Einf F3600
G1 E-0.800 F9000 ; retract
G0 X0.241 Y-0.241 F9000 ; travel
G1 E+0.800 F3600 ; unretract
;infill
G1 X48.000 Y47.518 Einf F3600
G1 E-0.800 F9000 ; retract
G0 X-2.022 Y2.022 F9000 ; travel
G1 E+0.800 F3600 ; unretract
;infill
G1 X48.000 Y52.043 Einf F3600
G1 E-0.800 F9000 ; retract
G0 X-4.284 Y4.284 F9000 ; travel
G1 E+0.800 F3600 ; unretract
;infill
G1 X48.000 Y56.569 Einf F3600
G1 E-0.800 F9000 ; retract
G0 X-6.547 Y6.547 F9000 ; travel
G1 E+0.800 F3600 ; unretract
;infill
G1 X48.000 Y61.094 Einf F3600
G1 E-0.800 F9000 ; retract
G0 X-8.810 Y8.810 F9000 ; travel
G1 E+0.800 F3600 ; unretract
;infill
G1 X48.000 Y65.620 Einf F3600
G1 E-0.800 F9000 ; retract
G0 X-11.072 Y11.072 F9000 ; travel
G1 E+0.800 F3600 ; unretract
;infill
G1 X48.000 Y70.145 Einf F3600
G1 E-0.800 F9000 ; retract
G0 X-13.335 Y13.335 F9000 ; travel
G1 E+0.800 F3600 ; unretract
;infill
G1 X48.000 Y74.670 Einf F3600
G1 E-0.800 F9000 ; retract
G0 X-15.598 Y15.598 F9000 ; travel
G1 E+0.800 F3600 ; unretract
;infill
G1 X48.000 Y79.196 Einf F3600
G1 E-0.800 F9000 ; retract
G0 X-17.861 Y17.861 F9000 ; travel
G1 E+0.800 F3600 ; unretract
;infill
G1 X48.000 Y83.721 Einf F3600
G1 E-0.800 F9000 ; retract
G0 X-20.123 Y20.123 F9000 ; travel
G1 E+0.800 F3600 ; unretract
;infill
G1 X48.000 Y88.247 Einf F3600
G1 E-0.800 F9000 ; retract
G0 X-22.386 Y22.386 F9000 ; travel
G1 E+0.800 F3600 ; unretract
;infill
G1 X48.000 Y92.772 Einf F3600
;LAYER:48 ;Z:9.60
G1 Z9.60 F9000 ; move to layer
G92 E0 ; reset extruder at layer start
G1 E-0.800 F9000 ; retract
G0 X64.000 Y36.000 F9000 ; travel
G1 E+0.800 F3600 ; unretract
;perimeter
G1 X55.200 Y36.000 Einf F3600
G1 X36.000 Y36.000 Einf F3600
G1 X36.000 Y44.800 Einf F3600
G1 X36.000 Y64.000 Einf F3600
G1 X44.800 Y64.000 Einf F3600
G1 X64.000 Y64.000 Einf F3600
G1 X64.000 Y55.200 Einf F3600
G1 E-0.800 F9000 ; retract
G0 X63.520 Y36.480 F9000 ; travel
G1 E+0.800 F3600 ; unretract
;perimeter
G1 X55.200 Y36.480 Einf F3600
G1 X36.480 Y36.480 Einf F3600
G1 X36.480 Y44.800 Einf F3600
G1 X36.480 Y63.520 Einf F3600
G1 X44.800 Y63.520 Einf F3600
G1 X63.520 Y63.520 Einf F3600
G1 X63.520 Y55.200 Einf F3600
G1 E-0.800 F9000 ; retract
G0 X62.000 Y38.000 F9000 ; travel
G1 E+0.800 F3600 ; unretract
;perimeter
G1 X46.800 Y38.000 Einf F3600
G1 X38.000 Y38.000 Einf F3600
G1 X38.000 Y53.200 Einf F3600
G1 X38.000 Y62.000 Einf F3600
G1 X53.200 Y62.000 Einf F3600
G1 X62.000 Y62.000 Einf F3600
G1 X62.000 Y46.800 Einf F3600
G1 E-0.800 F9000 ; retract
G0 X61.520 Y38.480 F9000 ; travel
G1 E+0.800 F3600 ; unretract
;perimeter
G1 X46.800 Y38.480 Einf F3600
G1 X38.480 Y38.480 Einf F3600
G1 X38.480 Y53.200 Einf F3600
G1 X38.480 Y61.520 Einf F3600
G1 X53.200 Y61.520 Einf F3600
G1 X61.520 Y61.520 Einf F3600
G1 X61.520 Y46.800 Einf F3600
G1 E-0.800 F9000 ; retract
G0 X45.106 Y38.209 F9000 ; travel
G1 E+0.800 F3600 ; unretract
;perimeter
G1 X45.205 Y37.841 Einf F3600
G1 X62.895 Y37.841 Einf F3600
G1 X62.797 Y37.473 Einf F3600
G1 X62.566 Y37.755 Einf F3600
G1 X62.245 Y37.434 Einf F3600
G1 X46.528 Y37.434 Einf F3600
G1 X46.089 Y37.316 Einf F3600
G1 X44.469 Y37.105 Einf F3600
G1 X44.100 Y37.203 Einf F3600
G1 X61.368 Y53.151 Einf F3600
G1 X61.047 Y53.472 Einf F3600
G1 X45.329 Y53.472 Einf F3600
G1 X45.212 Y53.911 Einf F3600
G1 X45.212 Y38.193 Einf F3600
G1 X45.329 Y38.632 Einf F3600
G1 X61.047 Y38.632 Einf F3600
G1 X61.368 Y38.953 Einf F3600
G1 X44.100 Y56.169 Einf F3600
G1 X44.469 Y56.268 Einf F3600
G1 X62.159 Y56.268 Einf F3600
G1 X62.527 Y56.169 Einf F3600
G1 X62.527 Y38.479 Einf F3600
G1 X62.797 Y38.209 Einf F3600
G1 E-0.800 F9000 ; retract
G0 X60.732 Y60.000 F9000 ; travel
G1 E+0.800 F3600 ; unretract
;perimeter
G1 X58771885065192425390080.000 Y18314939781459887656009728.000 Einf F3600
G1 X43.000 Y59.000 Einf F3600
G1 X42.732 Y60.000 Einf F3600
G1 X8443778.000 Y60.000 Einf F3600
G1 E-0.800 F9000 ; retract
G0 X57.268 Y60.000 F9000 ; travel
G1 E+0.800 F3600 ; unretract
;perimeter
G1 X0.000 Y70361966260224807403520.000 Einf F3600
G1 X47.008 Y57.268 Einf F3600
G1 E-0.800 F9000 ; retract
G0 X57.000 Y59.000 F9000 ; travel
G1 E+0.800 F3600 ; unretract
;perimeter
G1 X64.000 Y0.000 Einf F3600
G1 X57.000 Y59.000 Einf F3600
G1 X57.268 Y58.000 Einf F3600
G1 X57.072 Y57.802 Einf F3600
G1 X57.802 Y57.072 Einf F3600
G1 X58.000 Y57.268 Einf F3600
G1 X59.000 Y57.000 Einf F3600
G1 X0.000 Y0.000 Einf F3600
G1 E-0.800 F9000 ; retract
G0 X42.527 Y30225251665817089229419708416.000 F9000 ; travel
G1 E+0.800 F3600 ; unretract
;perimeter
G1 X48.000 Y0.000 Einf F3600
G1 X1.941 Y38432108344218518122122969088.000 Einf F3600
G1 E-0.800 F9000 ; retract
G0 X22.869 Y-22.869 F9000 ; travel
G1 E+0.800 F3600 ; unretract
;infill
G1 X48.000 Y2.263 Einf F3600
G1 E-0.800 F9000 ; retract
G0 X20.606 Y-20.606 F9000 ; travel
G1 E+0.800 F3600 ; unretract
;infill
G1 X48.000 Y6.788 Einf F3600
G1 E-0.800 F9000 ; retract
G0 X18.343 Y-18.343 F9000 ; travel
G1 E+0.800 F3600 ; unretract
;infill
G1 X48.000 Y11.314 Einf F3600
G1 E-0.800 F9000 ; retract
G0 X16.080 Y-16.080 F9000 ; travel
G1 E+0.800 F3600 ; unretract
;infill
G1 X48.000 Y15.839 Einf F3600
G1 E-0.800 F9000 ; retract
G0 X13.818 Y-13.818 F9000 ; travel
G1 E+0.800 F3600 ; unretract
;infill
G1 X48.000 Y20.365 Einf F3600
G1 E-0.800 F9000 ; retract
G0 X11.555 Y-11.555 F9000 ; travel
G1 E+0.800 F3600 ; unretract
;infill
G1 X48.000 Y24.890 Einf F3600
G1 E-0.800 F9000 ; retract
G0 X9.292 Y-9.292 F9000 ; travel
G1 E+0.800 F3600 ; unretract
;infill
G1 X48.000 Y29.416 Einf F3600
G1 E-0.800 F9000 ; retract
G0 X7.029 Y-7.029 F9000 ; travel
G1 E+0.800 F3600 ; unretract
;infill
G1 X48.000 Y33.941 Einf F3600
G1 E-0.800 F9000 ; retract
G0 X4.767 Y-4.767 F9000 ; travel
G1 E+0.800 F3600 ; unretract
;infill
G1 X48.000 Y38.467 Einf F3600
G1 E-0.800 F9000 ; retract
G0 X2.504 Y-2.504 F9000 ; travel
G1 E+0.800 F3600 ; unretract
;infill
G1 X48.000 Y42.992 Einf F3600
G1 E-0.800 F9000 ; retract
G0 X0.241 Y-0.241 F9000 ; travel
G1 E+0.800 F3600 ; unretract
;infill
G1 X48.000 Y47.518 Einf F3600
G1 E-0.800 F9000 ; retract
G0 X-2.022 Y2.022 F9000 ; travel
G1 E+0.800 F3600 ; unretract
;infill
G1 X48.000 Y52.043 Einf F3600
G1 E-0.800 F9000 ; retract
G0 X-4.284 Y4.284 F9000 ; travel
G1 E+0.800 F3600 ; unretract
;infill
G1 X48.000 Y56.569 Einf F3600
G1 E-0.800 F9000 ; retract
G0 X-6.547 Y6.547 F9000 ; travel
G1 E+0.800 F3600 ; unretract
;infill
G1 X48.000 Y61.094 Einf F3600
G1 E-0.800 F9000 ; retract
G0 X-8.810 Y8.810 F9000 ; travel
G1 E+0.800 F3600 ; unretract
;infill
G1 X48.000 Y65.620 Einf F3600
G1 E-0.800 F9000 ; retract
G0 X-11.072 Y11.072 F9000 ; travel
G1 E+0.800 F3600 ; unretract
;infill
G1 X48.000 Y70.145 Einf F3600
G1 E-0.800 F9000 ; retract
G0 X-13.335 Y13.335 F9000 ; travel
G1 E+0.800 F3600 ; unretract
;infill
G1 X48.000 Y74.670 Einf F3600
G1 E-0.800 F9000 ; retract
G0 X-15.598 Y15.598 F9000 ; travel
G1 E+0.800 F3600 ; unretract
;infill
G1 X48.000 Y79.196 Einf F3600
G1 E-0.800 F9000 ; retract
G0 X-17.861 Y17.861 F9000 ; travel
G1 E+0.800 F3600 ; unretract
;infill
G1 X48.000 Y83.721 Einf F3600
G1 E-0.800 F9000 ; retract
G0 X-20.123 Y20.123 F9000 ; travel
G1 E+0.800 F3600 ; unretract
;infill
G1 X48.000 Y88.247 Einf F3600
G1 E-0.800 F9000 ; retract
G0 X-22.386 Y22.386 F9000 ; travel
G1 E+0.800 F3600 ; unretract
;infill
G1 X48.000 Y92.772 Einf F3600
;LAYER:49 ;Z:9.80
G1 Z9.80 F9000 ; move to layer
G92 E0 ; reset extruder at layer start
G1 E-0.800 F9000 ; retract
G0 X64.000 Y36.000 F9000 ; travel
G1 E+0.800 F3600 ; unretract
;perimeter
G1 X55.600 Y36.000 Einf F3600
G1 X36.000 Y36.000 Einf F3600
G1 X36.000 Y44.400 Einf F3600
G1 X36.000 Y64.000 Einf F3600
G1 X44.400 Y64.000 Einf F3600
G1 X64.000 Y64.000 Einf F3600
G1 X64.000 Y55.600 Einf F3600
G1 E-0.800 F9000 ; retract
G0 X63.520 Y36.480 F9000 ; travel
G1 E+0.800 F3600 ; unretract
;perimeter
G1 X55.600 Y36.480 Einf F3600
G1 X36.480 Y36.480 Einf F3600
G1 X36.480 Y44.400 Einf F3600
G1 X36.480 Y63.520 Einf F3600
G1 X44.400 Y63.520 Einf F3600
G1 X63.520 Y63.520 Einf F3600
G1 X63.520 Y55.600 Einf F3600
G1 E-0.800 F9000 ; retract
G0 X62.000 Y38.000 F9000 ; travel
G1 E+0.800 F3600 ; unretract
;perimeter
G1 X46.400 Y38.000 Einf F3600
G1 X38.000 Y38.000 Einf F3600
G1 X38.000 Y53.600 Einf F3600
G1 X38.000 Y62.000 Einf F3600
G1 X53.600 Y62.000 Einf F3600
G1 X62.000 Y62.000 Einf F3600
G1 X62.000 Y46.400 Einf F3600
G1 E-0.800 F9000 ; retract
G0 X61.520 Y38.480 F9000 ; travel
G1 E+0.800 F3600 ; unretract
;perimeter
G1 X46.400 Y38.480 Einf F3600
G1 X38.480 Y38.480 Einf F3600
G1 X38.480 Y53.600 Einf F3600
G1 X38.480 Y61.520 Einf F3600
G1 X53.600 Y61.520 Einf F3600
G1 X61.520 Y61.520 Einf F3600
G1 X61.520 Y46.400 Einf F3600
G1 E-0.800 F9000 ; retract
G0 X60.732 Y60.000 F9000 ; travel
G1 E+0.800 F3600 ; unretract
;perimeter
G1 X58771885065192425390080.000 Y18314939781459887656009728.000 Einf F3600
G1 X43.000 Y59.000 Einf F3600
G1 X42.732 Y60.000 Einf F3600
G1 X8667453.000 Y60.000 Einf F3600
G1 E-0.800 F9000 ; retract
G0 X57.268 Y60.000 F9000 ; travel
G1 E+0.800 F3600 ; unretract
;perimeter
G1 X0.000 Y70361966260224807403520.000 Einf F3600
G1 X47.193 Y57.268 Einf F3600
G1 E-0.800 F9000 ; retract
G0 X57.000 Y59.000 F9000 ; travel
G1 E+0.800 F3600 ; unretract
;perimeter
G1 X64.000 Y0.000 Einf F3600
G1 X57.000 Y59.000 Einf F3600
G1 X57.268 Y58.000 Einf F3600
G1 X57.067 Y57.797 Einf F3600
G1 X57.797 Y57.067 Einf F3600
G1 X58.000 Y57.268 Einf F3600
G1 X59.000 Y57.000 Einf F3600
G1 X0.000 Y0.000 Einf F3600
G1 E-0.800 F9000 ; retract
G0 X42.567 Y31025919458254671836111437824.000 F9000 ; travel
G1 E+0.800 F3600 ; unretract
;perimeter
G1 X48.000 Y0.000 Einf F3600
G1 X1.982 Y39232773775472859293992091648.000 Einf F3600
G1 E-0.800 F9000 ; retract
G0 X22.869 Y-22.869 F9000 ; travel
G1 E+0.800 F3600 ; unretract
;infill
G1 X48.000 Y2.263 Einf F3600
G1 E-0.800 F9000 ; retract
G0 X20.606 Y-20.606 F9000 ; travel
G1 E+0.800 F3600 ; unretract
;infill
G1 X48.000 Y6.788 Einf F3600
G1 E-0.800 F9000 ; retract
G0 X18.343 Y-18.343 F9000 ; travel
G1 E+0.800 F3600 ; unretract
;infill
G1 X48.000 Y11.314 Einf F3600
G1 E-0.800 F9000 ; retract
G0 X16.080 Y-16.080 F9000 ; travel
G1 E+0.800 F3600 ; unretract
;infill
G1 X48.000 Y15.839 Einf F3600
G1 E-0.800 F9000 ; retract
G0 X13.818 Y-13.818 F9000 ; travel
G1 E+0.800 F3600 ; unretract
;infill
G1 X48.000 Y20.365 Einf F3600
G1 E-0.800 F9000 ; retract
G0 X11.555 Y-11.555 F9000 ; travel
G1 E+0.800 F3600 ; unretract
;infill
G1 X48.000 Y24.890 Einf F3600
G1 E-0.800 F9000 ; retract
G0 X9.292 Y-9.292 F9000 ; travel
G1 E+0.800 F3600 ; unretract
;infill
G1 X48.000 Y29.416 Einf F3600
G1 E-0.800 F9000 ; retract
G0 X7.029 Y-7.029 F9000 ; travel
G1 E+0.800 F3600 ; unretract
;infill
G1 X48.000 Y33.941 Einf F3600
G1 E-0.800 F9000 ; retract
G0 X4.767 Y-4.767 F9000 ; travel
G1 E+0.800 F3600 ; unretract
;infill
G1 X48.000 Y38.467 Einf F3600
G1 E-0.800 F9000 ; retract
G0 X2.504 Y-2.504 F9000 ; travel
G1 E+0.800 F3600 ; unretract
;infill
G1 X48.000 Y42.992 Einf F3600
G1 E-0.800 F9000 ; retract
G0 X0.241 Y-0.241 F9000 ; travel
G1 E+0.800 F3600 ; unretract
;infill
G1 X48.000 Y47.518 Einf F3600
G1 E-0.800 F9000 ; retract
G0 X-2.022 Y2.022 F9000 ; travel
G1 E+0.800 F3600 ; unretract
;infill
G1 X48.000 Y52.043 Einf F3600
G1 E-0.800 F9000 ; retract
G0 X-4.284 Y4.284 F9000 ; travel
G1 E+0.800 F3600 ; unretract
;infill
G1 X48.000 Y56.569 Einf F3600
G1 E-0.800 F9000 ; retract
G0 X-6.547 Y6.547 F9000 ; travel
G1 E+0.800 F3600 ; unretract
;infill
G1 X48.000 Y61.094 Einf F3600
G1 E-0.800 F9000 ; retract
G0 X-8.810 Y8.810 F9000 ; travel
G1 E+0.800 F3600 ; unretract
;infill
G1 X48.000 Y65.620 Einf F3600
G1 E-0.800 F9000 ; retract
G0 X-11.072 Y11.072 F9000 ; travel
G1 E+0.800 F3600 ; unretract
;infill
G1 X48.000 Y70.145 Einf F3600
G1 E-0.800 F9000 ; retract
G0 X-13.335 Y13.335 F9000 ; travel
G1 E+0.800 F3600 ; unretract
;infill
G1 X48.000 Y74.670 Einf F3600
G1 E-0.800 F9000 ; retract
G0 X-15.598 Y15.598 F9000 ; travel
G1 E+0.800 F3600 ; unretract
;infill
G1 X48.000 Y79.196 Einf F3600
G1 E-0.800 F9000 ; retract
G0 X-17.861 Y17.861 F9000 ; travel
G1 E+0.800 F3600 ; unretract
;infill
G1 X48.000 Y83.721 Einf F3600
G1 E-0.800 F9000 ; retract
G0 X-20.123 Y20.123 F9000 ; travel
G1 E+0.800 F3600 ; unretract
;infill
G1 X48.000 Y88.247 Einf F3600
G1 E-0.800 F9000 ; retract
G0 X-22.386 Y22.386 F9000 ; travel
G1 E+0.800 F3600 ; unretract
;infill
G1 X48.000 Y92.772 Einf F3600
;LAYER:50 ;Z:10.00
G1 Z10.00 F9000 ; move to layer
G92 E0 ; reset extruder at layer start
G1 E-0.800 F9000 ; retract
G0 X64.000 Y36.000 F9000 ; travel
G1 E+0.800 F3600 ; unretract
;perimeter
G1 X56.000 Y36.000 Einf F3600
G1 X36.000 Y36.000 Einf F3600
G1 X36.000 Y44.000 Einf F3600
G1 X36.000 Y64.000 Einf F3600
G1 X44.000 Y64.000 Einf F3600
G1 X64.000 Y64.000 Einf F3600
G1 X64.000 Y56.000 Einf F3600
G1 E-0.800 F9000 ; retract
G0 X63.520 Y36.480 F9000 ; travel
G1 E+0.800 F3600 ; unretract
;perimeter
G1 X56.000 Y36.480 Einf F3600
G1 X36.480 Y36.480 Einf F3600
G1 X36.480 Y44.000 Einf F3600
G1 X36.480 Y63.520 Einf F3600
G1 X44.000 Y63.520 Einf F3600
G1 X63.520 Y63.520 Einf F3600
G1 X63.520 Y56.000 Einf F3600
G1 E-0.800 F9000 ; retract
G0 X62.000 Y38.000 F9000 ; travel
G1 E+0.800 F3600 ; unretract
;perimeter
G1 X46.000 Y38.000 Einf F3600
G1 X38.000 Y38.000 Einf F3600
G1 X38.000 Y54.000 Einf F3600
G1 X38.000 Y62.000 Einf F3600
G1 X54.000 Y62.000 Einf F3600
G1 X62.000 Y62.000 Einf F3600
G1 X62.000 Y46.000 Einf F3600
G1 E-0.800 F9000 ; retract
G0 X61.520 Y38.480 F9000 ; travel
G1 E+0.800 F3600 ; unretract
;perimeter
G1 X46.000 Y38.480 Einf F3600
G1 X38.480 Y38.480 Einf F3600
G1 X38.480 Y54.000 Einf F3600
G1 X38.480 Y61.520 Einf F3600
G1 X54.000 Y61.520 Einf F3600
G1 X61.520 Y61.520 Einf F3600
G1 X61.520 Y46.000 Einf F3600
G1 E-0.800 F9000 ; retract
G0 X44.279 Y38.008 F9000 ; travel
G1 E+0.800 F3600 ; unretract
;perimeter
G1 X44.368 Y37.674 Einf F3600
G1 X62.996 Y37.674 Einf F3600
G1 X62.906 Y37.339 Einf F3600
G1 X62.664 Y37.636 Einf F3600
G1 X62.364 Y37.336 Einf F3600
G1 X45.814 Y37.336 Einf F3600
G1 X45.405 Y37.227 Einf F3600
G1 X43.699 Y37.004 Einf F3600
G1 X43.364 Y37.094 Einf F3600
G1 X61.546 Y53.887 Einf F3600
G1 X61.247 Y54.186 Einf F3600
G1 X44.697 Y54.186 Einf F3600
G1 X44.587 Y54.595 Einf F3600
G1 X44.587 Y38.045 Einf F3600
G1 X44.697 Y38.454 Einf F3600
G1 X61.247 Y38.454 Einf F3600
G1 X61.546 Y38.753 Einf F3600
G1 X43.364 Y56.881 Einf F3600
G1 X43.699 Y56.971 Einf F3600
G1 X62.326 Y56.971 Einf F3600
G1 X62.661 Y56.881 Einf F3600
G1 X62.661 Y38.253 Einf F3600
G1 X62.906 Y38.008 Einf F3600
G1 E-0.800 F9000 ; retract
G0 X60.732 Y60.000 F9000 ; travel
G1 E+0.800 F3600 ; unretract
;perimeter
G1 X58771885065192425390080.000 Y18314939781459887656009728.000 Einf F3600
G1 X43.000 Y59.000 Einf F3600
G1 X42.732 Y60.000 Einf F3600
G1 X8891128.000 Y60.000 Einf F3600
G1 E-0.800 F9000 ; retract
G0 X57.268 Y60.000 F9000 ; travel
G1 E+0.800 F3600 ; unretract
;perimeter
G1 X0.000 Y70361966260224807403520.000 Einf F3600
G1 X47.379 Y57.268 Einf F3600
G1 E-0.800 F9000 ; retract
G0 X57.000 Y59.000 F9000 ; travel
G1 E+0.800 F3600 ; unretract
;perimeter
G1 X64.000 Y0.000 Einf F3600
G1 X57.000 Y59.000 Einf F3600
G1 X57.268 Y58.000 Einf F3600
G1 X57.062 Y57.791 Einf F3600
G1 X57.791 Y57.062 Einf F3600
G1 X58.000 Y57.268 Einf F3600
G1 X59.000 Y57.000 Einf F3600
G1 X0.000 Y0.000 Einf F3600
G1 E-0.800 F9000 ; retract
G0 X42.608 Y31826584889509013007980560384.000 F9000 ; travel
G1 E+0.800 F3600 ; unretract
;perimeter
G1 X48.000 Y0.000 Einf F3600
G1 X2.022 Y40033446290276924770329034752.000 Einf F3600
G1 E-0.800 F9000 ; retract
G0 X22.869 Y-22.869 F9000 ; travel
G1 E+0.800 F3600 ; unretract
;infill
G1 X48.000 Y2.263 Einf F3600
G1 E-0.800 F9000 ; retract
G0 X20.606 Y-20.606 F9000 ; travel
G1 E+0.800 F3600 ; unretract
;infill
G1 X48.000 Y6.788 Einf F3600
G1 E-0.800 F9000 ; retract
G0 X18.343 Y-18.343 F9000 ; travel
G1 E+0.800 F3600 ; unretract
;infill
G1 X48.000 Y11.314 Einf F3600
G1 E-0.800 F9000 ; retract
G0 X16.080 Y-16.080 F9000 ; travel
G1 E+0.800 F3600 ; unretract
;infill
G1 X48.000 Y15.839 Einf F3600
G1 E-0.800 F9000 ; retract
G0 X13.818 Y-13.818 F9000 ; travel
G1 E+0.800 F3600 ; unretract
;infill
G1 X48.000 Y20.365 Einf F3600
G1 E-0.800 F9000 ; retract
G0 X11.555 Y-11.555 F9000 ; travel
G1 E+0.800 F3600 ; unretract
;infill
G1 X48.000 Y24.890 Einf F3600
G1 E-0.800 F9000 ; retract
G0 X9.292 Y-9.292 F9000 ; travel
G1 E+0.800 F3600 ; unretract
;infill
G1 X48.000 Y29.416 Einf F3600
G1 E-0.800 F9000 ; retract
G0 X7.029 Y-7.029 F9000 ; travel
G1 E+0.800 F3600 ; unretract
;infill
G1 X48.000 Y33.941 Einf F3600
G1 E-0.800 F9000 ; retract
G0 X4.767 Y-4.767 F9000 ; travel
G1 E+0.800 F3600 ; unretract
;infill
G1 X48.000 Y38.467 Einf F3600
G1 E-0.800 F9000 ; retract
G0 X2.504 Y-2.504 F9000 ; travel
G1 E+0.800 F3600 ; unretract
;infill
G1 X48.000 Y42.992 Einf F3600
G1 E-0.800 F9000 ; retract
G0 X0.241 Y-0.241 F9000 ; travel
G1 E+0.800 F3600 ; unretract
;infill
G1 X48.000 Y47.518 Einf F3600
G1 E-0.800 F9000 ; retract
G0 X-2.022 Y2.022 F9000 ; travel
G1 E+0.800 F3600 ; unretract
;infill
G1 X48.000 Y52.043 Einf F3600
G1 E-0.800 F9000 ; retract
G0 X-4.284 Y4.284 F9000 ; travel
G1 E+0.800 F3600 ; unretract
;infill
G1 X48.000 Y56.569 Einf F3600
G1 E-0.800 F9000 ; retract
G0 X-6.547 Y6.547 F9000 ; travel
G1 E+0.800 F3600 ; unretract
;infill
G1 X48.000 Y61.094 Einf F3600
G1 E-0.800 F9000 ; retract
G0 X-8.810 Y8.810 F9000 ; travel
G1 E+0.800 F3600 ; unretract
;infill
G1 X48.000 Y65.620 Einf F3600
G1 E-0.800 F9000 ; retract
G0 X-11.072 Y11.072 F9000 ; travel
G1 E+0.800 F3600 ; unretract
;infill
G1 X48.000 Y70.145 Einf F3600
G1 E-0.800 F9000 ; retract
G0 X-13.335 Y13.335 F9000 ; travel
G1 E+0.800 F3600 ; unretract
;infill
G1 X48.000 Y74.670 Einf F3600
G1 E-0.800 F9000 ; retract
G0 X-15.598 Y15.598 F9000 ; travel
G1 E+0.800 F3600 ; unretract
;infill
G1 X48.000 Y79.196 Einf F3600
G1 E-0.800 F9000 ; retract
G0 X-17.861 Y17.861 F9000 ; travel
G1 E+0.800 F3600 ; unretract
;infill
G1 X48.000 Y83.721 Einf F3600
G1 E-0.800 F9000 ; retract
G0 X-20.123 Y20.123 F9000 ; travel
G1 E+0.800 F3600 ; unretract
;infill
G1 X48.000 Y88.247 Einf F3600
G1 E-0.800 F9000 ; retract
G0 X-22.386 Y22.386 F9000 ; travel
G1 E+0.800 F3600 ; unretract
;infill
G1 X48.000 Y92.772 Einf F3600
;LAYER:51 ;Z:10.20
G1 Z10.20 F9000 ; move to layer
G92 E0 ; reset extruder at layer start
G1 E-0.800 F9000 ; retract
G0 X64.000 Y36.000 F9000 ; travel
G1 E+0.800 F3600 ; unretract
;perimeter
G1 X56.400 Y36.000 Einf F3600
G1 X36.000 Y36.000 Einf F3600
G1 X36.000 Y43.600 Einf F3600
G1 X36.000 Y64.000 Einf F3600
G1 X43.600 Y64.000 Einf F3600
G1 X64.000 Y64.000 Einf F3600
G1 X64.000 Y56.400 Einf F3600
G1 E-0.800 F9000 ; retract
G0 X63.520 Y36.480 F9000 ; travel
G1 E+0.800 F3600 ; unretract
;perimeter
G1 X56.400 Y36.480 Einf F3600
G1 X36.480 Y36.480 Einf F3600
G1 X36.480 Y43.600 Einf F3600
G1 X36.480 Y63.520 Einf F3600
G1 X43.600 Y63.520 Einf F3600
G1 X63.520 Y63.520 Einf F3600
G1 X63.520 Y56.400 Einf F3600
G1 E-0.800 F9000 ; retract
G0 X62.000 Y38.000 F9000 ; travel
G1 E+0.800 F3600 ; unretract
;perimeter
G1 X45.600 Y38.000 Einf F3600
G1 X38.000 Y38.000 Einf F3600
G1 X38.000 Y54.400 Einf F3600
G1 X38.000 Y62.000 Einf F3600
G1 X54.400 Y62.000 Einf F3600
G1 X62.000 Y62.000 Einf F3600
G1 X62.000 Y45.600 Einf F3600
G1 E-0.800 F9000 ; retract
G0 X61.520 Y38.480 F9000 ; travel
G1 E+0.800 F3600 ; unretract
;perimeter
G1 X45.600 Y38.480 Einf F3600
G1 X38.480 Y38.480 Einf F3600
G1 X38.480 Y54.400 Einf F3600
G1 X38.480 Y61.520 Einf F3600
G1 X54.400 Y61.520 Einf F3600
G1 X61.520 Y61.520 Einf F3600
G1 X61.520 Y45.600 Einf F3600
G1 E-0.800 F9000 ; retract
G0 X43.865 Y37.908 F9000 ; travel
G1 E+0.800 F3600 ; unretract
;perimeter
G1 X43.950 Y37.590 Einf F3600
G1 X63.046 Y37.590 Einf F3600
G1 X62.961 Y37.272 Einf F3600
G1 X62.712 Y37.576 Einf F3600
G1 X62.424 Y37.288 Einf F3600
G1 X45.457 Y37.288 Einf F3600
G1 X45.457 Y37.288 Einf F3600
G1 E-0.800 F9000 ; retract
G0 X60.732 Y60.000 F9000 ; travel
G1 E+0.800 F3600 ; unretract
;perimeter
G1 X58771885065192425390080.000 Y18314939781459887656009728.000 Einf F3600
G1 X43.000 Y59.000 Einf F3600
G1 X42.732 Y60.000 Einf F3600
G1 X9114803.000 Y60.000 Einf F3600
G1 E-0.800 F9000 ; retract
G0 X57.268 Y60.000 F9000 ; travel
G1 E+0.800 F3600 ; unretract
;perimeter
G1 X0.000 Y70361966260224807403520.000 Einf F3600
G1 X47.564 Y57.268 Einf F3600
G1 E-0.800 F9000 ; retract
G0 X57.000 Y59.000 F9000 ; travel
G1 E+0.800 F3600 ; unretract
;perimeter
G1 X64.000 Y0.000 Einf F3600
G1 X57.000 Y59.000 Einf F3600
G1 X57.268 Y58.000 Einf F3600
G1 X57.057 Y57.786 Einf F3600
G1 X57.786 Y57.057 Einf F3600
G1 X58.000 Y57.268 Einf F3600
G1 X59.000 Y57.000 Einf F3600
G1 X0.000 Y0.000 Einf F3600
G1 E-0.800 F9000 ; retract
G0 X42.648 Y32627255043129837049494896640.000 F9000 ; travel
G1 E+0.800 F3600 ; unretract
;perimeter
G1 X48.000 Y0.000 Einf F3600
G1 X2.063 Y40834109360348024507375550464.000 Einf F3600
G1 E-0.800 F9000 ; retract
G0 X22.869 Y-22.869 F9000 ; travel
G1 E+0.800 F3600 ; unretract
;infill
G1 X48.000 Y2.263 Einf F3600
G1 E-0.800 F9000 ; retract
G0 X20.606 Y-20.606 F9000 ; travel
G1 E+0.800 F3600 ; unretract
;infill
G1 X48.000 Y6.788 Einf F3600
G1 E-0.800 F9000 ; retract
G0 X18.343 Y-18.343 F9000 ; travel
G1 E+0.800 F3600 ; unretract
;infill
G1 X48.000 Y11.314 Einf F3600
G1 E-0.800 F9000 ; retract
G0 X16.080 Y-16.080 F9000 ; travel
G1 E+0.800 F3600 ; unretract
;infill
G1 X48.000 Y15.839 Einf F3600
G1 E-0.800 F9000 ; retract
G0 X13.818 Y-13.818 F9000 ; travel
G1 E+0.800 F3600 ; unretract
;infill
G1 X48.000 Y20.365 Einf F3600
G1 E-0.800 F9000 ; retract
G0 X11.555 Y-11.555 F9000 ; travel
G1 E+0.800 F3600 ; unretract
;infill
G1 X48.000 Y24.890 Einf F3600
G1 E-0.800 F9000 ; retract
G0 X9.292 Y-9.292 F9000 ; travel
G1 E+0.800 F3600 ; unretract
;infill
G1 X48.000 Y29.416 Einf F3600
G1 E-0.800 F9000 ; retract
G0 X7.029 Y-7.029 F9000 ; travel
G1 E+0.800 F3600 ; unretract
;infill
G1 X48.000 Y33.941 Einf F3600
G1 E-0.800 F9000 ; retract
G0 X4.767 Y-4.767 F9000 ; travel
G1 E+0.800 F3600 ; unretract
;infill
G1 X48.000 Y38.467 Einf F3600
G1 E-0.800 F9000 ; retract
G0 X2.504 Y-2.504 F9000 ; travel
G1 E+0.800 F3600 ; unretract
;infill
G1 X48.000 Y42.992 Einf F3600
G1 E-0.800 F9000 ; retract
G0 X0.241 Y-0.241 F9000 ; travel
G1 E+0.800 F3600 ; unretract
;infill
G1 X48.000 Y47.518 Einf F3600
G1 E-0.800 F9000 ; retract
G0 X-2.022 Y2.022 F9000 ; travel
G1 E+0.800 F3600 ; unretract
;infill
G1 X48.000 Y52.043 Einf F3600
G1 E-0.800 F9000 ; retract
G0 X-4.284 Y4.284 F9000 ; travel
G1 E+0.800 F3600 ; unretract
;infill
G1 X48.000 Y56.569 Einf F3600
G1 E-0.800 F9000 ; retract
G0 X-6.547 Y6.547 F9000 ; travel
G1 E+0.800 F3600 ; unretract
;infill
G1 X48.000 Y61.094 Einf F3600
G1 E-0.800 F9000 ; retract
G0 X-8.810 Y8.810 F9000 ; travel
G1 E+0.800 F3600 ; unretract
;infill
G1 X48.000 Y65.620 Einf F3600
G1 E-0.800 F9000 ; retract
G0 X-11.072 Y11.072 F9000 ; travel
G1 E+0.800 F3600 ; unretract
;infill
G1 X48.000 Y70.145 Einf F3600
G1 E-0.800 F9000 ; retract
G0 X-13.335 Y13.335 F9000 ; travel
G1 E+0.800 F3600 ; unretract
;infill
G1 X48.000 Y74.670 Einf F3600
G1 E-0.800 F9000 ; retract
G0 X-15.598 Y15.598 F9000 ; travel
G1 E+0.800 F3600 ; unretract
;infill
G1 X48.000 Y79.196 Einf F3600
G1 E-0.800 F9000 ; retract
G0 X-17.861 Y17.861 F9000 ; travel
G1 E+0.800 F3600 ; unretract
;infill
G1 X48.000 Y83.721 Einf F3600
G1 E-0.800 F9000 ; retract
G0 X-20.123 Y20.123 F9000 ; travel
G1 E+0.800 F3600 ; unretract
;infill
G1 X48.000 Y88.247 Einf F3600
G1 E-0.800 F9000 ; retract
G0 X-22.386 Y22.386 F9000 ; travel
G1 E+0.800 F3600 ; unretract
;infill
G1 X48.000 Y92.772 Einf F3600
;LAYER:52 ;Z:10.40
G1 Z10.40 F9000 ; move to layer
G92 E0 ; reset extruder at layer start
G1 E-0.800 F9000 ; retract
G0 X64.000 Y36.000 F9000 ; travel
G1 E+0.800 F3600 ; unretract
;perimeter
G1 X56.800 Y36.000 Einf F3600
G1 X36.000 Y36.000 Einf F3600
G1 X36.000 Y43.200 Einf F3600
G1 X36.000 Y64.000 Einf F3600
G1 X43.200 Y64.000 Einf F3600
G1 X64.000 Y64.000 Einf F3600
G1 X64.000 Y56.800 Einf F3600
G1 E-0.800 F9000 ; retract
G0 X63.520 Y36.480 F9000 ; travel
G1 E+0.800 F3600 ; unretract
;perimeter
G1 X56.800 Y36.480 Einf F3600
G1 X36.480 Y36.480 Einf F3600
G1 X36.480 Y43.200 Einf F3600
G1 X36.480 Y63.520 Einf F3600
G1 X43.200 Y63.520 Einf F3600
G1 X63.520 Y63.520 Einf F3600
G1 X63.520 Y56.800 Einf F3600
G1 E-0.800 F9000 ; retract
G0 X62.000 Y38.000 F9000 ; travel
G1 E+0.800 F3600 ; unretract
;perimeter
G1 X45.200 Y38.000 Einf F3600
G1 X38.000 Y38.000 Einf F3600
G1 X38.000 Y54.800 Einf F3600
G1 X38.000 Y62.000 Einf F3600
G1 X54.800 Y62.000 Einf F3600
G1 X62.000 Y62.000 Einf F3600
G1 X62.000 Y45.200 Einf F3600
G1 E-0.800 F9000 ; retract
G0 X61.520 Y38.480 F9000 ; travel
G1 E+0.800 F3600 ; unretract
;perimeter
G1 X45.200 Y38.480 Einf F3600
G1 X38.480 Y38.480 Einf F3600
G1 X38.480 Y54.800 Einf F3600
G1 X38.480 Y61.520 Einf F3600
G1 X54.800 Y61.520 Einf F3600
G1 X61.520 Y61.520 Einf F3600
G1 X61.520 Y45.200 Einf F3600
G1 E-0.800 F9000 ; retract
G0 X43.451 Y37.808 F9000 ; travel
G1 E+0.800 F3600 ; unretract
;perimeter
G1 X43.531 Y37.506 Einf F3600
G1 X63.096 Y37.506 Einf F3600
G1 X63.016 Y37.205 Einf F3600
G1 X62.761 Y37.517 Einf F3600
G1 X62.483 Y37.239 Einf F3600
G1 X45.100 Y37.239 Einf F3600
G1 X44.721 Y37.138 Einf F3600
G1 X42.929 Y36.904 Einf F3600
G1 X42.628 Y36.984 Einf F3600
G1 X61.725 Y54.622 Einf F3600
G1 X61.447 Y54.900 Einf F3600
G1 X44.064 Y54.900 Einf F3600
G1 X43.963 Y55.279 Einf F3600
G1 X43.963 Y55.279 Einf F3600
G1 E-0.800 F9000 ; retract
G0 X42.969 Y37.751 F9000 ; travel
G1 E+0.800 F3600 ; unretract
;perimeter
G1 X43.163 Y37.026 Einf F3600
G1 X62.471 Y37.026 Einf F3600
G1 X62.794 Y38.234 Einf F3600
G1 X62.797 Y38.231 Einf F3600
G1 X62.284 Y37.719 Einf F3600
G1 X45.037 Y37.719 Einf F3600
G1 X44.628 Y37.609 Einf F3600
G1 X42.961 Y37.392 Einf F3600
G1 X43.593 Y37.223 Einf F3600
G1 X62.417 Y54.608 Einf F3600
G1 X61.646 Y55.380 Einf F3600
G1 X44.433 Y55.380 Einf F3600
G1 X44.331 Y55.759 Einf F3600
G1 X43.497 Y55.759 Einf F3600
G1 E-0.800 F9000 ; retract
G0 X60.732 Y60.000 F9000 ; travel
G1 E+0.800 F3600 ; unretract
;perimeter
G1 X58771885065192425390080.000 Y18314939781459887656009728.000 Einf F3600
G1 X43.000 Y59.000 Einf F3600
G1 X42.732 Y60.000 Einf F3600
G1 X9338479.000 Y60.000 Einf F3600
G1 E-0.800 F9000 ; retract
G0 X57.268 Y60.000 F9000 ; travel
G1 E+0.800 F3600 ; unretract
;perimeter
G1 X0.000 Y70361966260224807403520.000 Einf F3600
G1 X47.750 Y57.268 Einf F3600
G1 E-0.800 F9000 ; retract
G0 X57.000 Y59.000 F9000 ; travel
G1 E+0.800 F3600 ; unretract
;perimeter
G1 X64.000 Y0.000 Einf F3600
G1 X57.000 Y59.000 Einf F3600
G1 X57.268 Y58.000 Einf F3600
G1 X57.052 Y57.781 Einf F3600
G1 X57.781 Y57.052 Einf F3600
G1 X58.000 Y57.268 Einf F3600
G1 X59.000 Y57.000 Einf F3600
G1 X0.000 Y0.000 Einf F3600
G1 E-0.800 F9000 ; retract
G0 X42.689 Y33427927557933902525831839744.000 F9000 ; travel
G1 E+0.800 F3600 ; unretract
;perimeter
G1 X48.000 Y0.000 Einf F3600
G1 X2.103 Y41634786597518572853357707264.000 Einf F3600
G1 E-0.800 F9000 ; retract
G0 X22.869 Y-22.869 F9000 ; travel
G1 E+0.800 F3600 ; unretract
;infill
G1 X48.000 Y2.263 Einf F3600
G1 E-0.800 F9000 ; retract
G0 X20.606 Y-20.606 F9000 ; travel
G1 E+0.800 F3600 ; unretract
;infill
G1 X48.000 Y6.788 Einf F3600
G1 E-0.800 F9000 ; retract
G0 X18.343 Y-18.343 F9000 ; travel
G1 E+0.800 F3600 ; unretract
;infill
G1 X48.000 Y11.314 Einf F3600
G1 E-0.800 F9000 ; retract
G0 X16.080 Y-16.080 F9000 ; travel
G1 E+0.800 F3600 ; unretract
;infill
G1 X48.000 Y15.839 Einf F3600
G1 E-0.800 F9000 ; retract
G0 X13.818 Y-13.818 F9000 ; travel
G1 E+0.800 F3600 ; unretract
;infill
G1 X48.000 Y20.365 Einf F3600
G1 E-0.800 F9000 ; retract
G0 X11.555 Y-11.555 F9000 ; travel
G1 E+0.800 F3600 ; unretract
;infill
G1 X48.000 Y24.890 Einf F3600
G1 E-0.800 F9000 ; retract
G0 X9.292 Y-9.292 F9000 ; travel
G1 E+0.800 F3600 ; unretract
;infill
G1 X48.000 Y29.416 Einf F3600
G1 E-0.800 F9000 ; retract
G0 X7.029 Y-7.029 F9000 ; travel
G1 E+0.800 F3600 ; unretract
;infill
G1 X48.000 Y33.941 Einf F3600
G1 E-0.800 F9000 ; retract
G0 X4.767 Y-4.767 F9000 ; travel
G1 E+0.800 F3600 ; unretract
;infill
G1 X48.000 Y38.467 Einf F3600
G1 E-0.800 F9000 ; retract
G0 X2.504 Y-2.504 F9000 ; travel
G1 E+0.800 F3600 ; unretract
;infill
G1 X48.000 Y42.992 Einf F3600
G1 E-0.800 F9000 ; retract
G0 X0.241 Y-0.241 F9000 ; travel
G1 E+0.800 F3600 ; unretract
;infill
G1 X48.000 Y47.518 Einf F3600
G1 E-0.800 F9000 ; retract
G0 X-2.022 Y2.022 F9000 ; travel
G1 E+0.800 F3600 ; unretract
;infill
G1 X48.000 Y52.043 Einf F3600
G1 E-0.800 F9000 ; retract
G0 X-4.284 Y4.284 F9000 ; travel
G1 E+0.800 F3600 ; unretract
;infill
G1 X48.000 Y56.569 Einf F3600
G1 E-0.800 F9000 ; retract
G0 X-6.547 Y6.547 F9000 ; travel
G1 E+0.800 F3600 ; unretract
;infill
G1 X48.000 Y61.094 Einf F3600
G1 E-0.800 F9000 ; retract
G0 X-8.810 Y8.810 F9000 ; travel
G1 E+0.800 F3600 ; unretract
;infill
G1 X48.000 Y65.620 Einf F3600
G1 E-0.800 F9000 ; retract
G0 X-11.072 Y11.072 F9000 ; travel
G1 E+0.800 F3600 ; unretract
;infill
G1 X48.000 Y70.145 Einf F3600
G1 E-0.800 F9000 ; retract
G0 X-13.335 Y13.335 F9000 ; travel
G1 E+0.800 F3600 ; unretract
;infill
G1 X48.000 Y74.670 Einf F3600
G1 E-0.800 F9000 ; retract
G0 X-15.598 Y15.598 F9000 ; travel
G1 E+0.800 F3600 ; unretract
;infill
G1 X48.000 Y79.196 Einf F3600
G1 E-0.800 F9000 ; retract
G0 X-17.861 Y17.861 F9000 ; travel
G1 E+0.800 F3600 ; unretract
;infill
G1 X48.000 Y83.721 Einf F3600
G1 E-0.800 F9000 ; retract
G0 X-20.123 Y20.123 F9000 ; travel
G1 E+0.800 F3600 ; unretract
;infill
G1 X48.000 Y88.247 Einf F3600
G1 E-0.800 F9000 ; retract
G0 X-22.386 Y22.386 F9000 ; travel
G1 E+0.800 F3600 ; unretract
;infill
G1 X48.000 Y92.772 Einf F3600
;LAYER:53 ;Z:10.60
G1 Z10.60 F9000 ; move to layer
G92 E0 ; reset extruder at layer start
G1 E-0.800 F9000 ; retract
G0 X64.000 Y36.000 F9000 ; travel
G1 E+0.800 F3600 ; unretract
;perimeter
G1 X57.200 Y36.000 Einf F3600
G1 X36.000 Y36.000 Einf F3600
G1 X36.000 Y42.800 Einf F3600
G1 X36.000 Y64.000 Einf F3600
G1 X42.800 Y64.000 Einf F3600
G1 X64.000 Y64.000 Einf F3600
G1 X64.000 Y57.200 Einf F3600
G1 E-0.800 F9000 ; retract
G0 X63.520 Y36.480 F9000 ; travel
G1 E+0.800 F3600 ; unretract
;perimeter
G1 X57.200 Y36.480 Einf F3600
G1 X36.480 Y36.480 Einf F3600
G1 X36.480 Y42.800 Einf F3600
G1 X36.480 Y63.520 Einf F3600
G1 X42.800 Y63.520 Einf F3600
G1 X63.520 Y63.520 Einf F3600
G1 X63.520 Y57.200 Einf F3600
G1 E-0.800 F9000 ; retract
G0 X62.000 Y38.000 F9000 ; travel
G1 E+0.800 F3600 ; unretract
;perimeter
G1 X44.800 Y38.000 Einf F3600
G1 X38.000 Y38.000 Einf F3600
G1 X38.000 Y55.200 Einf F3600
G1 X38.000 Y62.000 Einf F3600
G1 X55.200 Y62.000 Einf F3600
G1 X62.000 Y62.000 Einf F3600
G1 X62.000 Y44.800 Einf F3600
G1 E-0.800 F9000 ; retract
G0 X61.520 Y38.480 F9000 ; travel
G1 E+0.800 F3600 ; unretract
;perimeter
G1 X44.800 Y38.480 Einf F3600
G1 X38.480 Y38.480 Einf F3600
G1 X38.480 Y55.200 Einf F3600
G1 X38.480 Y61.520 Einf F3600
G1 X55.200 Y61.520 Einf F3600
G1 X61.520 Y61.520 Einf F3600
G1 X61.520 Y44.800 Einf F3600
G1 E-0.800 F9000 ; retract
G0 X43.037 Y37.707 F9000 ; travel
G1 E+0.800 F3600 ; unretract
;perimeter
G1 X43.113 Y37.423 Einf F3600
G1 X63.146 Y37.423 Einf F3600
G1 X63.070 Y37.138 Einf F3600
G1 X62.809 Y37.457 Einf F3600
G1 X62.543 Y37.191 Einf F3600
G1 X44.743 Y37.191 Einf F3600
G1 X44.379 Y37.093 Einf F3600
G1 X42.544 Y36.854 Einf F3600
G1 X42.544 Y36.854 Einf F3600
G1 E-0.800 F9000 ; retract
G0 X60.732 Y60.000 F9000 ; travel
G1 E+0.800 F3600 ; unretract
;perimeter
G1 X58771885065192425390080.000 Y18314939781459887656009728.000 Einf F3600
G1 X43.000 Y59.000 Einf F3600
G1 X42.732 Y60.000 Einf F3600
G1 X9562154.000 Y60.000 Einf F3600
G1 E-0.800 F9000 ; retract
G0 X57.268 Y60.000 F9000 ; travel
G1 E+0.800 F3600 ; unretract
;perimeter
G1 X0.000 Y70361966260224807403520.000 Einf F3600
G1 X47.936 Y57.268 Einf F3600
G1 E-0.800 F9000 ; retract
G0 X57.000 Y59.000 F9000 ; travel
G1 E+0.800 F3600 ; unretract
;perimeter
G1 X64.000 Y0.000 Einf F3600
G1 X57.000 Y59.000 Einf F3600
G1 X57.268 Y58.000 Einf F3600
G1 X57.046 Y57.776 Einf F3600
G1 X57.776 Y57.046 Einf F3600
G1 X58.000 Y57.268 Einf F3600
G1 X59.000 Y57.000 Einf F3600
G1 X0.000 Y0.000 Einf F3600
G1 E-0.800 F9000 ; retract
G0 X42.729 Y34228595350371485132523569152.000 F9000 ; travel
G1 E+0.800 F3600 ; unretract
;perimeter
G1 X48.000 Y0.000 Einf F3600
G1 X2.143 Y42435449667589672590404222976.000 Einf F3600
G1 E-0.800 F9000 ; retract
G0 X22.869 Y-22.869 F9000 ; travel
G1 E+0.800 F3600 ; unretract
;infill
G1 X48.000 Y2.263 Einf F3600
G1 E-0.800 F9000 ; retract
G0 X20.606 Y-20.606 F9000 ; travel
G1 E+0.800 F3600 ; unretract
;infill
G1 X48.000 Y6.788 Einf F3600
G1 E-0.800 F9000 ; retract
G0 X18.343 Y-18.343 F9000 ; travel
G1 E+0.800 F3600 ; unretract
;infill
G1 X48.000 Y11.314 Einf F3600
G1 E-0.800 F9000 ; retract
G0 X16.080 Y-16.080 F9000 ; travel
G1 E+0.800 F3600 ; unretract
;infill
G1 X48.000 Y15.839 Einf F3600
G1 E-0.800 F9000 ; retract
G0 X13.818 Y-13.818 F9000 ; travel
G1 E+0.800 F3600 ; unretract
;infill
G1 X48.000 Y20.365 Einf F3600
G1 E-0.800 F9000 ; retract
G0 X11.555 Y-11.555 F9000 ; travel
G1 E+0.800 F3600 ; unretract
;infill
G1 X48.000 Y24.890 Einf F3600
G1 E-0.800 F9000 ; retract
G0 X9.292 Y-9.292 F9000 ; travel
G1 E+0.800 F3600 ; unretract
;infill
G1 X48.000 Y29.416 Einf F3600
G1 E-0.800 F9000 ; retract
G0 X7.029 Y-7.029 F9000 ; travel
G1 E+0.800 F3600 ; unretract
;infill
G1 X48.000 Y33.941 Einf F3600
G1 E-0.800 F9000 ; retract
G0 X4.767 Y-4.767 F9000 ; travel
G1 E+0.800 F3600 ; unretract
;infill
G1 X48.000 Y38.467 Einf F3600
G1 E-0.800 F9000 ; retract
G0 X2.504 Y-2.504 F9000 ; travel
G1 E+0.800 F3600 ; unretract
;infill
G1 X48.000 Y42.992 Einf F3600
G1 E-0.800 F9000 ; retract
G0 X0.241 Y-0.241 F9000 ; travel
G1 E+0.800 F3600 ; unretract
;infill
G1 X48.000 Y47.518 Einf F3600
G1 E-0.800 F9000 ; retract
G0 X-2.022 Y2.022 F9000 ; travel
G1 E+0.800 F3600 ; unretract
;infill
G1 X48.000 Y52.043 Einf F3600
G1 E-0.800 F9000 ; retract
G0 X-4.284 Y4.284 F9000 ; travel
G1 E+0.800 F3600 ; unretract
;infill
G1 X48.000 Y56.569 Einf F3600
G1 E-0.800 F9000 ; retract
G0 X-6.547 Y6.547 F9000 ; travel
G1 E+0.800 F3600 ; unretract
;infill
G1 X48.000 Y61.094 Einf F3600
G1 E-0.800 F9000 ; retract
G0 X-8.810 Y8.810 F9000 ; travel
G1 E+0.800 F3600 ; unretract
;infill
G1 X48.000 Y65.620 Einf F3600
G1 E-0.800 F9000 ; retract
G0 X-11.072 Y11.072 F9000 ; travel
G1 E+0.800 F3600 ; unretract
;infill
G1 X48.000 Y70.145 Einf F3600
G1 E-0.800 F9000 ; retract
G0 X-13.335 Y13.335 F9000 ; travel
G1 E+0.800 F3600 ; unretract
;infill
G1 X48.000 Y74.670 Einf F3600
G1 E-0.800 F9000 ; retract
G0 X-15.598 Y15.598 F9000 ; travel
G1 E+0.800 F3600 ; unretract
;infill
G1 X48.000 Y79.196 Einf F3600
G1 E-0.800 F9000 ; retract
G0 X-17.861 Y17.861 F9000 ; travel
G1 E+0.800 F3600 ; unretract
;infill
G1 X48.000 Y83.721 Einf F3600
G1 E-0.800 F9000 ; retract
G0 X-20.123 Y20.123 F9000 ; travel
G1 E+0.800 F3600 ; unretract
;infill
G1 X48.000 Y88.247 Einf F3600
G1 E-0.800 F9000 ; retract
G0 X-22.386 Y22.386 F9000 ; travel
G1 E+0.800 F3600 ; unretract
;infill
G1 X48.000 Y92.772 Einf F3600
;LAYER:54 ;Z:10.80
G1 Z10.80 F9000 ; move to layer
G92 E0 ; reset extruder at layer start
G1 E-0.800 F9000 ; retract
G0 X64.000 Y36.000 F9000 ; travel
G1 E+0.800 F3600 ; unretract
;perimeter
G1 X57.600 Y36.000 Einf F3600
G1 X36.000 Y36.000 Einf F3600
G1 X36.000 Y42.400 Einf F3600
G1 X36.000 Y64.000 Einf F3600
G1 X42.400 Y64.000 Einf F3600
G1 X64.000 Y64.000 Einf F3600
G1 X64.000 Y57.600 Einf F3600
G1 E-0.800 F9000 ; retract
G0 X63.520 Y36.480 F9000 ; travel
G1 E+0.800 F3600 ; unretract
;perimeter
G1 X57.600 Y36.480 Einf F3600
G1 X36.480 Y36.480 Einf F3600
G1 X36.480 Y42.400 Einf F3600
G1 X36.480 Y63.520 Einf F3600
G1 X42.400 Y63.520 Einf F3600
G1 X63.520 Y63.520 Einf F3600
G1 X63.520 Y57.600 Einf F3600
G1 E-0.800 F9000 ; retract
G0 X62.000 Y38.000 F9000 ; travel
G1 E+0.800 F3600 ; unretract
;perimeter
G1 X44.400 Y38.000 Einf F3600
G1 X38.000 Y38.000 Einf F3600
G1 X38.000 Y55.600 Einf F3600
G1 X38.000 Y62.000 Einf F3600
G1 X55.600 Y62.000 Einf F3600
G1 X62.000 Y62.000 Einf F3600
G1 X62.000 Y44.400 Einf F3600
G1 E-0.800 F9000 ; retract
G0 X61.520 Y38.480 F9000 ; travel
G1 E+0.800 F3600 ; unretract
;perimeter
G1 X44.400 Y38.480 Einf F3600
G1 X38.480 Y38.480 Einf F3600
G1 X38.480 Y55.600 Einf F3600
G1 X38.480 Y61.520 Einf F3600
G1 X55.600 Y61.520 Einf F3600
G1 X61.520 Y61.520 Einf F3600
G1 X61.520 Y44.400 Einf F3600
G1 E-0.800 F9000 ; retract
G0 X60.732 Y60.000 F9000 ; travel
G1 E+0.800 F3600 ; unretract
;perimeter
G1 X58771885065192425390080.000 Y18314939781459887656009728.000 Einf F3600
G1 X43.000 Y59.000 Einf F3600
G1 X42.732 Y60.000 Einf F3600
G1 X9785829.000 Y60.000 Einf F3600
G1 E-0.800 F9000 ; retract
G0 X57.268 Y60.000 F9000 ; travel
G1 E+0.800 F3600 ; unretract
;perimeter
G1 X0.000 Y70361966260224807403520.000 Einf F3600
G1 X48.121 Y57.268 Einf F3600
G1 E-0.800 F9000 ; retract
G0 X57.000 Y59.000 F9000 ; travel
G1 E+0.800 F3600 ; unretract
;perimeter
G1 X64.000 Y0.000 Einf F3600
G1 X57.000 Y59.000 Einf F3600
G1 X57.268 Y58.000 Einf F3600
G1 X57.041 Y57.770 Einf F3600
G1 X57.770 Y57.041 Einf F3600
G1 X58.000 Y57.268 Einf F3600
G1 X59.000 Y57.000 Einf F3600
G1 X0.000 Y0.000 Einf F3600
G1 E-0.800 F9000 ; retract
G0 X42.769 Y35029263142809067739215298560.000 F9000 ; travel
G1 E+0.800 F3600 ; unretract
;perimeter
G1 X48.000 Y0.000 Einf F3600
G1 X2.184 Y43236122182393738066741166080.000 Einf F3600
G1 E-0.800 F9000 ; retract
G0 X22.869 Y-22.869 F9000 ; travel
G1 E+0.800 F3600 ; unretract
;infill
G1 X48.000 Y2.263 Einf F3600
G1 E-0.800 F9000 ; retract
G0 X20.606 Y-20.606 F9000 ; travel
G1 E+0.800 F3600 ; unretract
;infill
G1 X48.000 Y6.788 Einf F3600
G1 E-0.800 F9000 ; retract
G0 X18.343 Y-18.343 F9000 ; travel
G1 E+0.800 F3600 ; unretract
;infill
G1 X48.000 Y11.314 Einf F3600
G1 E-0.800 F9000 ; retract
G0 X16.080 Y-16.080 F9000 ; travel
G1 E+0.800 F3600 ; unretract
;infill
G1 X48.000 Y15.839 Einf F3600
G1 E-0.800 F9000 ; retract
G0 X13.818 Y-13.818 F9000 ; travel
G1 E+0.800 F3600 ; unretract
;infill
G1 X48.000 Y20.365 Einf F3600
G1 E-0.800 F9000 ; retract
G0 X11.555 Y-11.555 F9000 ; travel
G1 E+0.800 F3600 ; unretract
;infill
G1 X48.000 Y24.890 Einf F3600
G1 E-0.800 F9000 ; retract
G0 X9.292 Y-9.292 F9000 ; travel
G1 E+0.800 F3600 ; unretract
;infill
G1 X48.000 Y29.416 Einf F3600
G1 E-0.800 F9000 ; retract
G0 X7.029 Y-7.029 F9000 ; travel
G1 E+0.800 F3600 ; unretract
;infill
G1 X48.000 Y33.941 Einf F3600
G1 E-0.800 F9000 ; retract
G0 X4.767 Y-4.767 F9000 ; travel
G1 E+0.800 F3600 ; unretract
;infill
G1 X48.000 Y38.467 Einf F3600
G1 E-0.800 F9000 ; retract
G0 X2.504 Y-2.504 F9000 ; travel
G1 E+0.800 F3600 ; unretract
;infill
G1 X48.000 Y42.992 Einf F3600
G1 E-0.800 F9000 ; retract
G0 X0.241 Y-0.241 F9000 ; travel
G1 E+0.800 F3600 ; unretract
;infill
G1 X48.000 Y47.518 Einf F3600
G1 E-0.800 F9000 ; retract
G0 X-2.022 Y2.022 F9000 ; travel
G1 E+0.800 F3600 ; unretract
;infill
G1 X48.000 Y52.043 Einf F3600
G1 E-0.800 F9000 ; retract
G0 X-4.284 Y4.284 F9000 ; travel
G1 E+0.800 F3600 ; unretract
;infill
G1 X48.000 Y56.569 Einf F3600
G1 E-0.800 F9000 ; retract
G0 X-6.547 Y6.547 F9000 ; travel
G1 E+0.800 F3600 ; unretract
;infill
G1 X48.000 Y61.094 Einf F3600
G1 E-0.800 F9000 ; retract
G0 X-8.810 Y8.810 F9000 ; travel
G1 E+0.800 F3600 ; unretract
;infill
G1 X48.000 Y65.620 Einf F3600
G1 E-0.800 F9000 ; retract
G0 X-11.072 Y11.072 F9000 ; travel
G1 E+0.800 F3600 ; unretract
;infill
G1 X48.000 Y70.145 Einf F3600
G1 E-0.800 F9000 ; retract
G0 X-13.335 Y13.335 F9000 ; travel
G1 E+0.800 F3600 ; unretract
;infill
G1 X48.000 Y74.670 Einf F3600
G1 E-0.800 F9000 ; retract
G0 X-15.598 Y15.598 F9000 ; travel
G1 E+0.800 F3600 ; unretract
;infill
G1 X48.000 Y79.196 Einf F3600
G1 E-0.800 F9000 ; retract
G0 X-17.861 Y17.861 F9000 ; travel
G1 E+0.800 F3600 ; unretract
;infill
G1 X48.000 Y83.721 Einf F3600
G1 E-0.800 F9000 ; retract
G0 X-20.123 Y20.123 F9000 ; travel
G1 E+0.800 F3600 ; unretract
;infill
G1 X48.000 Y88.247 Einf F3600
G1 E-0.800 F9000 ; retract
G0 X-22.386 Y22.386 F9000 ; travel
G1 E+0.800 F3600 ; unretract
;infill
G1 X48.000 Y92.772 Einf F3600
;LAYER:55 ;Z:11.00
G1 Z11.00 F9000 ; move to layer
G92 E0 ; reset extruder at layer start
G1 E-0.800 F9000 ; retract
G0 X64.000 Y36.000 F9000 ; travel
G1 E+0.800 F3600 ; unretract
;perimeter
G1 X58.000 Y36.000 Einf F3600
G1 X36.000 Y36.000 Einf F3600
G1 X36.000 Y42.000 Einf F3600
G1 X36.000 Y64.000 Einf F3600
G1 X42.000 Y64.000 Einf F3600
G1 X64.000 Y64.000 Einf F3600
G1 X64.000 Y58.000 Einf F3600
G1 E-0.800 F9000 ; retract
G0 X63.520 Y36.480 F9000 ; travel
G1 E+0.800 F3600 ; unretract
;perimeter
G1 X58.000 Y36.480 Einf F3600
G1 X36.480 Y36.480 Einf F3600
G1 X36.480 Y42.000 Einf F3600
G1 X36.480 Y63.520 Einf F3600
G1 X42.000 Y63.520 Einf F3600
G1 X63.520 Y63.520 Einf F3600
G1 X63.520 Y58.000 Einf F3600
G1 E-0.800 F9000 ; retract
G0 X62.000 Y38.000 F9000 ; travel
G1 E+0.800 F3600 ; unretract
;perimeter
G1 X44.000 Y38.000 Einf F3600
G1 X38.000 Y38.000 Einf F3600
G1 X38.000 Y56.000 Einf F3600
G1 X38.000 Y62.000 Einf F3600
G1 X56.000 Y62.000 Einf F3600
G1 X62.000 Y62.000 Einf F3600
G1 X62.000 Y44.000 Einf F3600
G1 E-0.800 F9000 ; retract
G0 X61.520 Y38.480 F9000 ; travel
G1 E+0.800 F3600 ; unretract
;perimeter
G1 X44.000 Y38.480 Einf F3600
G1 X38.480 Y38.480 Einf F3600
G1 X38.480 Y56.000 Einf F3600
G1 X38.480 Y61.520 Einf F3600
G1 X56.000 Y61.520 Einf F3600
G1 X61.520 Y61.520 Einf F3600
G1 X61.520 Y44.000 Einf F3600
G1 E-0.800 F9000 ; retract
G0 X42.209 Y37.506 F9000 ; travel
G1 E+0.800 F3600 ; unretract
;perimeter
G1 X42.276 Y37.255 Einf F3600
G1 X63.247 Y37.255 Einf F3600
G1 X63.180 Y37.004 Einf F3600
G1 X62.907 Y37.338 Einf F3600
G1 X62.662 Y37.093 Einf F3600
G1 X44.030 Y37.093 Einf F3600
G1 X43.695 Y37.004 Einf F3600
G1 X41.774 Y36.753 Einf F3600
G1 X41.774 Y36.753 Einf F3600
G1 E-0.800 F9000 ; retract
G0 X60.732 Y60.000 F9000 ; travel
G1 E+0.800 F3600 ; unretract
;perimeter
G1 X58771885065192425390080.000 Y18314939781459887656009728.000 Einf F3600
G1 X43.000 Y59.000 Einf F3600
G1 X42.732 Y60.000 Einf F3600
G1 X10009504.000 Y60.000 Einf F3600
G1 E-0.800 F9000 ; retract
G0 X57.268 Y60.000 F9000 ; travel
G1 E+0.800 F3600 ; unretract
;perimeter
G1 X0.000 Y70361966260224807403520.000 Einf F3600
G1 X48.307 Y57.268 Einf F3600
G1 E-0.800 F9000 ; retract
G0 X57.000 Y59.000 F9000 ; travel
G1 E+0.800 F3600 ; unretract
;perimeter
G1 X64.000 Y0.000 Einf F3600
G1 X57.000 Y59.000 Einf F3600
G1 X57.268 Y58.000 Einf F3600
G1 X57.036 Y57.765 Einf F3600
G1 X57.765 Y57.036 Einf F3600
G1 X58.000 Y57.268 Einf F3600
G1 X59.000 Y57.000 Einf F3600
G1 X0.000 Y0.000 Einf F3600
G1 E-0.800 F9000 ; retract
G0 X42.810 Y35829933296429891780729634816.000 F9000 ; travel
G1 E+0.800 F3600 ; unretract
;perimeter
G1 X48.000 Y0.000 Einf F3600
G1 X2.224 Y44036789974831320673432895488.000 Einf F3600
G1 E-0.800 F9000 ; retract
G0 X22.869 Y-22.869 F9000 ; travel
G1 E+0.800 F3600 ; unretract
;infill
G1 X48.000 Y2.263 Einf F3600
G1 E-0.800 F9000 ; retract
G0 X20.606 Y-20.606 F9000 ; travel
G1 E+0.800 F3600 ; unretract
;infill
G1 X48.000 Y6.788 Einf F3600
G1 E-0.800 F9000 ; retract
G0 X18.343 Y-18.343 F9000 ; travel
G1 E+0.800 F3600 ; unretract
;infill
G1 X48.000 Y11.314 Einf F3600
G1 E-0.800 F9000 ; retract
G0 X16.080 Y-16.080 F9000 ; travel
G1 E+0.800 F3600 ; unretract
;infill
G1 X48.000 Y15.839 Einf F3600
G1 E-0.800 F9000 ; retract
G0 X13.818 Y-13.818 F9000 ; travel
G1 E+0.800 F3600 ; unretract
;infill
G1 X48.000 Y20.365 Einf F3600
G1 E-0.800 F9000 ; retract
G0 X11.555 Y-11.555 F9000 ; travel
G1 E+0.800 F3600 ; unretract
;infill
G1 X48.000 Y24.890 Einf F3600
G1 E-0.800 F9000 ; retract
G0 X9.292 Y-9.292 F9000 ; travel
G1 E+0.800 F3600 ; unretract
;infill
G1 X48.000 Y29.416 Einf F3600
G1 E-0.800 F9000 ; retract
G0 X7.029 Y-7.029 F9000 ; travel
G1 E+0.800 F3600 ; unretract
;infill
G1 X48.000 Y33.941 Einf F3600
G1 E-0.800 F9000 ; retract
G0 X4.767 Y-4.767 F9000 ; travel
G1 E+0.800 F3600 ; unretract
;infill
G1 X48.000 Y38.467 Einf F3600
G1 E-0.800 F9000 ; retract
G0 X2.504 Y-2.504 F9000 ; travel
G1 E+0.800 F3600 ; unretract
;infill
G1 X48.000 Y42.992 Einf F3600
G1 E-0.800 F9000 ; retract
G0 X0.241 Y-0.241 F9000 ; travel
G1 E+0.800 F3600 ; unretract
;infill
G1 X48.000 Y47.518 Einf F3600
G1 E-0.800 F9000 ; retract
G0 X-2.022 Y2.022 F9000 ; travel
G1 E+0.800 F3600 ; unretract
;infill
G1 X48.000 Y52.043 Einf F3600
G1 E-0.800 F9000 ; retract
G0 X-4.284 Y4.284 F9000 ; travel
G1 E+0.800 F3600 ; unretract
;infill
G1 X48.000 Y56.569 Einf F3600
G1 E-0.800 F9000 ; retract
G0 X-6.547 Y6.547 F9000 ; travel
G1 E+0.800 F3600 ; unretract
;infill
G1 X48.000 Y61.094 Einf F3600
G1 E-0.800 F9000 ; retract
G0 X-8.810 Y8.810 F9000 ; travel
G1 E+0.800 F3600 ; unretract
;infill
G1 X48.000 Y65.620 Einf F3600
G1 E-0.800 F9000 ; retract
G0 X-11.072 Y11.072 F9000 ; travel
G1 E+0.800 F3600 ; unretract
;infill
G1 X48.000 Y70.145 Einf F3600
G1 E-0.800 F9000 ; retract
G0 X-13.335 Y13.335 F9000 ; travel
G1 E+0.800 F3600 ; unretract
;infill
G1 X48.000 Y74.670 Einf F3600
G1 E-0.800 F9000 ; retract
G0 X-15.598 Y15.598 F9000 ; travel
G1 E+0.800 F3600 ; unretract
;infill
G1 X48.000 Y79.196 Einf F3600
G1 E-0.800 F9000 ; retract
G0 X-17.861 Y17.861 F9000 ; travel
G1 E+0.800 F3600 ; unretract
;infill
G1 X48.000 Y83.721 Einf F3600
G1 E-0.800 F9000 ; retract
G0 X-20.123 Y20.123 F9000 ; travel
G1 E+0.800 F3600 ; unretract
;infill
G1 X48.000 Y88.247 Einf F3600
G1 E-0.800 F9000 ; retract
G0 X-22.386 Y22.386 F9000 ; travel
G1 E+0.800 F3600 ; unretract
;infill
G1 X48.000 Y92.772 Einf F3600
;LAYER:56 ;Z:11.20
G1 Z11.20 F9000 ; move to layer
G92 E0 ; reset extruder at layer start
G1 E-0.800 F9000 ; retract
G0 X64.000 Y36.000 F9000 ; travel
G1 E+0.800 F3600 ; unretract
;perimeter
G1 X58.400 Y36.000 Einf F3600
G1 X36.000 Y36.000 Einf F3600
G1 X36.000 Y41.600 Einf F3600
G1 X36.000 Y64.000 Einf F3600
G1 X41.600 Y64.000 Einf F3600
G1 X64.000 Y64.000 Einf F3600
G1 X64.000 Y58.400 Einf F3600
G1 E-0.800 F9000 ; retract
G0 X63.520 Y36.480 F9000 ; travel
G1 E+0.800 F3600 ; unretract
;perimeter
G1 X58.400 Y36.480 Einf F3600
G1 X36.480 Y36.480 Einf F3600
G1 X36.480 Y41.600 Einf F3600
G1 X36.480 Y63.520 Einf F3600
G1 X41.600 Y63.520 Einf F3600
G1 X63.520 Y63.520 Einf F3600
G1 X63.520 Y58.400 Einf F3600
G1 E-0.800 F9000 ; retract
G0 X62.000 Y38.000 F9000 ; travel
G1 E+0.800 F3600 ; unretract
;perimeter
G1 X43.600 Y38.000 Einf F3600
G1 X38.000 Y38.000 Einf F3600
G1 X38.000 Y56.400 Einf F3600
G1 X38.000 Y62.000 Einf F3600
G1 X56.400 Y62.000 Einf F3600
G1 X62.000 Y62.000 Einf F3600
G1 X62.000 Y43.600 Einf F3600
G1 E-0.800 F9000 ; retract
G0 X61.520 Y38.480 F9000 ; travel
G1 E+0.800 F3600 ; unretract
;perimeter
G1 X43.600 Y38.480 Einf F3600
G1 X38.480 Y38.480 Einf F3600
G1 X38.480 Y56.400 Einf F3600
G1 X38.480 Y61.520 Einf F3600
G1 X56.400 Y61.520 Einf F3600
G1 X61.520 Y61.520 Einf F3600
G1 X61.520 Y43.600 Einf F3600
G1 E-0.800 F9000 ; retract
G0 X41.795 Y37.406 F9000 ; travel
G1 E+0.800 F3600 ; unretract
;perimeter
G1 X41.858 Y37.172 Einf F3600
G1 X63.297 Y37.172 Einf F3600
G1 X63.234 Y36.937 Einf F3600
G1 X62.955 Y37.279 Einf F3600
G1 X62.721 Y37.045 Einf F3600
G1 X43.673 Y37.045 Einf F3600
G1 X43.353 Y36.959 Einf F3600
G1 X41.389 Y36.703 Einf F3600
G1 X41.155 Y36.766 Einf F3600
G1 X62.082 Y56.093 Einf F3600
G1 X61.848 Y56.327 Einf F3600
G1 X42.799 Y56.327 Einf F3600
G1 X42.714 Y56.647 Einf F3600
G1 X42.714 Y56.647 Einf F3600
G1 E-0.800 F9000 ; retract
G0 X41.312 Y37.354 F9000 ; travel
G1 E+0.800 F3600 ; unretract
;perimeter
G1 X41.489 Y36.692 Einf F3600
G1 X62.672 Y36.692 Einf F3600
G1 X63.013 Y37.967 Einf F3600
G1 X62.991 Y37.994 Einf F3600
G1 X62.522 Y37.525 Einf F3600
G1 X43.610 Y37.525 Einf F3600
G1 X43.260 Y37.431 Einf F3600
G1 X41.421 Y37.191 Einf F3600
G1 X42.120 Y37.004 Einf F3600
G1 X62.774 Y56.079 Einf F3600
G1 X62.047 Y56.807 Einf F3600
G1 X43.168 Y56.807 Einf F3600
G1 X43.082 Y57.127 Einf F3600
G1 X42.256 Y57.127 Einf F3600
G1 E-0.800 F9000 ; retract
G0 X60.732 Y60.000 F9000 ; travel
G1 E+0.800 F3600 ; unretract
;perimeter
G1 X58771885065192425390080.000 Y18314939781459887656009728.000 Einf F3600
G1 X43.000 Y59.000 Einf F3600
G1 X42.732 Y60.000 Einf F3600
G1 X10233178.000 Y60.000 Einf F3600
G1 E-0.800 F9000 ; retract
G0 X57.268 Y60.000 F9000 ; travel
G1 E+0.800 F3600 ; unretract
;perimeter
G1 X0.000 Y70361966260224807403520.000 Einf F3600
G1 X48.493 Y57.268 Einf F3600
G1 E-0.800 F9000 ; retract
G0 X57.000 Y59.000 F9000 ; travel
G1 E+0.800 F3600 ; unretract
;perimeter
G1 X64.000 Y0.000 Einf F3600
G1 X57.000 Y59.000 Einf F3600
G1 X57.268 Y58.000 Einf F3600
G1 X57.031 Y57.760 Einf F3600
G1 X57.760 Y57.031 Einf F3600
G1 X58.000 Y57.268 Einf F3600
G1 X59.000 Y57.000 Einf F3600
G1 X0.000 Y0.000 Einf F3600
G1 E-0.800 F9000 ; retract
G0 X42.850 Y36630598727684232952598757376.000 F9000 ; travel
G1 E+0.800 F3600 ; unretract
;perimeter
G1 X48.000 Y0.000 Einf F3600
G1 X2.265 Y44837453044902420410479411200.000 Einf F3600
G1 E-0.800 F9000 ; retract
G0 X22.869 Y-22.869 F9000 ; travel
G1 E+0.800 F3600 ; unretract
;infill
G1 X48.000 Y2.263 Einf F3600
G1 E-0.800 F9000 ; retract
G0 X20.606 Y-20.606 F9000 ; travel
G1 E+0.800 F3600 ; unretract
;infill
G1 X48.000 Y6.788 Einf F3600
G1 E-0.800 F9000 ; retract
G0 X18.343 Y-18.343 F9000 ; travel
G1 E+0.800 F3600 ; unretract
;infill
G1 X48.000 Y11.314 Einf F3600
G1 E-0.800 F9000 ; retract
G0 X16.080 Y-16.080 F9000 ; travel
G1 E+0.800 F3600 ; unretract
;infill
G1 X48.000 Y15.839 Einf F3600
G1 E-0.800 F9000 ; retract
G0 X13.818 Y-13.818 F9000 ; travel
G1 E+0.800 F3600 ; unretract
;infill
G1 X48.000 Y20.365 Einf F3600
G1 E-0.800 F9000 ; retract
G0 X11.555 Y-11.555 F9000 ; travel
G1 E+0.800 F3600 ; unretract
;infill
G1 X48.000 Y24.890 Einf F3600
G1 E-0.800 F9000 ; retract
G0 X9.292 Y-9.292 F9000 ; travel
G1 E+0.800 F3600 ; unretract
;infill
G1 X48.000 Y29.416 Einf F3600
G1 E-0.800 F9000 ; retract
G0 X7.029 Y-7.029 F9000 ; travel
G1 E+0.800 F3600 ; unretract
;infill
G1 X48.000 Y33.941 Einf F3600
G1 E-0.800 F9000 ; retract
G0 X4.767 Y-4.767 F9000 ; travel
G1 E+0.800 F3600 ; unretract
;infill
G1 X48.000 Y38.467 Einf F3600
G1 E-0.800 F9000 ; retract
G0 X2.504 Y-2.504 F9000 ; travel
G1 E+0.800 F3600 ; unretract
;infill
G1 X48.000 Y42.992 Einf F3600
G1 E-0.800 F9000 ; retract
G0 X0.241 Y-0.241 F9000 ; travel
G1 E+0.800 F3600 ; unretract
;infill
G1 X48.000 Y47.518 Einf F3600
G1 E-0.800 F9000 ; retract
G0 X-2.022 Y2.022 F9000 ; travel
G1 E+0.800 F3600 ; unretract
;infill
G1 X48.000 Y52.043 Einf F3600
G1 E-0.800 F9000 ; retract
G0 X-4.284 Y4.284 F9000 ; travel
G1 E+0.800 F3600 ; unretract
;infill
G1 X48.000 Y56.569 Einf F3600
G1 E-0.800 F9000 ; retract
G0 X-6.547 Y6.547 F9000 ; travel
G1 E+0.800 F3600 ; unretract
;infill
G1 X48.000 Y61.094 Einf F3600
G1 E-0.800 F9000 ; retract
G0 X-8.810 Y8.810 F9000 ; travel
G1 E+0.800 F3600 ; unretract
;infill
G1 X48.000 Y65.620 Einf F3600
G1 E-0.800 F9000 ; retract
G0 X-11.072 Y11.072 F9000 ; travel
G1 E+0.800 F3600 ; unretract
;infill
G1 X48.000 Y70.145 Einf F3600
G1 E-0.800 F9000 ; retract
G0 X-13.335 Y13.335 F9000 ; travel
G1 E+0.800 F3600 ; unretract
;infill
G1 X48.000 Y74.670 Einf F3600
G1 E-0.800 F9000 ; retract
G0 X-15.598 Y15.598 F9000 ; travel
G1 E+0.800 F3600 ; unretract
;infill
G1 X48.000 Y79.196 Einf F3600
G1 E-0.800 F9000 ; retract
G0 X-17.861 Y17.861 F9000 ; travel
G1 E+0.800 F3600 ; unretract
;infill
G1 X48.000 Y83.721 Einf F3600
G1 E-0.800 F9000 ; retract
G0 X-20.123 Y20.123 F9000 ; travel
G1 E+0.800 F3600 ; unretract
;infill
G1 X48.000 Y88.247 Einf F3600
G1 E-0.800 F9000 ; retract
G0 X-22.386 Y22.386 F9000 ; travel
G1 E+0.800 F3600 ; unretract
;infill
G1 X48.000 Y92.772 Einf F3600
;LAYER:57 ;Z:11.40
G1 Z11.40 F9000 ; move to layer
G92 E0 ; reset extruder at layer start
G1 E-0.800 F9000 ; retract
G0 X64.000 Y36.000 F9000 ; travel
G1 E+0.800 F3600 ; unretract
;perimeter
G1 X58.800 Y36.000 Einf F3600
G1 X36.000 Y36.000 Einf F3600
G1 X36.000 Y41.200 Einf F3600
G1 X36.000 Y64.000 Einf F3600
G1 X41.200 Y64.000 Einf F3600
G1 X64.000 Y64.000 Einf F3600
G1 X64.000 Y58.800 Einf F3600
G1 E-0.800 F9000 ; retract
G0 X63.520 Y36.480 F9000 ; travel
G1 E+0.800 F3600 ; unretract
;perimeter
G1 X58.800 Y36.480 Einf F3600
G1 X36.480 Y36.480 Einf F3600
G1 X36.480 Y41.200 Einf F3600
G1 X36.480 Y63.520 Einf F3600
G1 X41.200 Y63.520 Einf F3600
G1 X63.520 Y63.520 Einf F3600
G1 X63.520 Y58.800 Einf F3600
G1 E-0.800 F9000 ; retract
G0 X62.000 Y38.000 F9000 ; travel
G1 E+0.800 F3600 ; unretract
;perimeter
G1 X43.200 Y38.000 Einf F3600
G1 X38.000 Y38.000 Einf F3600
G1 X38.000 Y56.800 Einf F3600
G1 X38.000 Y62.000 Einf F3600
G1 X56.800 Y62.000 Einf F3600
G1 X62.000 Y62.000 Einf F3600
G1 X62.000 Y43.200 Einf F3600
G1 E-0.800 F9000 ; retract
G0 X61.520 Y38.480 F9000 ; travel
G1 E+0.800 F3600 ; unretract
;perimeter
G1 X43.200 Y38.480 Einf F3600
G1 X38.480 Y38.480 Einf F3600
G1 X38.480 Y56.800 Einf F3600
G1 X38.480 Y61.520 Einf F3600
G1 X56.800 Y61.520 Einf F3600
G1 X61.520 Y61.520 Einf F3600
G1 X61.520 Y43.200 Einf F3600
G1 E-0.800 F9000 ; retract
G0 X41.381 Y37.305 F9000 ; travel
G1 E+0.800 F3600 ; unretract
;perimeter
G1 X41.439 Y37.088 Einf F3600
G1 X63.347 Y37.088 Einf F3600
G1 X63.347 Y37.088 Einf F3600
G1 E-0.800 F9000 ; retract
G0 X40.754 Y37.792 F9000 ; travel
G1 E+0.800 F3600 ; unretract
;perimeter
G1 X41.071 Y36.608 Einf F3600
G1 X63.347 Y36.608 Einf F3600
G1 E-0.800 F9000 ; retract
G0 X60.732 Y60.000 F9000 ; travel
G1 E+0.800 F3600 ; unretract
;perimeter
G1 X58771885065192425390080.000 Y18314939781459887656009728.000 Einf F3600
G1 X43.000 Y59.000 Einf F3600
G1 X42.732 Y60.000 Einf F3600
G1 X10456854.000 Y60.000 Einf F3600
G1 E-0.800 F9000 ; retract
G0 X57.268 Y60.000 F9000 ; travel
G1 E+0.800 F3600 ; unretract
;perimeter
G1 X0.000 Y70361966260224807403520.000 Einf F3600
G1 X48.678 Y57.268 Einf F3600
G1 E-0.800 F9000 ; retract
G0 X57.000 Y59.000 F9000 ; travel
G1 E+0.800 F3600 ; unretract
;perimeter
G1 X64.000 Y0.000 Einf F3600
G1 X57.000 Y59.000 Einf F3600
G1 X57.268 Y58.000 Einf F3600
G1 X57.026 Y57.755 Einf F3600
G1 X57.755 Y57.026 Einf F3600
G1 X58.000 Y57.268 Einf F3600
G1 X59.000 Y57.000 Einf F3600
G1 X0.000 Y0.000 Einf F3600
G1 E-0.800 F9000 ; retract
G0 X42.891 Y37431271242488298428935700480.000 F9000 ; travel
G1 E+0.800 F3600 ; unretract
;perimeter
G1 X48.000 Y0.000 Einf F3600
G1 X2.305 Y45638130282072968756461568000.000 Einf F3600
G1 E-0.800 F9000 ; retract
G0 X22.869 Y-22.869 F9000 ; travel
G1 E+0.800 F3600 ; unretract
;infill
G1 X48.000 Y2.263 Einf F3600
G1 E-0.800 F9000 ; retract
G0 X20.606 Y-20.606 F9000 ; travel
G1 E+0.800 F3600 ; unretract
;infill
G1 X48.000 Y6.788 Einf F3600
G1 E-0.800 F9000 ; retract
G0 X18.343 Y-18.343 F9000 ; travel
G1 E+0.800 F3600 ; unretract
;infill
G1 X48.000 Y11.314 Einf F3600
G1 E-0.800 F9000 ; retract
G0 X16.080 Y-16.080 F9000 ; travel
G1 E+0.800 F3600 ; unretract
;infill
G1 X48.000 Y15.839 Einf F3600
G1 E-0.800 F9000 ; retract
G0 X13.818 Y-13.818 F9000 ; travel
G1 E+0.800 F3600 ; unretract
;infill
G1 X48.000 Y20.365 Einf F3600
G1 E-0.800 F9000 ; retract
G0 X11.555 Y-11.555 F9000 ; travel
G1 E+0.800 F3600 ; unretract
;infill
G1 X48.000 Y24.890 Einf F3600
G1 E-0.800 F9000 ; retract
G0 X9.292 Y-9.292 F9000 ; travel
G1 E+0.800 F3600 ; unretract
;infill
G1 X48.000 Y29.416 Einf F3600
G1 E-0.800 F9000 ; retract
G0 X7.029 Y-7.029 F9000 ; travel
G1 E+0.800 F3600 ; unretract
;infill
G1 X48.000 Y33.941 Einf F3600
G1 E-0.800 F9000 ; retract
G0 X4.767 Y-4.767 F9000 ; travel
G1 E+0.800 F3600 ; unretract
;infill
G1 X48.000 Y38.467 Einf F3600
G1 E-0.800 F9000 ; retract
G0 X2.504 Y-2.504 F9000 ; travel
G1 E+0.800 F3600 ; unretract
;infill
G1 X48.000 Y42.992 Einf F3600
G1 E-0.800 F9000 ; retract
G0 X0.241 Y-0.241 F9000 ; travel
G1 E+0.800 F3600 ; unretract
;infill
G1 X48.000 Y47.518 Einf F3600
G1 E-0.800 F9000 ; retract
G0 X-2.022 Y2.022 F9000 ; travel
G1 E+0.800 F3600 ; unretract
;infill
G1 X48.000 Y52.043 Einf F3600
G1 E-0.800 F9000 ; retract
G0 X-4.284 Y4.284 F9000 ; travel
G1 E+0.800 F3600 ; unretract
;infill
G1 X48.000 Y56.569 Einf F3600
G1 E-0.800 F9000 ; retract
G0 X-6.547 Y6.547 F9000 ; travel
G1 E+0.800 F3600 ; unretract
;infill
G1 X48.000 Y61.094 Einf F3600
G1 E-0.800 F9000 ; retract
G0 X-8.810 Y8.810 F9000 ; travel
G1 E+0.800 F3600 ; unretract
;infill
G1 X48.000 Y65.620 Einf F3600
G1 E-0.800 F9000 ; retract
G0 X-11.072 Y11.072 F9000 ; travel
G1 E+0.800 F3600 ; unretract
;infill
G1 X48.000 Y70.145 Einf F3600
G1 E-0.800 F9000 ; retract
G0 X-13.335 Y13.335 F9000 ; travel
G1 E+0.800 F3600 ; unretract
;infill
G1 X48.000 Y74.670 Einf F3600
G1 E-0.800 F9000 ; retract
G0 X-15.598 Y15.598 F9000 ; travel
G1 E+0.800 F3600 ; unretract
;infill
G1 X48.000 Y79.196 Einf F3600
G1 E-0.800 F9000 ; retract
G0 X-17.861 Y17.861 F9000 ; travel
G1 E+0.800 F3600 ; unretract
;infill
G1 X48.000 Y83.721 Einf F3600
G1 E-0.800 F9000 ; retract
G0 X-20.123 Y20.123 F9000 ; travel
G1 E+0.800 F3600 ; unretract
;infill
G1 X48.000 Y88.247 Einf F3600
G1 E-0.800 F9000 ; retract
G0 X-22.386 Y22.386 F9000 ; travel
G1 E+0.800 F3600 ; unretract
;infill
G1 X48.000 Y92.772 Einf F3600
;LAYER:58 ;Z:11.60
G1 Z11.60 F9000 ; move to layer
G92 E0 ; reset extruder at layer start
G1 E-0.800 F9000 ; retract
G0 X64.000 Y36.000 F9000 ; travel
G1 E+0.800 F3600 ; unretract
;perimeter
G1 X59.200 Y36.000 Einf F3600
G1 X36.000 Y36.000 Einf F3600
G1 X36.000 Y40.800 Einf F3600
G1 X36.000 Y64.000 Einf F3600
G1 X40.800 Y64.000 Einf F3600
G1 X64.000 Y64.000 Einf F3600
G1 X64.000 Y59.200 Einf F3600
G1 E-0.800 F9000 ; retract
G0 X63.520 Y36.480 F9000 ; travel
G1 E+0.800 F3600 ; unretract
;perimeter
G1 X59.200 Y36.480 Einf F3600
G1 X36.480 Y36.480 Einf F3600
G1 X36.480 Y40.800 Einf F3600
G1 X36.480 Y63.520 Einf F3600
G1 X40.800 Y63.520 Einf F3600
G1 X63.520 Y63.520 Einf F3600
G1 X63.520 Y59.200 Einf F3600
G1 E-0.800 F9000 ; retract
G0 X62.000 Y38.000 F9000 ; travel
G1 E+0.800 F3600 ; unretract
;perimeter
G1 X42.800 Y38.000 Einf F3600
G1 X38.000 Y38.000 Einf F3600
G1 X38.000 Y57.200 Einf F3600
G1 X38.000 Y62.000 Einf F3600
G1 X57.200 Y62.000 Einf F3600
G1 X62.000 Y62.000 Einf F3600
G1 X62.000 Y42.800 Einf F3600
G1 E-0.800 F9000 ; retract
G0 X61.520 Y38.480 F9000 ; travel
G1 E+0.800 F3600 ; unretract
;perimeter
G1 X42.800 Y38.480 Einf F3600
G1 X38.480 Y38.480 Einf F3600
G1 X38.480 Y57.200 Einf F3600
G1 X38.480 Y61.520 Einf F3600
G1 X57.200 Y61.520 Einf F3600
G1 X61.520 Y61.520 Einf F3600
G1 X61.520 Y42.800 Einf F3600
G1 E-0.800 F9000 ; retract
G0 X40.967 Y37.205 F9000 ; travel
G1 E+0.800 F3600 ; unretract
;perimeter
G1 X41.021 Y37.004 Einf F3600
G1 X63.397 Y37.004 Einf F3600
G1 X63.344 Y36.803 Einf F3600
G1 X63.052 Y37.160 Einf F3600
G1 X62.840 Y36.948 Einf F3600
G1 X42.959 Y36.948 Einf F3600
G1 X42.669 Y36.870 Einf F3600
G1 X40.619 Y36.603 Einf F3600
G1 X40.418 Y36.656 Einf F3600
G1 X62.260 Y56.829 Einf F3600
G1 X62.048 Y57.041 Einf F3600
G1 X42.167 Y57.041 Einf F3600
G1 X42.089 Y57.331 Einf F3600
G1 X42.089 Y37.450 Einf F3600
G1 X42.167 Y37.740 Einf F3600
G1 X62.048 Y37.740 Einf F3600
G1 X62.260 Y37.952 Einf F3600
G1 X40.418 Y59.729 Einf F3600
G1 X40.619 Y59.782 Einf F3600
G1 X40.619 Y59.782 Einf F3600
G1 E-0.800 F9000 ; retract
G0 X40.488 Y37.138 F9000 ; travel
G1 E+0.800 F3600 ; unretract
;perimeter
G1 X40.653 Y36.524 Einf F3600
G1 X62.772 Y36.524 Einf F3600
G1 X63.123 Y37.833 Einf F3600
G1 X63.088 Y37.875 Einf F3600
G1 X62.641 Y37.428 Einf F3600
G1 X42.896 Y37.428 Einf F3600
G1 X42.576 Y37.342 Einf F3600
G1 X40.652 Y37.091 Einf F3600
G1 X41.384 Y36.895 Einf F3600
G1 X62.953 Y56.815 Einf F3600
G1 X62.247 Y57.521 Einf F3600
G1 X42.535 Y57.521 Einf F3600
G1 X41.609 Y60.977 Einf F3600
G1 X41.609 Y33.804 Einf F3600
G1 X42.535 Y37.260 Einf F3600
G1 X62.247 Y37.260 Einf F3600
G1 X62.940 Y37.953 Einf F3600
G1 X41.347 Y59.481 Einf F3600
G1 X40.139 Y59.157 Einf F3600
G1 X40.139 Y59.779 Einf F3600
G1 E-0.800 F9000 ; retract
G0 X60.732 Y60.000 F9000 ; travel
G1 E+0.800 F3600 ; unretract
;perimeter
G1 X58771885065192425390080.000 Y18314939781459887656009728.000 Einf F3600
G1 X43.000 Y59.000 Einf F3600
G1 X42.732 Y60.000 Einf F3600
G1 X10680529.000 Y60.000 Einf F3600
G1 E-0.800 F9000 ; retract
G0 X57.268 Y60.000 F9000 ; travel
G1 E+0.800 F3600 ; unretract
;perimeter
G1 X0.000 Y70361966260224807403520.000 Einf F3600
G1 X48.864 Y57.268 Einf F3600
G1 E-0.800 F9000 ; retract
G0 X57.000 Y59.000 F9000 ; travel
G1 E+0.800 F3600 ; unretract
;perimeter
G1 X64.000 Y0.000 Einf F3600
G1 X57.000 Y59.000 Einf F3600
G1 X57.268 Y58.000 Einf F3600
G1 X57.020 Y57.749 Einf F3600
G1 X57.749 Y57.020 Einf F3600
G1 X58.000 Y57.268 Einf F3600
G1 X59.000 Y57.000 Einf F3600
G1 X0.000 Y0.000 Einf F3600
G1 E-0.800 F9000 ; retract
G0 X42.931 Y38231939034925881035627429888.000 F9000 ; travel
G1 E+0.800 F3600 ; unretract
;perimeter
G1 X48.000 Y0.000 Einf F3600
G1 X2.346 Y46438793352144068493508083712.000 Einf F3600
G1 E-0.800 F9000 ; retract
G0 X22.869 Y-22.869 F9000 ; travel
G1 E+0.800 F3600 ; unretract
;infill
G1 X48.000 Y2.263 Einf F3600
G1 E-0.800 F9000 ; retract
G0 X20.606 Y-20.606 F9000 ; travel
G1 E+0.800 F3600 ; unretract
;infill
G1 X48.000 Y6.788 Einf F3600
G1 E-0.800 F9000 ; retract
G0 X18.343 Y-18.343 F9000 ; travel
G1 E+0.800 F3600 ; unretract
;infill
G1 X48.000 Y11.314 Einf F3600
G1 E-0.800 F9000 ; retract
G0 X16.080 Y-16.080 F9000 ; travel
G1 E+0.800 F3600 ; unretract
;infill
G1 X48.000 Y15.839 Einf F3600
G1 E-0.800 F9000 ; retract
G0 X13.818 Y-13.818 F9000 ; travel
G1 E+0.800 F3600 ; unretract
;infill
G1 X48.000 Y20.365 Einf F3600
G1 E-0.800 F9000 ; retract
G0 X11.555 Y-11.555 F9000 ; travel
G1 E+0.800 F3600 ; unretract
;infill
G1 X48.000 Y24.890 Einf F3600
G1 E-0.800 F9000 ; retract
G0 X9.292 Y-9.292 F9000 ; travel
G1 E+0.800 F3600 ; unretract
;infill
G1 X48.000 Y29.416 Einf F3600
G1 E-0.800 F9000 ; retract
G0 X7.029 Y-7.029 F9000 ; travel
G1 E+0.800 F3600 ; unretract
;infill
G1 X48.000 Y33.941 Einf F3600
G1 E-0.800 F9000 ; retract
G0 X4.767 Y-4.767 F9000 ; travel
G1 E+0.800 F3600 ; unretract
;infill
G1 X48.000 Y38.467 Einf F3600
G1 E-0.800 F9000 ; retract
G0 X2.504 Y-2.504 F9000 ; travel
G1 E+0.800 F3600 ; unretract
;infill
G1 X48.000 Y42.992 Einf F3600
G1 E-0.800 F9000 ; retract
G0 X0.241 Y-0.241 F9000 ; travel
G1 E+0.800 F3600 ; unretract
;infill
G1 X48.000 Y47.518 Einf F3600
G1 E-0.800 F9000 ; retract
G0 X-2.022 Y2.022 F9000 ; travel
G1 E+0.800 F3600 ; unretract
;infill
G1 X48.000 Y52.043 Einf F3600
G1 E-0.800 F9000 ; retract
G0 X-4.284 Y4.284 F9000 ; travel
G1 E+0.800 F3600 ; unretract
;infill
G1 X48.000 Y56.569 Einf F3600
G1 E-0.800 F9000 ; retract
G0 X-6.547 Y6.547 F9000 ; travel
G1 E+0.800 F3600 ; unretract
;infill
G1 X48.000 Y61.094 Einf F3600
G1 E-0.800 F9000 ; retract
G0 X-8.810 Y8.810 F9000 ; travel
G1 E+0.800 F3600 ; unretract
;infill
G1 X48.000 Y65.620 Einf F3600
G1 E-0.800 F9000 ; retract
G0 X-11.072 Y11.072 F9000 ; travel
G1 E+0.800 F3600 ; unretract
;infill
G1 X48.000 Y70.145 Einf F3600
G1 E-0.800 F9000 ; retract
G0 X-13.335 Y13.335 F9000 ; travel
G1 E+0.800 F3600 ; unretract
;infill
G1 X48.000 Y74.670 Einf F3600
G1 E-0.800 F9000 ; retract
G0 X-15.598 Y15.598 F9000 ; travel
G1 E+0.800 F3600 ; unretract
;infill
G1 X48.000 Y79.196 Einf F3600
G1 E-0.800 F9000 ; retract
G0 X-17.861 Y17.861 F9000 ; travel
G1 E+0.800 F3600 ; unretract
;infill
G1 X48.000 Y83.721 Einf F3600
G1 E-0.800 F9000 ; retract
G0 X-20.123 Y20.123 F9000 ; travel
G1 E+0.800 F3600 ; unretract
;infill
G1 X48.000 Y88.247 Einf F3600
G1 E-0.800 F9000 ; retract
G0 X-22.386 Y22.386 F9000 ; travel
G1 E+0.800 F3600 ; unretract
;infill
G1 X48.000 Y92.772 Einf F3600
;LAYER:59 ;Z:11.80
G1 Z11.80 F9000 ; move to layer
G92 E0 ; reset extruder at layer start
G1 E-0.800 F9000 ; retract
G0 X64.000 Y36.000 F9000 ; travel
G1 E+0.800 F3600 ; unretract
;perimeter
G1 X59.600 Y36.000 Einf F3600
G1 X36.000 Y36.000 Einf F3600
G1 X36.000 Y40.400 Einf F3600
G1 X36.000 Y64.000 Einf F3600
G1 X40.400 Y64.000 Einf F3600
G1 X64.000 Y64.000 Einf F3600
G1 X64.000 Y59.600 Einf F3600
G1 E-0.800 F9000 ; retract
G0 X63.520 Y36.480 F9000 ; travel
G1 E+0.800 F3600 ; unretract
;perimeter
G1 X59.600 Y36.480 Einf F3600
G1 X36.480 Y36.480 Einf F3600
G1 X36.480 Y40.400 Einf F3600
G1 X36.480 Y63.520 Einf F3600
G1 X40.400 Y63.520 Einf F3600
G1 X63.520 Y63.520 Einf F3600
G1 X63.520 Y59.600 Einf F3600
G1 E-0.800 F9000 ; retract
G0 X62.000 Y38.000 F9000 ; travel
G1 E+0.800 F3600 ; unretract
;perimeter
G1 X42.400 Y38.000 Einf F3600
G1 X38.000 Y38.000 Einf F3600
G1 X38.000 Y57.600 Einf F3600
G1 X38.000 Y62.000 Einf F3600
G1 X57.600 Y62.000 Einf F3600
G1 X62.000 Y62.000 Einf F3600
G1 X62.000 Y42.400 Einf F3600
G1 E-0.800 F9000 ; retract
G0 X61.520 Y38.480 F9000 ; travel
G1 E+0.800 F3600 ; unretract
;perimeter
G1 X42.400 Y38.480 Einf F3600
G1 X38.480 Y38.480 Einf F3600
G1 X38.480 Y57.600 Einf F3600
G1 X38.480 Y61.520 Einf F3600
G1 X57.600 Y61.520 Einf F3600
G1 X61.520 Y61.520 Einf F3600
G1 X61.520 Y42.400 Einf F3600
G1 E-0.800 F9000 ; retract
G0 X40.553 Y37.105 F9000 ; travel
G1 E+0.800 F3600 ; unretract
;perimeter
G1 X40.603 Y36.921 Einf F3600
G1 X63.448 Y36.921 Einf F3600
G1 X63.398 Y36.736 Einf F3600
G1 X63.101 Y37.100 Einf F3600
G1 X62.900 Y36.899 Einf F3600
G1 X42.602 Y36.899 Einf F3600
G1 X42.327 Y36.825 Einf F3600
G1 X40.234 Y36.552 Einf F3600
G1 X40.234 Y36.552 Einf F3600
G1 E-0.800 F9000 ; retract
G0 X60.732 Y60.000 F9000 ; travel
G1 E+0.800 F3600 ; unretract
;perimeter
G1 X58771885065192425390080.000 Y18314939781459887656009728.000 Einf F3600
G1 X43.000 Y59.000 Einf F3600
G1 X42.732 Y60.000 Einf F3600
G1 X10904203.000 Y60.000 Einf F3600
G1 E-0.800 F9000 ; retract
G0 X57.268 Y60.000 F9000 ; travel
G1 E+0.800 F3600 ; unretract
;perimeter
G1 X0.000 Y70361966260224807403520.000 Einf F3600
G1 X49.049 Y57.268 Einf F3600
G1 E-0.800 F9000 ; retract
G0 X57.000 Y59.000 F9000 ; travel
G1 E+0.800 F3600 ; unretract
;perimeter
G1 X64.000 Y0.000 Einf F3600
G1 X57.000 Y59.000 Einf F3600
G1 X57.268 Y58.000 Einf F3600
G1 X57.015 Y57.744 Einf F3600
G1 X57.744 Y57.015 Einf F3600
G1 X58.000 Y57.268 Einf F3600
G1 X59.000 Y57.000 Einf F3600
G1 X0.000 Y0.000 Einf F3600
G1 E-0.800 F9000 ; retract
G0 X42.972 Y39032609188546705077141766144.000 F9000 ; travel
G1 E+0.800 F3600 ; unretract
;perimeter
G1 X48.000 Y0.000 Einf F3600
G1 X2.386 Y47239465866948133969845026816.000 Einf F3600
G1 E-0.800 F9000 ; retract
G0 X22.869 Y-22.869 F9000 ; travel
G1 E+0.800 F3600 ; unretract
;infill
G1 X48.000 Y2.263 Einf F3600
G1 E-0.800 F9000 ; retract
G0 X20.606 Y-20.606 F9000 ; travel
G1 E+0.800 F3600 ; unretract
;infill
G1 X48.000 Y6.788 Einf F3600
G1 E-0.800 F9000 ; retract
G0 X18.343 Y-18.343 F9000 ; travel
G1 E+0.800 F3600 ; unretract
;infill
G1 X48.000 Y11.314 Einf F3600
G1 E-0.800 F9000 ; retract
G0 X16.080 Y-16.080 F9000 ; travel
G1 E+0.800 F3600 ; unretract
;infill
G1 X48.000 Y15.839 Einf F3600
G1 E-0.800 F9000 ; retract
G0 X13.818 Y-13.818 F9000 ; travel
G1 E+0.800 F3600 ; unretract
;infill
G1 X48.000 Y20.365 Einf F3600
G1 E-0.800 F9000 ; retract
G0 X11.555 Y-11.555 F9000 ; travel
G1 E+0.800 F3600 ; unretract
;infill
G1 X48.000 Y24.890 Einf F3600
G1 E-0.800 F9000 ; retract
G0 X9.292 Y-9.292 F9000 ; travel
G1 E+0.800 F3600 ; unretract
;infill
G1 X48.000 Y29.416 Einf F3600
G1 E-0.800 F9000 ; retract
G0 X7.029 Y-7.029 F9000 ; travel
G1 E+0.800 F3600 ; unretract
;infill
G1 X48.000 Y33.941 Einf F3600
G1 E-0.800 F9000 ; retract
G0 X4.767 Y-4.767 F9000 ; travel
G1 E+0.800 F3600 ; unretract
;infill
G1 X48.000 Y38.467 Einf F3600
G1 E-0.800 F9000 ; retract
G0 X2.504 Y-2.504 F9000 ; travel
G1 E+0.800 F3600 ; unretract
;infill
G1 X48.000 Y42.992 Einf F3600
G1 E-0.800 F9000 ; retract
G0 X0.241 Y-0.241 F9000 ; travel
G1 E+0.800 F3600 ; unretract
;infill
G1 X48.000 Y47.518 Einf F3600
G1 E-0.800 F9000 ; retract
G0 X-2.022 Y2.022 F9000 ; travel
G1 E+0.800 F3600 ; unretract
;infill
G1 X48.000 Y52.043 Einf F3600
G1 E-0.800 F9000 ; retract
G0 X-4.284 Y4.284 F9000 ; travel
G1 E+0.800 F3600 ; unretract
;infill
G1 X48.000 Y56.569 Einf F3600
G1 E-0.800 F9000 ; retract
G0 X-6.547 Y6.547 F9000 ; travel
G1 E+0.800 F3600 ; unretract
;infill
G1 X48.000 Y61.094 Einf F3600
G1 E-0.800 F9000 ; retract
G0 X-8.810 Y8.810 F9000 ; travel
G1 E+0.800 F3600 ; unretract
;infill
G1 X48.000 Y65.620 Einf F3600
G1 E-0.800 F9000 ; retract
G0 X-11.072 Y11.072 F9000 ; travel
G1 E+0.800 F3600 ; unretract
;infill
G1 X48.000 Y70.145 Einf F3600
G1 E-0.800 F9000 ; retract
G0 X-13.335 Y13.335 F9000 ; travel
G1 E+0.800 F3600 ; unretract
;infill
G1 X48.000 Y74.670 Einf F3600
G1 E-0.800 F9000 ; retract
G0 X-15.598 Y15.598 F9000 ; travel
G1 E+0.800 F3600 ; unretract
;infill
G1 X48.000 Y79.196 Einf F3600
G1 E-0.800 F9000 ; retract
G0 X-17.861 Y17.861 F9000 ; travel
G1 E+0.800 F3600 ; unretract
;infill
G1 X48.000 Y83.721 Einf F3600
G1 E-0.800 F9000 ; retract
G0 X-20.123 Y20.123 F9000 ; travel
G1 E+0.800 F3600 ; unretract
;infill
G1 X48.000 Y88.247 Einf F3600
G1 E-0.800 F9000 ; retract
G0 X-22.386 Y22.386 F9000 ; travel
G1 E+0.800 F3600 ; unretract
;infill
G1 X48.000 Y92.772 Einf F3600
;LAYER:60 ;Z:12.00
G1 Z12.00 F9000 ; move to layer
G92 E0 ; reset extruder at layer start
G1 E-0.800 F9000 ; retract
G0 X64.000 Y36.000 F9000 ; travel
G1 E+0.800 F3600 ; unretract
;perimeter
G1 X60.000 Y36.000 Einf F3600
G1 X36.000 Y36.000 Einf F3600
G1 X36.000 Y40.000 Einf F3600
G1 X36.000 Y64.000 Einf F3600
G1 X40.000 Y64.000 Einf F3600
G1 X64.000 Y64.000 Einf F3600
G1 X64.000 Y60.000 Einf F3600
G1 E-0.800 F9000 ; retract
G0 X63.520 Y36.480 F9000 ; travel
G1 E+0.800 F3600 ; unretract
;perimeter
G1 X60.000 Y36.480 Einf F3600
G1 X36.480 Y36.480 Einf F3600
G1 X36.480 Y40.000 Einf F3600
G1 X36.480 Y63.520 Einf F3600
G1 X40.000 Y63.520 Einf F3600
G1 X63.520 Y63.520 Einf F3600
G1 X63.520 Y60.000 Einf F3600
G1 E-0.800 F9000 ; retract
G0 X62.000 Y38.000 F9000 ; travel
G1 E+0.800 F3600 ; unretract
;perimeter
G1 X42.000 Y38.000 Einf F3600
G1 X38.000 Y38.000 Einf F3600
G1 X38.000 Y58.000 Einf F3600
G1 X38.000 Y62.000 Einf F3600
G1 X58.000 Y62.000 Einf F3600
G1 X62.000 Y62.000 Einf F3600
G1 X62.000 Y42.000 Einf F3600
G1 E-0.800 F9000 ; retract
G0 X61.520 Y38.480 F9000 ; travel
G1 E+0.800 F3600 ; unretract
;perimeter
G1 X42.000 Y38.480 Einf F3600
G1 X38.480 Y38.480 Einf F3600
G1 X38.480 Y58.000 Einf F3600
G1 X38.480 Y61.520 Einf F3600
G1 X58.000 Y61.520 Einf F3600
G1 X61.520 Y61.520 Einf F3600
G1 X61.520 Y42.000 Einf F3600
G1 E-0.800 F9000 ; retract
G0 X60.732 Y60.000 F9000 ; travel
G1 E+0.800 F3600 ; unretract
;perimeter
G1 X58771885065192425390080.000 Y18314939781459887656009728.000 Einf F3600
G1 X43.000 Y59.000 Einf F3600
G1 X42.732 Y60.000 Einf F3600
G1 X11127878.000 Y60.000 Einf F3600
G1 E-0.800 F9000 ; retract
G0 X57.268 Y60.000 F9000 ; travel
G1 E+0.800 F3600 ; unretract
;perimeter
G1 X0.000 Y70361966260224807403520.000 Einf F3600
G1 X49.235 Y57.268 Einf F3600
G1 E-0.800 F9000 ; retract
G0 X57.000 Y59.000 F9000 ; travel
G1 E+0.800 F3600 ; unretract
;perimeter
G1 X64.000 Y0.000 Einf F3600
G1 X57.000 Y59.000 Einf F3600
G1 X57.268 Y58.000 Einf F3600
G1 X57.010 Y57.739 Einf F3600
G1 X57.739 Y57.010 Einf F3600
G1 X58.000 Y57.268 Einf F3600
G1 X59.000 Y57.000 Einf F3600
G1 X0.000 Y0.000 Einf F3600
G1 E-0.800 F9000 ; retract
G0 X43.012 Y39833274619801046249010888704.000 F9000 ; travel
G1 E+0.800 F3600 ; unretract
;perimeter
G1 X48.000 Y0.000 Einf F3600
G1 X2.427 Y48040133659385716576536756224.000 Einf F3600
G1 E-0.800 F9000 ; retract
G0 X22.869 Y-22.869 F9000 ; travel
G1 E+0.800 F3600 ; unretract
;infill
G1 X48.000 Y2.263 Einf F3600
G1 E-0.800 F9000 ; retract
G0 X20.606 Y-20.606 F9000 ; travel
G1 E+0.800 F3600 ; unretract
;infill
G1 X48.000 Y6.788 Einf F3600
G1 E-0.800 F9000 ; retract
G0 X18.343 Y-18.343 F9000 ; travel
G1 E+0.800 F3600 ; unretract
;infill
G1 X48.000 Y11.314 Einf F3600
G1 E-0.800 F9000 ; retract
G0 X16.080 Y-16.080 F9000 ; travel
G1 E+0.800 F3600 ; unretract
;infill
G1 X48.000 Y15.839 Einf F3600
G1 E-0.800 F9000 ; retract
G0 X13.818 Y-13.818 F9000 ; travel
G1 E+0.800 F3600 ; unretract
;infill
G1 X48.000 Y20.365 Einf F3600
G1 E-0.800 F9000 ; retract
G0 X11.555 Y-11.555 F9000 ; travel
G1 E+0.800 F3600 ; unretract
;infill
G1 X48.000 Y24.890 Einf F3600
G1 E-0.800 F9000 ; retract
G0 X9.292 Y-9.292 F9000 ; travel
G1 E+0.800 F3600 ; unretract
;infill
G1 X48.000 Y29.416 Einf F3600
G1 E-0.800 F9000 ; retract
G0 X7.029 Y-7.029 F9000 ; travel
G1 E+0.800 F3600 ; unretract
;infill
G1 X48.000 Y33.941 Einf F3600
G1 E-0.800 F9000 ; retract
G0 X4.767 Y-4.767 F9000 ; travel
G1 E+0.800 F3600 ; unretract
;infill
G1 X48.000 Y38.467 Einf F3600
G1 E-0.800 F9000 ; retract
G0 X2.504 Y-2.504 F9000 ; travel
G1 E+0.800 F3600 ; unretract
;infill
G1 X48.000 Y42.992 Einf F3600
G1 E-0.800 F9000 ; retract
G0 X0.241 Y-0.241 F9000 ; travel
G1 E+0.800 F3600 ; unretract
;infill
G1 X48.000 Y47.518 Einf F3600
G1 E-0.800 F9000 ; retract
G0 X-2.022 Y2.022 F9000 ; travel
G1 E+0.800 F3600 ; unretract
;infill
G1 X48.000 Y52.043 Einf F3600
G1 E-0.800 F9000 ; retract
G0 X-4.284 Y4.284 F9000 ; travel
G1 E+0.800 F3600 ; unretract
;infill
G1 X48.000 Y56.569 Einf F3600
G1 E-0.800 F9000 ; retract
G0 X-6.547 Y6.547 F9000 ; travel
G1 E+0.800 F3600 ; unretract
;infill
G1 X48.000 Y61.094 Einf F3600
G1 E-0.800 F9000 ; retract
G0 X-8.810 Y8.810 F9000 ; travel
G1 E+0.800 F3600 ; unretract
;infill
G1 X48.000 Y65.620 Einf F3600
G1 E-0.800 F9000 ; retract
G0 X-11.072 Y11.072 F9000 ; travel
G1 E+0.800 F3600 ; unretract
;infill
G1 X48.000 Y70.145 Einf F3600
G1 E-0.800 F9000 ; retract
G0 X-13.335 Y13.335 F9000 ; travel
G1 E+0.800 F3600 ; unretract
;infill
G1 X48.000 Y74.670 Einf F3600
G1 E-0.800 F9000 ; retract
G0 X-15.598 Y15.598 F9000 ; travel
G1 E+0.800 F3600 ; unretract
;infill
G1 X48.000 Y79.196 Einf F3600
G1 E-0.800 F9000 ; retract
G0 X-17.861 Y17.861 F9000 ; travel
G1 E+0.800 F3600 ; unretract
;infill
G1 X48.000 Y83.721 Einf F3600
G1 E-0.800 F9000 ; retract
G0 X-20.123 Y20.123 F9000 ; travel
G1 E+0.800 F3600 ; unretract
;infill
G1 X48.000 Y88.247 Einf F3600
G1 E-0.800 F9000 ; retract
G0 X-22.386 Y22.386 F9000 ; travel
G1 E+0.800 F3600 ; unretract
;infill
G1 X48.000 Y92.772 Einf F3600
;LAYER:61 ;Z:12.20
G1 Z12.20 F9000 ; move to layer
G92 E0 ; reset extruder at layer start
G1 E-0.800 F9000 ; retract
G0 X64.000 Y36.000 F9000 ; travel
G1 E+0.800 F3600 ; unretract
;perimeter
G1 X60.400 Y36.000 Einf F3600
G1 X36.000 Y36.000 Einf F3600
G1 X36.000 Y39.600 Einf F3600
G1 X36.000 Y64.000 Einf F3600
G1 X39.600 Y64.000 Einf F3600
G1 X64.000 Y64.000 Einf F3600
G1 X64.000 Y60.400 Einf F3600
G1 E-0.800 F9000 ; retract
G0 X63.520 Y36.480 F9000 ; travel
G1 E+0.800 F3600 ; unretract
;perimeter
G1 X60.400 Y36.480 Einf F3600
G1 X36.480 Y36.480 Einf F3600
G1 X36.480 Y39.600 Einf F3600
G1 X36.480 Y63.520 Einf F3600
G1 X39.600 Y63.520 Einf F3600
G1 X63.520 Y63.520 Einf F3600
G1 X63.520 Y60.400 Einf F3600
G1 E-0.800 F9000 ; retract
G0 X62.000 Y38.000 F9000 ; travel
G1 E+0.800 F3600 ; unretract
;perimeter
G1 X41.600 Y38.000 Einf F3600
G1 X38.000 Y38.000 Einf F3600
G1 X38.000 Y58.400 Einf F3600
G1 X38.000 Y62.000 Einf F3600
G1 X58.400 Y62.000 Einf F3600
G1 X62.000 Y62.000 Einf F3600
G1 X62.000 Y41.600 Einf F3600
G1 E-0.800 F9000 ; retract
G0 X61.520 Y38.480 F9000 ; travel
G1 E+0.800 F3600 ; unretract
;perimeter
G1 X41.600 Y38.480 Einf F3600
G1 X38.480 Y38.480 Einf F3600
G1 X38.480 Y58.400 Einf F3600
G1 X38.480 Y61.520 Einf F3600
G1 X58.400 Y61.520 Einf F3600
G1 X61.520 Y61.520 Einf F3600
G1 X61.520 Y41.600 Einf F3600
G1 E-0.800 F9000 ; retract
G0 X39.725 Y36.904 F9000 ; travel
G1 E+0.800 F3600 ; unretract
;perimeter
G1 X39.766 Y36.753 Einf F3600
G1 X63.548 Y36.753 Einf F3600
G1 X63.508 Y36.603 Einf F3600
G1 X63.508 Y36.603 Einf F3600
G1 E-0.800 F9000 ; retract
G0 X60.732 Y60.000 F9000 ; travel
G1 E+0.800 F3600 ; unretract
;perimeter
G1 X58771885065192425390080.000 Y18314939781459887656009728.000 Einf F3600
G1 X43.000 Y59.000 Einf F3600
G1 X42.732 Y60.000 Einf F3600
G1 X11351553.000 Y60.000 Einf F3600
G1 E-0.800 F9000 ; retract
G0 X57.268 Y60.000 F9000 ; travel
G1 E+0.800 F3600 ; unretract
;perimeter
G1 X0.000 Y70361966260224807403520.000 Einf F3600
G1 X49.421 Y57.268 Einf F3600
G1 E-0.800 F9000 ; retract
G0 X57.000 Y59.000 F9000 ; travel
G1 E+0.800 F3600 ; unretract
;perimeter
G1 X64.000 Y0.000 Einf F3600
G1 X57.000 Y59.000 Einf F3600
G1 X57.268 Y58.000 Einf F3600
G1 X57.005 Y57.734 Einf F3600
G1 X57.734 Y57.005 Einf F3600
G1 X58.000 Y57.268 Einf F3600
G1 X59.000 Y57.000 Einf F3600
G1 X0.000 Y0.000 Einf F3600
G1 E-0.800 F9000 ; retract
G0 X43.052 Y40633942412238628855702618112.000 F9000 ; travel
G1 E+0.800 F3600 ; unretract
;perimeter
G1 X48.000 Y0.000 Einf F3600
G1 X2.467 Y48840801451823299183228485632.000 Einf F3600
G1 E-0.800 F9000 ; retract
G0 X22.869 Y-22.869 F9000 ; travel
G1 E+0.800 F3600 ; unretract
;infill
G1 X48.000 Y2.263 Einf F3600
G1 E-0.800 F9000 ; retract
G0 X20.606 Y-20.606 F9000 ; travel
G1 E+0.800 F3600 ; unretract
;infill
G1 X48.000 Y6.788 Einf F3600
G1 E-0.800 F9000 ; retract
G0 X18.343 Y-18.343 F9000 ; travel
G1 E+0.800 F3600 ; unretract
;infill
G1 X48.000 Y11.314 Einf F3600
G1 E-0.800 F9000 ; retract
G0 X16.080 Y-16.080 F9000 ; travel
G1 E+0.800 F3600 ; unretract
;infill
G1 X48.000 Y15.839 Einf F3600
G1 E-0.800 F9000 ; retract
G0 X13.818 Y-13.818 F9000 ; travel
G1 E+0.800 F3600 ; unretract
;infill
G1 X48.000 Y20.365 Einf F3600
G1 E-0.800 F9000 ; retract
G0 X11.555 Y-11.555 F9000 ; travel
G1 E+0.800 F3600 ; unretract
;infill
G1 X48.000 Y24.890 Einf F3600
G1 E-0.800 F9000 ; retract
G0 X9.292 Y-9.292 F9000 ; travel
G1 E+0.800 F3600 ; unretract
;infill
G1 X48.000 Y29.416 Einf F3600
G1 E-0.800 F9000 ; retract
G0 X7.029 Y-7.029 F9000 ; travel
G1 E+0.800 F3600 ; unretract
;infill
G1 X48.000 Y33.941 Einf F3600
G1 E-0.800 F9000 ; retract
G0 X4.767 Y-4.767 F9000 ; travel
G1 E+0.800 F3600 ; unretract
;infill
G1 X48.000 Y38.467 Einf F3600
G1 E-0.800 F9000 ; retract
G0 X2.504 Y-2.504 F9000 ; travel
G1 E+0.800 F3600 ; unretract
;infill
G1 X48.000 Y42.992 Einf F3600
G1 E-0.800 F9000 ; retract
G0 X0.241 Y-0.241 F9000 ; travel
G1 E+0.800 F3600 ; unretract
;infill
G1 X48.000 Y47.518 Einf F3600
G1 E-0.800 F9000 ; retract
G0 X-2.022 Y2.022 F9000 ; travel
G1 E+0.800 F3600 ; unretract
;infill
G1 X48.000 Y52.043 Einf F3600
G1 E-0.800 F9000 ; retract
G0 X-4.284 Y4.284 F9000 ; travel
G1 E+0.800 F3600 ; unretract
;infill
G1 X48.000 Y56.569 Einf F3600
G1 E-0.800 F9000 ; retract
G0 X-6.547 Y6.547 F9000 ; travel
G1 E+0.800 F3600 ; unretract
;infill
G1 X48.000 Y61.094 Einf F3600
G1 E-0.800 F9000 ; retract
G0 X-8.810 Y8.810 F9000 ; travel
G1 E+0.800 F3600 ; unretract
;infill
G1 X48.000 Y65.620 Einf F3600
G1 E-0.800 F9000 ; retract
G0 X-11.072 Y11.072 F9000 ; travel
G1 E+0.800 F3600 ; unretract
;infill
G1 X48.000 Y70.145 Einf F3600
G1 E-0.800 F9000 ; retract
G0 X-13.335 Y13.335 F9000 ; travel
G1 E+0.800 F3600 ; unretract
;infill
G1 X48.000 Y74.670 Einf F3600
G1 E-0.800 F9000 ; retract
G0 X-15.598 Y15.598 F9000 ; travel
G1 E+0.800 F3600 ; unretract
;infill
G1 X48.000 Y79.196 Einf F3600
G1 E-0.800 F9000 ; retract
G0 X-17.861 Y17.861 F9000 ; travel
G1 E+0.800 F3600 ; unretract
;infill
G1 X48.000 Y83.721 Einf F3600
G1 E-0.800 F9000 ; retract
G0 X-20.123 Y20.123 F9000 ; travel
G1 E+0.800 F3600 ; unretract
;infill
G1 X48.000 Y88.247 Einf F3600
G1 E-0.800 F9000 ; retract
G0 X-22.386 Y22.386 F9000 ; travel
G1 E+0.800 F3600 ; unretract
;infill
G1 X48.000 Y92.772 Einf F3600
;LAYER:62 ;Z:12.40
G1 Z12.40 F9000 ; move to layer
G92 E0 ; reset extruder at layer start
G1 E-0.800 F9000 ; retract
G0 X64.000 Y36.000 F9000 ; travel
G1 E+0.800 F3600 ; unretract
;perimeter
G1 X60.800 Y36.000 Einf F3600
G1 X36.000 Y36.000 Einf F3600
G1 X36.000 Y39.200 Einf F3600
G1 X36.000 Y64.000 Einf F3600
G1 X39.200 Y64.000 Einf F3600
G1 X64.000 Y64.000 Einf F3600
G1 X64.000 Y60.800 Einf F3600
G1 E-0.800 F9000 ; retract
G0 X63.520 Y36.480 F9000 ; travel
G1 E+0.800 F3600 ; unretract
;perimeter
G1 X60.800 Y36.480 Einf F3600
G1 X36.480 Y36.480 Einf F3600
G1 X36.480 Y39.200 Einf F3600
G1 X36.480 Y63.520 Einf F3600
G1 X39.200 Y63.520 Einf F3600
G1 X63.520 Y63.520 Einf F3600
G1 X63.520 Y60.800 Einf F3600
G1 E-0.800 F9000 ; retract
G0 X62.000 Y38.000 F9000 ; travel
G1 E+0.800 F3600 ; unretract
;perimeter
G1 X41.200 Y38.000 Einf F3600
G1 X38.000 Y38.000 Einf F3600
G1 X38.000 Y58.800 Einf F3600
G1 X38.000 Y62.000 Einf F3600
G1 X58.800 Y62.000 Einf F3600
G1 X62.000 Y62.000 Einf F3600
G1 X62.000 Y41.200 Einf F3600
G1 E-0.800 F9000 ; retract
G0 X61.520 Y38.480 F9000 ; travel
G1 E+0.800 F3600 ; unretract
;perimeter
G1 X41.200 Y38.480 Einf F3600
G1 X38.480 Y38.480 Einf F3600
G1 X38.480 Y58.800 Einf F3600
G1 X38.480 Y61.520 Einf F3600
G1 X58.800 Y61.520 Einf F3600
G1 X61.520 Y61.520 Einf F3600
G1 X61.520 Y41.200 Einf F3600
G1 E-0.800 F9000 ; retract
G0 X39.311 Y36.803 F9000 ; travel
G1 E+0.800 F3600 ; unretract
;perimeter
G1 X39.347 Y36.669 Einf F3600
G1 X63.598 Y36.669 Einf F3600
G1 X63.562 Y36.536 Einf F3600
G1 X63.247 Y36.922 Einf F3600
G1 X63.078 Y36.753 Einf F3600
G1 X41.532 Y36.753 Einf F3600
G1 X41.301 Y36.691 Einf F3600
G1 X41.301 Y36.691 Einf F3600
G1 E-0.800 F9000 ; retract
G0 X38.676 Y37.320 F9000 ; travel
G1 E+0.800 F3600 ; unretract
;perimeter
G1 X38.979 Y36.189 Einf F3600
G1 X62.973 Y36.189 Einf F3600
G1 X63.341 Y37.565 Einf F3600
G1 X63.283 Y37.637 Einf F3600
G1 X62.879 Y37.233 Einf F3600
G1 X41.468 Y37.233 Einf F3600
G1 X37.655 Y36.211 Einf F3600
G1 E-0.800 F9000 ; retract
G0 X60.732 Y60.000 F9000 ; travel
G1 E+0.800 F3600 ; unretract
;perimeter
G1 X58771885065192425390080.000 Y18314939781459887656009728.000 Einf F3600
G1 X43.000 Y59.000 Einf F3600
G1 X42.732 Y60.000 Einf F3600
G1 X11575229.000 Y60.000 Einf F3600
G1 E-0.800 F9000 ; retract
G0 X57.268 Y60.000 F9000 ; travel
G1 E+0.800 F3600 ; unretract
;perimeter
G1 X0.000 Y70361966260224807403520.000 Einf F3600
G1 X49.606 Y57.268 Einf F3600
G1 E-0.800 F9000 ; retract
G0 X57.000 Y59.000 F9000 ; travel
G1 E+0.800 F3600 ; unretract
;perimeter
G1 X64.000 Y0.000 Einf F3600
G1 X57.000 Y59.000 Einf F3600
G1 X57.268 Y58.000 Einf F3600
G1 X57.000 Y57.728 Einf F3600
G1 X57.728 Y57.000 Einf F3600
G1 X58.000 Y57.268 Einf F3600
G1 X59.000 Y57.000 Einf F3600
G1 X0.000 Y0.000 Einf F3600
G1 E-0.800 F9000 ; retract
G0 X43.093 Y41434614927042694332039561216.000 F9000 ; travel
G1 E+0.800 F3600 ; unretract
;perimeter
G1 X48.000 Y0.000 Einf F3600
G1 X2.507 Y49641473966627364659565428736.000 Einf F3600
G1 E-0.800 F9000 ; retract
G0 X22.869 Y-22.869 F9000 ; travel
G1 E+0.800 F3600 ; unretract
;infill
G1 X48.000 Y2.263 Einf F3600
G1 E-0.800 F9000 ; retract
G0 X20.606 Y-20.606 F9000 ; travel
G1 E+0.800 F3600 ; unretract
;infill
G1 X48.000 Y6.788 Einf F3600
G1 E-0.800 F9000 ; retract
G0 X18.343 Y-18.343 F9000 ; travel
G1 E+0.800 F3600 ; unretract
;infill
G1 X48.000 Y11.314 Einf F3600
G1 E-0.800 F9000 ; retract
G0 X16.080 Y-16.080 F9000 ; travel
G1 E+0.800 F3600 ; unretract
;infill
G1 X48.000 Y15.839 Einf F3600
G1 E-0.800 F9000 ; retract
G0 X13.818 Y-13.818 F9000 ; travel
G1 E+0.800 F3600 ; unretract
;infill
G1 X48.000 Y20.365 Einf F3600
G1 E-0.800 F9000 ; retract
G0 X11.555 Y-11.555 F9000 ; travel
G1 E+0.800 F3600 ; unretract
;infill
G1 X48.000 Y24.890 Einf F3600
G1 E-0.800 F9000 ; retract
G0 X9.292 Y-9.292 F9000 ; travel
G1 E+0.800 F3600 ; unretract
;infill
G1 X48.000 Y29.416 Einf F3600
G1 E-0.800 F9000 ; retract
G0 X7.029 Y-7.029 F9000 ; travel
G1 E+0.800 F3600 ; unretract
;infill
G1 X48.000 Y33.941 Einf F3600
G1 E-0.800 F9000 ; retract
G0 X4.767 Y-4.767 F9000 ; travel
G1 E+0.800 F3600 ; unretract
;infill
G1 X48.000 Y38.467 Einf F3600
G1 E-0.800 F9000 ; retract
G0 X2.504 Y-2.504 F9000 ; travel
G1 E+0.800 F3600 ; unretract
;infill
G1 X48.000 Y42.992 Einf F3600
G1 E-0.800 F9000 ; retract
G0 X0.241 Y-0.241 F9000 ; travel
G1 E+0.800 F3600 ; unretract
;infill
G1 X48.000 Y47.518 Einf F3600
G1 E-0.800 F9000 ; retract
G0 X-2.022 Y2.022 F9000 ; travel
G1 E+0.800 F3600 ; unretract
;infill
G1 X48.000 Y52.043 Einf F3600
G1 E-0.800 F9000 ; retract
G0 X-4.284 Y4.284 F9000 ; travel
G1 E+0.800 F3600 ; unretract
;infill
G1 X48.000 Y56.569 Einf F3600
G1 E-0.800 F9000 ; retract
G0 X-6.547 Y6.547 F9000 ; travel
G1 E+0.800 F3600 ; unretract
;infill
G1 X48.000 Y61.094 Einf F3600
G1 E-0.800 F9000 ; retract
G0 X-8.810 Y8.810 F9000 ; travel
G1 E+0.800 F3600 ; unretract
;infill
G1 X48.000 Y65.620 Einf F3600
G1 E-0.800 F9000 ; retract
G0 X-11.072 Y11.072 F9000 ; travel
G1 E+0.800 F3600 ; unretract
;infill
G1 X48.000 Y70.145 Einf F3600
G1 E-0.800 F9000 ; retract
G0 X-13.335 Y13.335 F9000 ; travel
G1 E+0.800 F3600 ; unretract
;infill
G1 X48.000 Y74.670 Einf F3600
G1 E-0.800 F9000 ; retract
G0 X-15.598 Y15.598 F9000 ; travel
G1 E+0.800 F3600 ; unretract
;infill
G1 X48.000 Y79.196 Einf F3600
G1 E-0.800 F9000 ; retract
G0 X-17.861 Y17.861 F9000 ; travel
G1 E+0.800 F3600 ; unretract
;infill
G1 X48.000 Y83.721 Einf F3600
G1 E-0.800 F9000 ; retract
G0 X-20.123 Y20.123 F9000 ; travel
G1 E+0.800 F3600 ; unretract
;infill
G1 X48.000 Y88.247 Einf F3600
G1 E-0.800 F9000 ; retract
G0 X-22.386 Y22.386 F9000 ; travel
G1 E+0.800 F3600 ; unretract
;infill
G1 X48.000 Y92.772 Einf F3600
;LAYER:63 ;Z:12.60
G1 Z12.60 F9000 ; move to layer
G92 E0 ; reset extruder at layer start
G1 E-0.800 F9000 ; retract
G0 X64.000 Y36.000 F9000 ; travel
G1 E+0.800 F3600 ; unretract
;perimeter
G1 X61.200 Y36.000 Einf F3600
G1 X36.000 Y36.000 Einf F3600
G1 X36.000 Y38.800 Einf F3600
G1 X36.000 Y64.000 Einf F3600
G1 X38.800 Y64.000 Einf F3600
G1 X64.000 Y64.000 Einf F3600
G1 X64.000 Y61.200 Einf F3600
G1 E-0.800 F9000 ; retract
G0 X63.520 Y36.480 F9000 ; travel
G1 E+0.800 F3600 ; unretract
;perimeter
G1 X61.200 Y36.480 Einf F3600
G1 X36.480 Y36.480 Einf F3600
G1 X36.480 Y38.800 Einf F3600
G1 X36.480 Y63.520 Einf F3600
G1 X38.800 Y63.520 Einf F3600
G1 X63.520 Y63.520 Einf F3600
G1 X63.520 Y61.200 Einf F3600
G1 E-0.800 F9000 ; retract
G0 X62.000 Y38.000 F9000 ; travel
G1 E+0.800 F3600 ; unretract
;perimeter
G1 X40.800 Y38.000 Einf F3600
G1 X38.000 Y38.000 Einf F3600
G1 X38.000 Y59.200 Einf F3600
G1 X38.000 Y62.000 Einf F3600
G1 X59.200 Y62.000 Einf F3600
G1 X62.000 Y62.000 Einf F3600
G1 X62.000 Y40.800 Einf F3600
G1 E-0.800 F9000 ; retract
G0 X61.520 Y38.480 F9000 ; travel
G1 E+0.800 F3600 ; unretract
;perimeter
G1 X40.800 Y38.480 Einf F3600
G1 X38.480 Y38.480 Einf F3600
G1 X38.480 Y59.200 Einf F3600
G1 X38.480 Y61.520 Einf F3600
G1 X59.200 Y61.520 Einf F3600
G1 X61.520 Y61.520 Einf F3600
G1 X61.520 Y40.800 Einf F3600
G1 E-0.800 F9000 ; retract
G0 X38.897 Y36.703 F9000 ; travel
G1 E+0.800 F3600 ; unretract
;perimeter
G1 X38.929 Y36.586 Einf F3600
G1 X63.649 Y36.586 Einf F3600
G1 X63.617 Y36.469 Einf F3600
G1 X63.295 Y36.862 Einf F3600
G1 X63.138 Y36.705 Einf F3600
G1 X41.175 Y36.705 Einf F3600
G1 X40.959 Y36.647 Einf F3600
G1 X38.695 Y36.351 Einf F3600
G1 X38.695 Y36.351 Einf F3600
G1 E-0.800 F9000 ; retract
G0 X38.734 Y35.459 F9000 ; travel
G1 E+0.800 F3600 ; unretract
;perimeter
G1 X38.561 Y36.106 Einf F3600
G1 X63.023 Y36.106 Einf F3600
G1 X63.396 Y37.498 Einf F3600
G1 X63.331 Y37.577 Einf F3600
G1 X62.939 Y37.185 Einf F3600
G1 X41.112 Y37.185 Einf F3600
G1 X40.866 Y37.119 Einf F3600
G1 X38.663 Y36.831 Einf F3600
G1 X39.526 Y36.831 Einf F3600
G1 E-0.800 F9000 ; retract
G0 X60.732 Y60.000 F9000 ; travel
G1 E+0.800 F3600 ; unretract
;perimeter
G1 X58771885065192425390080.000 Y18314939781459887656009728.000 Einf F3600
G1 X43.000 Y59.000 Einf F3600
G1 X42.732 Y60.000 Einf F3600
G1 X11798904.000 Y60.000 Einf F3600
G1 E-0.800 F9000 ; retract
G0 X57.268 Y60.000 F9000 ; travel
G1 E+0.800 F3600 ; unretract
;perimeter
G1 X0.000 Y70361966260224807403520.000 Einf F3600
G1 X49.792 Y57.268 Einf F3600
G1 E-0.800 F9000 ; retract
G0 X57.000 Y59.000 F9000 ; travel
G1 E+0.800 F3600 ; unretract
;perimeter
G1 X64.000 Y0.000 Einf F3600
G1 X57.000 Y59.000 Einf F3600
G1 X57.268 Y58.000 Einf F3600
G1 X56.994 Y57.723 Einf F3600
G1 X57.723 Y56.994 Einf F3600
G1 X58.000 Y57.268 Einf F3600
G1 X59.000 Y57.000 Einf F3600
G1 X0.000 Y0.000 Einf F3600
G1 E-0.800 F9000 ; retract
G0 X43.133 Y42235287441846759808376504320.000 F9000 ; travel
G1 E+0.800 F3600 ; unretract
;perimeter
G1 X48.000 Y0.000 Einf F3600
G1 X2.548 Y50442137036698464396611944448.000 Einf F3600
G1 E-0.800 F9000 ; retract
G0 X22.869 Y-22.869 F9000 ; travel
G1 E+0.800 F3600 ; unretract
;infill
G1 X48.000 Y2.263 Einf F3600
G1 E-0.800 F9000 ; retract
G0 X20.606 Y-20.606 F9000 ; travel
G1 E+0.800 F3600 ; unretract
;infill
G1 X48.000 Y6.788 Einf F3600
G1 E-0.800 F9000 ; retract
G0 X18.343 Y-18.343 F9000 ; travel
G1 E+0.800 F3600 ; unretract
;infill
G1 X48.000 Y11.314 Einf F3600
G1 E-0.800 F9000 ; retract
G0 X16.080 Y-16.080 F9000 ; travel
G1 E+0.800 F3600 ; unretract
;infill
G1 X48.000 Y15.839 Einf F3600
G1 E-0.800 F9000 ; retract
G0 X13.818 Y-13.818 F9000 ; travel
G1 E+0.800 F3600 ; unretract
;infill
G1 X48.000 Y20.365 Einf F3600
G1 E-0.800 F9000 ; retract
G0 X11.555 Y-11.555 F9000 ; travel
G1 E+0.800 F3600 ; unretract
;infill
G1 X48.000 Y24.890 Einf F3600
G1 E-0.800 F9000 ; retract
G0 X9.292 Y-9.292 F9000 ; travel
G1 E+0.800 F3600 ; unretract
;infill
G1 X48.000 Y29.416 Einf F3600
G1 E-0.800 F9000 ; retract
G0 X7.029 Y-7.029 F9000 ; travel
G1 E+0.800 F3600 ; unretract
;infill
G1 X48.000 Y33.941 Einf F3600
G1 E-0.800 F9000 ; retract
G0 X4.767 Y-4.767 F9000 ; travel
G1 E+0.800 F3600 ; unretract
;infill
G1 X48.000 Y38.467 Einf F3600
G1 E-0.800 F9000 ; retract
G0 X2.504 Y-2.504 F9000 ; travel
G1 E+0.800 F3600 ; unretract
;infill
G1 X48.000 Y42.992 Einf F3600
G1 E-0.800 F9000 ; retract
G0 X0.241 Y-0.241 F9000 ; travel
G1 E+0.800 F3600 ; unretract
;infill
G1 X48.000 Y47.518 Einf F3600
G1 E-0.800 F9000 ; retract
G0 X-2.022 Y2.022 F9000 ; travel
G1 E+0.800 F3600 ; unretract
;infill
G1 X48.000 Y52.043 Einf F3600
G1 E-0.800 F9000 ; retract
G0 X-4.284 Y4.284 F9000 ; travel
G1 E+0.800 F3600 ; unretract
;infill
G1 X48.000 Y56.569 Einf F3600
G1 E-0.800 F9000 ; retract
G0 X-6.547 Y6.547 F9000 ; travel
G1 E+0.800 F3600 ; unretract
;infill
G1 X48.000 Y61.094 Einf F3600
G1 E-0.800 F9000 ; retract
G0 X-8.810 Y8.810 F9000 ; travel
G1 E+0.800 F3600 ; unretract
;infill
G1 X48.000 Y65.620 Einf F3600
G1 E-0.800 F9000 ; retract
G0 X-11.072 Y11.072 F9000 ; travel
G1 E+0.800 F3600 ; unretract
;infill
G1 X48.000 Y70.145 Einf F3600
G1 E-0.800 F9000 ; retract
G0 X-13.335 Y13.335 F9000 ; travel
G1 E+0.800 F3600 ; unretract
;infill
G1 X48.000 Y74.670 Einf F3600
G1 E-0.800 F9000 ; retract
G0 X-15.598 Y15.598 F9000 ; travel
G1 E+0.800 F3600 ; unretract
;infill
G1 X48.000 Y79.196 Einf F3600
G1 E-0.800 F9000 ; retract
G0 X-17.861 Y17.861 F9000 ; travel
G1 E+0.800 F3600 ; unretract
;infill
G1 X48.000 Y83.721 Einf F3600
G1 E-0.800 F9000 ; retract
G0 X-20.123 Y20.123 F9000 ; travel
G1 E+0.800 F3600 ; unretract
;infill
G1 X48.000 Y88.247 Einf F3600
G1 E-0.800 F9000 ; retract
G0 X-22.386 Y22.386 F9000 ; travel
G1 E+0.800 F3600 ; unretract
;infill
G1 X48.000 Y92.772 Einf F3600
;LAYER:64 ;Z:12.80
G1 Z12.80 F9000 ; move to layer
G92 E0 ; reset extruder at layer start
G1 E-0.800 F9000 ; retract
G0 X64.000 Y36.000 F9000 ; travel
G1 E+0.800 F3600 ; unretract
;perimeter
G1 X61.600 Y36.000 Einf F3600
G1 X36.000 Y36.000 Einf F3600
G1 X36.000 Y38.400 Einf F3600
G1 X36.000 Y64.000 Einf F3600
G1 X38.400 Y64.000 Einf F3600
G1 X64.000 Y64.000 Einf F3600
G1 X64.000 Y61.600 Einf F3600
G1 E-0.800 F9000 ; retract
G0 X63.520 Y36.480 F9000 ; travel
G1 E+0.800 F3600 ; unretract
;perimeter
G1 X61.600 Y36.480 Einf F3600
G1 X36.480 Y36.480 Einf F3600
G1 X36.480 Y38.400 Einf F3600
G1 X36.480 Y63.520 Einf F3600
G1 X38.400 Y63.520 Einf F3600
G1 X63.520 Y63.520 Einf F3600
G1 X63.520 Y61.600 Einf F3600
G1 E-0.800 F9000 ; retract
G0 X62.000 Y38.000 F9000 ; travel
G1 E+0.800 F3600 ; unretract
;perimeter
G1 X40.400 Y38.000 Einf F3600
G1 X38.000 Y38.000 Einf F3600
G1 X38.000 Y59.600 Einf F3600
G1 X38.000 Y62.000 Einf F3600
G1 X59.600 Y62.000 Einf F3600
G1 X62.000 Y62.000 Einf F3600
G1 X62.000 Y40.400 Einf F3600
G1 E-0.800 F9000 ; retract
G0 X61.520 Y38.480 F9000 ; travel
G1 E+0.800 F3600 ; unretract
;perimeter
G1 X40.400 Y38.480 Einf F3600
G1 X38.480 Y38.480 Einf F3600
G1 X38.480 Y59.600 Einf F3600
G1 X38.480 Y61.520 Einf F3600
G1 X59.600 Y61.520 Einf F3600
G1 X61.520 Y61.520 Einf F3600
G1 X61.520 Y40.400 Einf F3600
G1 E-0.800 F9000 ; retract
G0 X38.484 Y36.603 F9000 ; travel
G1 E+0.800 F3600 ; unretract
;perimeter
G1 X38.510 Y36.502 Einf F3600
G1 X63.699 Y36.502 Einf F3600
G1 X63.672 Y36.402 Einf F3600
G1 X63.344 Y36.803 Einf F3600
G1 X63.197 Y36.656 Einf F3600
G1 X40.818 Y36.656 Einf F3600
G1 X40.617 Y36.602 Einf F3600
G1 X38.310 Y36.301 Einf F3600
G1 X38.209 Y36.328 Einf F3600
G1 X62.796 Y59.035 Einf F3600
G1 X62.649 Y59.182 Einf F3600
G1 X62.649 Y59.182 Einf F3600
G1 E-0.800 F9000 ; retract
G0 X37.945 Y36.757 F9000 ; travel
G1 E+0.800 F3600 ; unretract
;perimeter
G1 X38.142 Y36.022 Einf F3600
G1 X63.073 Y36.022 Einf F3600
G1 X63.451 Y37.431 Einf F3600
G1 X63.380 Y37.518 Einf F3600
G1 X62.998 Y37.136 Einf F3600
G1 X40.755 Y37.136 Einf F3600
G1 X40.524 Y37.074 Einf F3600
G1 X38.342 Y36.790 Einf F3600
G1 X39.175 Y36.566 Einf F3600
G1 X63.488 Y59.021 Einf F3600
G1 X62.847 Y59.662 Einf F3600
G1 X62.459 Y59.662 Einf F3600
G1 E-0.800 F9000 ; retract
G0 X60.732 Y60.000 F9000 ; travel
G1 E+0.800 F3600 ; unretract
;perimeter
G1 X58771885065192425390080.000 Y18314939781459887656009728.000 Einf F3600
G1 X43.000 Y59.000 Einf F3600
G1 X42.732 Y60.000 Einf F3600
G1 X12022579.000 Y60.000 Einf F3600
G1 E-0.800 F9000 ; retract
G0 X57.268 Y60.000 F9000 ; travel
G1 E+0.800 F3600 ; unretract
;perimeter
G1 X0.000 Y70361966260224807403520.000 Einf F3600
G1 X49.978 Y57.268 Einf F3600
G1 E-0.800 F9000 ; retract
G0 X57.000 Y59.000 F9000 ; travel
G1 E+0.800 F3600 ; unretract
;perimeter
G1 X64.000 Y0.000 Einf F3600
G1 X57.000 Y59.000 Einf F3600
G1 X57.268 Y58.000 Einf F3600
G1 X56.989 Y57.718 Einf F3600
G1 X57.718 Y56.989 Einf F3600
G1 X58.000 Y57.268 Einf F3600
G1 X59.000 Y57.000 Einf F3600
G1 X0.000 Y0.000 Einf F3600
G1 E-0.800 F9000 ; retract
G0 X43.174 Y43035950511917859545423020032.000 F9000 ; travel
G1 E+0.800 F3600 ; unretract
;perimeter
G1 X48.000 Y0.000 Einf F3600
G1 X2.588 Y51242809551502529872948887552.000 Einf F3600
G1 E-0.800 F9000 ; retract
G0 X22.869 Y-22.869 F9000 ; travel
G1 E+0.800 F3600 ; unretract
;infill
G1 X48.000 Y2.263 Einf F3600
G1 E-0.800 F9000 ; retract
G0 X20.606 Y-20.606 F9000 ; travel
G1 E+0.800 F3600 ; unretract
;infill
G1 X48.000 Y6.788 Einf F3600
G1 E-0.800 F9000 ; retract
G0 X18.343 Y-18.343 F9000 ; travel
G1 E+0.800 F3600 ; unretract
;infill
G1 X48.000 Y11.314 Einf F3600
G1 E-0.800 F9000 ; retract
G0 X16.080 Y-16.080 F9000 ; travel
G1 E+0.800 F3600 ; unretract
;infill
G1 X48.000 Y15.839 Einf F3600
G1 E-0.800 F9000 ; retract
G0 X13.818 Y-13.818 F9000 ; travel
G1 E+0.800 F3600 ; unretract
;infill
G1 X48.000 Y20.365 Einf F3600
G1 E-0.800 F9000 ; retract
G0 X11.555 Y-11.555 F9000 ; travel
G1 E+0.800 F3600 ; unretract
;infill
G1 X48.000 Y24.890 Einf F3600
G1 E-0.800 F9000 ; retract
G0 X9.292 Y-9.292 F9000 ; travel
G1 E+0.800 F3600 ; unretract
;infill
G1 X48.000 Y29.416 Einf F3600
G1 E-0.800 F9000 ; retract
G0 X7.029 Y-7.029 F9000 ; travel
G1 E+0.800 F3600 ; unretract
;infill
G1 X48.000 Y33.941 Einf F3600
G1 E-0.800 F9000 ; retract
G0 X4.767 Y-4.767 F9000 ; travel
G1 E+0.800 F3600 ; unretract
;infill
G1 X48.000 Y38.467 Einf F3600
G1 E-0.800 F9000 ; retract
G0 X2.504 Y-2.504 F9000 ; travel
G1 E+0.800 F3600 ; unretract
;infill
G1 X48.000 Y42.992 Einf F3600
G1 E-0.800 F9000 ; retract
G0 X0.241 Y-0.241 F9000 ; travel
G1 E+0.800 F3600 ; unretract
;infill
G1 X48.000 Y47.518 Einf F3600
G1 E-0.800 F9000 ; retract
G0 X-2.022 Y2.022 F9000 ; travel
G1 E+0.800 F3600 ; unretract
;infill
G1 X48.000 Y52.043 Einf F3600
G1 E-0.800 F9000 ; retract
G0 X-4.284 Y4.284 F9000 ; travel
G1 E+0.800 F3600 ; unretract
;infill
G1 X48.000 Y56.569 Einf F3600
G1 E-0.800 F9000 ; retract
G0 X-6.547 Y6.547 F9000 ; travel
G1 E+0.800 F3600 ; unretract
;infill
G1 X48.000 Y61.094 Einf F3600
G1 E-0.800 F9000 ; retract
G0 X-8.810 Y8.810 F9000 ; travel
G1 E+0.800 F3600 ; unretract
;infill
G1 X48.000 Y65.620 Einf F3600
G1 E-0.800 F9000 ; retract
G0 X-11.072 Y11.072 F9000 ; travel
G1 E+0.800 F3600 ; unretract
;infill
G1 X48.000 Y70.145 Einf F3600
G1 E-0.800 F9000 ; retract
G0 X-13.335 Y13.335 F9000 ; travel
G1 E+0.800 F3600 ; unretract
;infill
G1 X48.000 Y74.670 Einf F3600
G1 E-0.800 F9000 ; retract
G0 X-15.598 Y15.598 F9000 ; travel
G1 E+0.800 F3600 ; unretract
;infill
G1 X48.000 Y79.196 Einf F3600
G1 E-0.800 F9000 ; retract
G0 X-17.861 Y17.861 F9000 ; travel
G1 E+0.800 F3600 ; unretract
;infill
G1 X48.000 Y83.721 Einf F3600
G1 E-0.800 F9000 ; retract
G0 X-20.123 Y20.123 F9000 ; travel
G1 E+0.800 F3600 ; unretract
;infill
G1 X48.000 Y88.247 Einf F3600
G1 E-0.800 F9000 ; retract
G0 X-22.386 Y22.386 F9000 ; travel
G1 E+0.800 F3600 ; unretract
;infill
G1 X48.000 Y92.772 Einf F3600
;LAYER:65 ;Z:13.00
G1 Z13.00 F9000 ; move to layer
G92 E0 ; reset extruder at layer start
G1 E-0.800 F9000 ; retract
G0 X64.000 Y36.000 F9000 ; travel
G1 E+0.800 F3600 ; unretract
;perimeter
G1 X62.000 Y36.000 Einf F3600
G1 X36.000 Y36.000 Einf F3600
G1 X36.000 Y38.000 Einf F3600
G1 X36.000 Y64.000 Einf F3600
G1 X38.000 Y64.000 Einf F3600
G1 X64.000 Y64.000 Einf F3600
G1 X64.000 Y62.000 Einf F3600
G1 E-0.800 F9000 ; retract
G0 X63.520 Y36.480 F9000 ; travel
G1 E+0.800 F3600 ; unretract
;perimeter
G1 X62.000 Y36.480 Einf F3600
G1 X36.480 Y36.480 Einf F3600
G1 X36.480 Y38.000 Einf F3600
G1 X36.480 Y63.520 Einf F3600
G1 X38.000 Y63.520 Einf F3600
G1 X63.520 Y63.520 Einf F3600
G1 X63.520 Y62.000 Einf F3600
G1 E-0.800 F9000 ; retract
G0 X62.000 Y38.000 F9000 ; travel
G1 E+0.800 F3600 ; unretract
;perimeter
G1 X40.000 Y38.000 Einf F3600
G1 X38.000 Y38.000 Einf F3600
G1 X38.000 Y60.000 Einf F3600
G1 X38.000 Y62.000 Einf F3600
G1 X60.000 Y62.000 Einf F3600
G1 X62.000 Y62.000 Einf F3600
G1 X62.000 Y40.000 Einf F3600
G1 E-0.800 F9000 ; retract
G0 X61.520 Y38.480 F9000 ; travel
G1 E+0.800 F3600 ; unretract
;perimeter
G1 X40.000 Y38.480 Einf F3600
G1 X38.480 Y38.480 Einf F3600
G1 X38.480 Y60.000 Einf F3600
G1 X38.480 Y61.520 Einf F3600
G1 X60.000 Y61.520 Einf F3600
G1 X61.520 Y61.520 Einf F3600
G1 X61.520 Y40.000 Einf F3600
G1 E-0.800 F9000 ; retract
G0 X38.070 Y36.502 F9000 ; travel
G1 E+0.800 F3600 ; unretract
;perimeter
G1 X38.092 Y36.418 Einf F3600
G1 X63.749 Y36.418 Einf F3600
G1 X63.727 Y36.335 Einf F3600
G1 X63.393 Y36.743 Einf F3600
G1 X63.257 Y36.607 Einf F3600
G1 X40.461 Y36.607 Einf F3600
G1 X40.275 Y36.558 Einf F3600
G1 X37.925 Y36.251 Einf F3600
G1 X37.841 Y36.273 Einf F3600
G1 X62.885 Y59.403 Einf F3600
G1 X62.885 Y59.403 Einf F3600
G1 E-0.800 F9000 ; retract
G0 X37.531 Y36.658 F9000 ; travel
G1 E+0.800 F3600 ; unretract
;perimeter
G1 X37.724 Y35.938 Einf F3600
G1 X63.123 Y35.938 Einf F3600
G1 X63.505 Y37.364 Einf F3600
G1 X63.428 Y37.458 Einf F3600
G1 X63.058 Y37.087 Einf F3600
G1 X40.398 Y37.087 Einf F3600
G1 X40.182 Y37.029 Einf F3600
G1 X37.957 Y36.739 Einf F3600
G1 X38.806 Y36.512 Einf F3600
G1 X62.405 Y58.306 Einf F3600
G1 X62.405 Y59.613 Einf F3600
G1 E-0.800 F9000 ; retract
G0 X60.732 Y60.000 F9000 ; travel
G1 E+0.800 F3600 ; unretract
;perimeter
G1 X58771885065192425390080.000 Y18314939781459887656009728.000 Einf F3600
G1 X43.000 Y59.000 Einf F3600
G1 X42.732 Y60.000 Einf F3600
G1 X12246254.000 Y60.000 Einf F3600
G1 E-0.800 F9000 ; retract
G0 X57.268 Y60.000 F9000 ; travel
G1 E+0.800 F3600 ; unretract
;perimeter
G1 X0.000 Y70361966260224807403520.000 Einf F3600
G1 X50.163 Y57.268 Einf F3600
G1 E-0.800 F9000 ; retract
G0 X57.000 Y59.000 F9000 ; travel
G1 E+0.800 F3600 ; unretract
;perimeter
G1 X64.000 Y0.000 Einf F3600
G1 X57.000 Y59.000 Einf F3600
G1 X57.268 Y58.000 Einf F3600
G1 X56.984 Y57.713 Einf F3600
G1 X57.713 Y56.984 Einf F3600
G1 X58.000 Y57.268 Einf F3600
G1 X59.000 Y57.000 Einf F3600
G1 X0.000 Y0.000 Einf F3600
G1 E-0.800 F9000 ; retract
G0 X43.214 Y43836618304355442152114749440.000 F9000 ; travel
G1 E+0.800 F3600 ; unretract
;perimeter
G1 X48.000 Y0.000 Einf F3600
G1 X2.629 Y52043477343940112479640616960.000 Einf F3600
G1 E-0.800 F9000 ; retract
G0 X22.869 Y-22.869 F9000 ; travel
G1 E+0.800 F3600 ; unretract
;infill
G1 X48.000 Y2.263 Einf F3600
G1 E-0.800 F9000 ; retract
G0 X20.606 Y-20.606 F9000 ; travel
G1 E+0.800 F3600 ; unretract
;infill
G1 X48.000 Y6.788 Einf F3600
G1 E-0.800 F9000 ; retract
G0 X18.343 Y-18.343 F9000 ; travel
G1 E+0.800 F3600 ; unretract
;infill
G1 X48.000 Y11.314 Einf F3600
G1 E-0.800 F9000 ; retract
G0 X16.080 Y-16.080 F9000 ; travel
G1 E+0.800 F3600 ; unretract
;infill
G1 X48.000 Y15.839 Einf F3600
G1 E-0.800 F9000 ; retract
G0 X13.818 Y-13.818 F9000 ; travel
G1 E+0.800 F3600 ; unretract
;infill
G1 X48.000 Y20.365 Einf F3600
G1 E-0.800 F9000 ; retract
G0 X11.555 Y-11.555 F9000 ; travel
G1 E+0.800 F3600 ; unretract
;infill
G1 X48.000 Y24.890 Einf F3600
G1 E-0.800 F9000 ; retract
G0 X9.292 Y-9.292 F9000 ; travel
G1 E+0.800 F3600 ; unretract
;infill
G1 X48.000 Y29.416 Einf F3600
G1 E-0.800 F9000 ; retract
G0 X7.029 Y-7.029 F9000 ; travel
G1 E+0.800 F3600 ; unretract
;infill
G1 X48.000 Y33.941 Einf F3600
G1 E-0.800 F9000 ; retract
G0 X4.767 Y-4.767 F9000 ; travel
G1 E+0.800 F3600 ; unretract
;infill
G1 X48.000 Y38.467 Einf F3600
G1 E-0.800 F9000 ; retract
G0 X2.504 Y-2.504 F9000 ; travel
G1 E+0.800 F3600 ; unretract
;infill
G1 X48.000 Y42.992 Einf F3600
G1 E-0.800 F9000 ; retract
G0 X0.241 Y-0.241 F9000 ; travel
G1 E+0.800 F3600 ; unretract
;infill
G1 X48.000 Y47.518 Einf F3600
G1 E-0.800 F9000 ; retract
G0 X-2.022 Y2.022 F9000 ; travel
G1 E+0.800 F3600 ; unretract
;infill
G1 X48.000 Y52.043 Einf F3600
G1 E-0.800 F9000 ; retract
G0 X-4.284 Y4.284 F9000 ; travel
G1 E+0.800 F3600 ; unretract
;infill
G1 X48.000 Y56.569 Einf F3600
G1 E-0.800 F9000 ; retract
G0 X-6.547 Y6.547 F9000 ; travel
G1 E+0.800 F3600 ; unretract
;infill
G1 X48.000 Y61.094 Einf F3600
G1 E-0.800 F9000 ; retract
G0 X-8.810 Y8.810 F9000 ; travel
G1 E+0.800 F3600 ; unretract
;infill
G1 X48.000 Y65.620 Einf F3600
G1 E-0.800 F9000 ; retract
G0 X-11.072 Y11.072 F9000 ; travel
G1 E+0.800 F3600 ; unretract
;infill
G1 X48.000 Y70.145 Einf F3600
G1 E-0.800 F9000 ; retract
G0 X-13.335 Y13.335 F9000 ; travel
G1 E+0.800 F3600 ; unretract
;infill
G1 X48.000 Y74.670 Einf F3600
G1 E-0.800 F9000 ; retract
G0 X-15.598 Y15.598 F9000 ; travel
G1 E+0.800 F3600 ; unretract
;infill
G1 X48.000 Y79.196 Einf F3600
G1 E-0.800 F9000 ; retract
G0 X-17.861 Y17.861 F9000 ; travel
G1 E+0.800 F3600 ; unretract
;infill
G1 X48.000 Y83.721 Einf F3600
G1 E-0.800 F9000 ; retract
G0 X-20.123 Y20.123 F9000 ; travel
G1 E+0.800 F3600 ; unretract
;infill
G1 X48.000 Y88.247 Einf F3600
G1 E-0.800 F9000 ; retract
G0 X-22.386 Y22.386 F9000 ; travel
G1 E+0.800 F3600 ; unretract
;infill
G1 X48.000 Y92.772 Einf F3600
;LAYER:66 ;Z:13.20
G1 Z13.20 F9000 ; move to layer
G92 E0 ; reset extruder at layer start
G1 E-0.800 F9000 ; retract
G0 X64.000 Y36.000 F9000 ; travel
G1 E+0.800 F3600 ; unretract
;perimeter
G1 X62.400 Y36.000 Einf F3600
G1 X36.000 Y36.000 Einf F3600
G1 X36.000 Y37.600 Einf F3600
G1 X36.000 Y64.000 Einf F3600
G1 X37.600 Y64.000 Einf F3600
G1 X64.000 Y64.000 Einf F3600
G1 X64.000 Y62.400 Einf F3600
G1 E-0.800 F9000 ; retract
G0 X63.520 Y36.480 F9000 ; travel
G1 E+0.800 F3600 ; unretract
;perimeter
G1 X62.400 Y36.480 Einf F3600
G1 X36.480 Y36.480 Einf F3600
G1 X36.480 Y37.600 Einf F3600
G1 X36.480 Y63.520 Einf F3600
G1 X37.600 Y63.520 Einf F3600
G1 X63.520 Y63.520 Einf F3600
G1 X63.520 Y62.400 Einf F3600
G1 E-0.800 F9000 ; retract
G0 X62.000 Y38.000 F9000 ; travel
G1 E+0.800 F3600 ; unretract
;perimeter
G1 X39.600 Y38.000 Einf F3600
G1 X38.000 Y38.000 Einf F3600
G1 X38.000 Y60.400 Einf F3600
G1 X38.000 Y62.000 Einf F3600
G1 X60.400 Y62.000 Einf F3600
G1 X62.000 Y62.000 Einf F3600
G1 X62.000 Y39.600 Einf F3600
G1 E-0.800 F9000 ; retract
G0 X61.520 Y38.480 F9000 ; travel
G1 E+0.800 F3600 ; unretract
;perimeter
G1 X39.600 Y38.480 Einf F3600
G1 X38.480 Y38.480 Einf F3600
G1 X38.480 Y60.400 Einf F3600
G1 X38.480 Y61.520 Einf F3600
G1 X60.400 Y61.520 Einf F3600
G1 X61.520 Y61.520 Einf F3600
G1 X61.520 Y39.600 Einf F3600
G1 E-0.800 F9000 ; retract
G0 X37.656 Y36.402 F9000 ; travel
G1 E+0.800 F3600 ; unretract
;perimeter
G1 X37.674 Y36.335 Einf F3600
G1 X63.799 Y36.335 Einf F3600
G1 X63.781 Y36.268 Einf F3600
G1 X63.781 Y36.268 Einf F3600
G1 E-0.800 F9000 ; retract
G0 X60.732 Y60.000 F9000 ; travel
G1 E+0.800 F3600 ; unretract
;perimeter
G1 X58771885065192425390080.000 Y18314939781459887656009728.000 Einf F3600
G1 X43.000 Y59.000 Einf F3600
G1 X42.732 Y60.000 Einf F3600
G1 X12469929.000 Y60.000 Einf F3600
G1 E-0.800 F9000 ; retract
G0 X57.268 Y60.000 F9000 ; travel
G1 E+0.800 F3600 ; unretract
;perimeter
G1 X0.000 Y70361966260224807403520.000 Einf F3600
G1 X50.349 Y57.268 Einf F3600
G1 E-0.800 F9000 ; retract
G0 X57.000 Y59.000 F9000 ; travel
G1 E+0.800 F3600 ; unretract
;perimeter
G1 X64.000 Y0.000 Einf F3600
G1 X57.000 Y59.000 Einf F3600
G1 X57.268 Y58.000 Einf F3600
G1 X56.979 Y57.707 Einf F3600
G1 X57.707 Y56.979 Einf F3600
G1 X58.000 Y57.268 Einf F3600
G1 X59.000 Y57.000 Einf F3600
G1 X0.000 Y0.000 Einf F3600
G1 E-0.800 F9000 ; retract
G0 X43.255 Y44637290819159507628451692544.000 F9000 ; travel
G1 E+0.800 F3600 ; unretract
;perimeter
G1 X48.000 Y0.000 Einf F3600
G1 X2.669 Y52844140414011212216687132672.000 Einf F3600
G1 E-0.800 F9000 ; retract
G0 X22.869 Y-22.869 F9000 ; travel
G1 E+0.800 F3600 ; unretract
;infill
G1 X48.000 Y2.263 Einf F3600
G1 E-0.800 F9000 ; retract
G0 X20.606 Y-20.606 F9000 ; travel
G1 E+0.800 F3600 ; unretract
;infill
G1 X48.000 Y6.788 Einf F3600
G1 E-0.800 F9000 ; retract
G0 X18.343 Y-18.343 F9000 ; travel
G1 E+0.800 F3600 ; unretract
;infill
G1 X48.000 Y11.314 Einf F3600
G1 E-0.800 F9000 ; retract
G0 X16.080 Y-16.080 F9000 ; travel
G1 E+0.800 F3600 ; unretract
;infill
G1 X48.000 Y15.839 Einf F3600
G1 E-0.800 F9000 ; retract
G0 X13.818 Y-13.818 F9000 ; travel
G1 E+0.800 F3600 ; unretract
;infill
G1 X48.000 Y20.365 Einf F3600
G1 E-0.800 F9000 ; retract
G0 X11.555 Y-11.555 F9000 ; travel
G1 E+0.800 F3600 ; unretract
;infill
G1 X48.000 Y24.890 Einf F3600
G1 E-0.800 F9000 ; retract
G0 X9.292 Y-9.292 F9000 ; travel
G1 E+0.800 F3600 ; unretract
;infill
G1 X48.000 Y29.416 Einf F3600
G1 E-0.800 F9000 ; retract
G0 X7.029 Y-7.029 F9000 ; travel
G1 E+0.800 F3600 ; unretract
;infill
G1 X48.000 Y33.941 Einf F3600
G1 E-0.800 F9000 ; retract
G0 X4.767 Y-4.767 F9000 ; travel
G1 E+0.800 F3600 ; unretract
;infill
G1 X48.000 Y38.467 Einf F3600
G1 E-0.800 F9000 ; retract
G0 X2.504 Y-2.504 F9000 ; travel
G1 E+0.800 F3600 ; unretract
;infill
G1 X48.000 Y42.992 Einf F3600
G1 E-0.800 F9000 ; retract
G0 X0.241 Y-0.241 F9000 ; travel
G1 E+0.800 F3600 ; unretract
;infill
G1 X48.000 Y47.518 Einf F3600
G1 E-0.800 F9000 ; retract
G0 X-2.022 Y2.022 F9000 ; travel
G1 E+0.800 F3600 ; unretract
;infill
G1 X48.000 Y52.043 Einf F3600
G1 E-0.800 F9000 ; retract
G0 X-4.284 Y4.284 F9000 ; travel
G1 E+0.800 F3600 ; unretract
;infill
G1 X48.000 Y56.569 Einf F3600
G1 E-0.800 F9000 ; retract
G0 X-6.547 Y6.547 F9000 ; travel
G1 E+0.800 F3600 ; unretract
;infill
G1 X48.000 Y61.094 Einf F3600
G1 E-0.800 F9000 ; retract
G0 X-8.810 Y8.810 F9000 ; travel
G1 E+0.800 F3600 ; unretract
;infill
G1 X48.000 Y65.620 Einf F3600
G1 E-0.800 F9000 ; retract
G0 X-11.072 Y11.072 F9000 ; travel
G1 E+0.800 F3600 ; unretract
;infill
G1 X48.000 Y70.145 Einf F3600
G1 E-0.800 F9000 ; retract
G0 X-13.335 Y13.335 F9000 ; travel
G1 E+0.800 F3600 ; unretract
;infill
G1 X48.000 Y74.670 Einf F3600
G1 E-0.800 F9000 ; retract
G0 X-15.598 Y15.598 F9000 ; travel
G1 E+0.800 F3600 ; unretract
;infill
G1 X48.000 Y79.196 Einf F3600
G1 E-0.800 F9000 ; retract
G0 X-17.861 Y17.861 F9000 ; travel
G1 E+0.800 F3600 ; unretract
;infill
G1 X48.000 Y83.721 Einf F3600
G1 E-0.800 F9000 ; retract
G0 X-20.123 Y20.123 F9000 ; travel
G1 E+0.800 F3600 ; unretract
;infill
G1 X48.000 Y88.247 Einf F3600
G1 E-0.800 F9000 ; retract
G0 X-22.386 Y22.386 F9000 ; travel
G1 E+0.800 F3600 ; unretract
;infill
G1 X48.000 Y92.772 Einf F3600
;LAYER:67 ;Z:13.40
G1 Z13.40 F9000 ; move to layer
G92 E0 ; reset extruder at layer start
G1 E-0.800 F9000 ; retract
G0 X64.000 Y36.000 F9000 ; travel
G1 E+0.800 F3600 ; unretract
;perimeter
G1 X62.800 Y36.000 Einf F3600
G1 X36.000 Y36.000 Einf F3600
G1 X36.000 Y37.200 Einf F3600
G1 X36.000 Y64.000 Einf F3600
G1 X37.200 Y64.000 Einf F3600
G1 X64.000 Y64.000 Einf F3600
G1 X64.000 Y62.800 Einf F3600
G1 E-0.800 F9000 ; retract
G0 X63.520 Y36.480 F9000 ; travel
G1 E+0.800 F3600 ; unretract
;perimeter
G1 X62.800 Y36.480 Einf F3600
G1 X36.480 Y36.480 Einf F3600
G1 X36.480 Y37.200 Einf F3600
G1 X36.480 Y63.520 Einf F3600
G1 X37.200 Y63.520 Einf F3600
G1 X63.520 Y63.520 Einf F3600
G1 X63.520 Y62.800 Einf F3600
G1 E-0.800 F9000 ; retract
G0 X62.000 Y38.000 F9000 ; travel
G1 E+0.800 F3600 ; unretract
;perimeter
G1 X39.200 Y38.000 Einf F3600
G1 X38.000 Y38.000 Einf F3600
G1 X38.000 Y60.800 Einf F3600
G1 X38.000 Y62.000 Einf F3600
G1 X60.800 Y62.000 Einf F3600
G1 X62.000 Y62.000 Einf F3600
G1 X62.000 Y39.200 Einf F3600
G1 E-0.800 F9000 ; retract
G0 X61.520 Y38.480 F9000 ; travel
G1 E+0.800 F3600 ; unretract
;perimeter
G1 X39.200 Y38.480 Einf F3600
G1 X38.480 Y38.480 Einf F3600
G1 X38.480 Y60.800 Einf F3600
G1 X38.480 Y61.520 Einf F3600
G1 X60.800 Y61.520 Einf F3600
G1 X61.520 Y61.520 Einf F3600
G1 X61.520 Y39.200 Einf F3600
G1 E-0.800 F9000 ; retract
G0 X37.242 Y36.301 F9000 ; travel
G1 E+0.800 F3600 ; unretract
;perimeter
G1 X37.255 Y36.251 Einf F3600
G1 X63.849 Y36.251 Einf F3600
G1 X63.836 Y36.201 Einf F3600
G1 X63.490 Y36.625 Einf F3600
G1 X63.375 Y36.510 Einf F3600
G1 X39.747 Y36.510 Einf F3600
G1 X39.591 Y36.468 Einf F3600
G1 X37.155 Y36.151 Einf F3600
G1 X37.155 Y36.151 Einf F3600
G1 E-0.800 F9000 ; retract
G0 X37.078 Y35.058 F9000 ; travel
G1 E+0.800 F3600 ; unretract
;perimeter
G1 X36.887 Y35.771 Einf F3600
G1 X63.224 Y35.771 Einf F3600
G1 X63.615 Y37.230 Einf F3600
G1 X63.526 Y37.339 Einf F3600
G1 X63.177 Y36.990 Einf F3600
G1 X39.684 Y36.990 Einf F3600
G1 X39.498 Y36.940 Einf F3600
G1 X37.124 Y36.631 Einf F3600
G1 X37.986 Y36.631 Einf F3600
G1 E-0.800 F9000 ; retract
G0 X60.732 Y60.000 F9000 ; travel
G1 E+0.800 F3600 ; unretract
;perimeter
G1 X58771885065192425390080.000 Y18314939781459887656009728.000 Einf F3600
G1 X43.000 Y59.000 Einf F3600
G1 X42.732 Y60.000 Einf F3600
G1 X12693605.000 Y60.000 Einf F3600
G1 E-0.800 F9000 ; retract
G0 X57.268 Y60.000 F9000 ; travel
G1 E+0.800 F3600 ; unretract
;perimeter
G1 X0.000 Y70361966260224807403520.000 Einf F3600
G1 X50.535 Y57.268 Einf F3600
G1 E-0.800 F9000 ; retract
G0 X57.000 Y59.000 F9000 ; travel
G1 E+0.800 F3600 ; unretract
;perimeter
G1 X64.000 Y0.000 Einf F3600
G1 X57.000 Y59.000 Einf F3600
G1 X57.268 Y58.000 Einf F3600
G1 X56.974 Y57.702 Einf F3600
G1 X57.702 Y56.974 Einf F3600
G1 X58.000 Y57.268 Einf F3600
G1 X59.000 Y57.000 Einf F3600
G1 X0.000 Y0.000 Einf F3600
G1 E-0.800 F9000 ; retract
G0 X43.295 Y45437958611597090235143421952.000 F9000 ; travel
G1 E+0.800 F3600 ; unretract
;perimeter
G1 X48.000 Y0.000 Einf F3600
G1 X2.710 Y53644817651181760562669289472.000 Einf F3600
G1 E-0.800 F9000 ; retract
G0 X22.869 Y-22.869 F9000 ; travel
G1 E+0.800 F3600 ; unretract
;infill
G1 X48.000 Y2.263 Einf F3600
G1 E-0.800 F9000 ; retract
G0 X20.606 Y-20.606 F9000 ; travel
G1 E+0.800 F3600 ; unretract
;infill
G1 X48.000 Y6.788 Einf F3600
G1 E-0.800 F9000 ; retract
G0 X18.343 Y-18.343 F9000 ; travel
G1 E+0.800 F3600 ; unretract
;infill
G1 X48.000 Y11.314 Einf F3600
G1 E-0.800 F9000 ; retract
G0 X16.080 Y-16.080 F9000 ; travel
G1 E+0.800 F3600 ; unretract
;infill
G1 X48.000 Y15.839 Einf F3600
G1 E-0.800 F9000 ; retract
G0 X13.818 Y-13.818 F9000 ; travel
G1 E+0.800 F3600 ; unretract
;infill
G1 X48.000 Y20.365 Einf F3600
G1 E-0.800 F9000 ; retract
G0 X11.555 Y-11.555 F9000 ; travel
G1 E+0.800 F3600 ; unretract
;infill
G1 X48.000 Y24.890 Einf F3600
G1 E-0.800 F9000 ; retract
G0 X9.292 Y-9.292 F9000 ; travel
G1 E+0.800 F3600 ; unretract
;infill
G1 X48.000 Y29.416 Einf F3600
G1 E-0.800 F9000 ; retract
G0 X7.029 Y-7.029 F9000 ; travel
G1 E+0.800 F3600 ; unretract
;infill
G1 X48.000 Y33.941 Einf F3600
G1 E-0.800 F9000 ; retract
G0 X4.767 Y-4.767 F9000 ; travel
G1 E+0.800 F3600 ; unretract
;infill
G1 X48.000 Y38.467 Einf F3600
G1 E-0.800 F9000 ; retract
G0 X2.504 Y-2.504 F9000 ; travel
G1 E+0.800 F3600 ; unretract
;infill
G1 X48.000 Y42.992 Einf F3600
G1 E-0.800 F9000 ; retract
G0 X0.241 Y-0.241 F9000 ; travel
G1 E+0.800 F3600 ; unretract
;infill
G1 X48.000 Y47.518 Einf F3600
G1 E-0.800 F9000 ; retract
G0 X-2.022 Y2.022 F9000 ; travel
G1 E+0.800 F3600 ; unretract
;infill
G1 X48.000 Y52.043 Einf F3600
G1 E-0.800 F9000 ; retract
G0 X-4.284 Y4.284 F9000 ; travel
G1 E+0.800 F3600 ; unretract
;infill
G1 X48.000 Y56.569 Einf F3600
G1 E-0.800 F9000 ; retract
G0 X-6.547 Y6.547 F9000 ; travel
G1 E+0.800 F3600 ; unretract
;infill
G1 X48.000 Y61.094 Einf F3600
G1 E-0.800 F9000 ; retract
G0 X-8.810 Y8.810 F9000 ; travel
G1 E+0.800 F3600 ; unretract
;infill
G1 X48.000 Y65.620 Einf F3600
G1 E-0.800 F9000 ; retract
G0 X-11.072 Y11.072 F9000 ; travel
G1 E+0.800 F3600 ; unretract
;infill
G1 X48.000 Y70.145 Einf F3600
G1 E-0.800 F9000 ; retract
G0 X-13.335 Y13.335 F9000 ; travel
G1 E+0.800 F3600 ; unretract
;infill
G1 X48.000 Y74.670 Einf F3600
G1 E-0.800 F9000 ; retract
G0 X-15.598 Y15.598 F9000 ; travel
G1 E+0.800 F3600 ; unretract
;infill
G1 X48.000 Y79.196 Einf F3600
G1 E-0.800 F9000 ; retract
G0 X-17.861 Y17.861 F9000 ; travel
G1 E+0.800 F3600 ; unretract
;infill
G1 X48.000 Y83.721 Einf F3600
G1 E-0.800 F9000 ; retract
G0 X-20.123 Y20.123 F9000 ; travel
G1 E+0.800 F3600 ; unretract
;infill
G1 X48.000 Y88.247 Einf F3600
G1 E-0.800 F9000 ; retract
G0 X-22.386 Y22.386 F9000 ; travel
G1 E+0.800 F3600 ; unretract
;infill
G1 X48.000 Y92.772 Einf F3600
;LAYER:68 ;Z:13.60
G1 Z13.60 F9000 ; move to layer
G92 E0 ; reset extruder at layer start
G1 E-0.800 F9000 ; retract
G0 X64.000 Y36.000 F9000 ; travel
G1 E+0.800 F3600 ; unretract
;perimeter
G1 X63.200 Y36.000 Einf F3600
G1 X36.000 Y36.000 Einf F3600
G1 X36.000 Y36.800 Einf F3600
G1 X36.000 Y64.000 Einf F3600
G1 X36.800 Y64.000 Einf F3600
G1 X64.000 Y64.000 Einf F3600
G1 X64.000 Y63.200 Einf F3600
G1 E-0.800 F9000 ; retract
G0 X63.520 Y36.480 F9000 ; travel
G1 E+0.800 F3600 ; unretract
;perimeter
G1 X63.200 Y36.480 Einf F3600
G1 X36.480 Y36.480 Einf F3600
G1 X36.480 Y36.800 Einf F3600
G1 X36.480 Y63.520 Einf F3600
G1 X36.800 Y63.520 Einf F3600
G1 X63.520 Y63.520 Einf F3600
G1 X63.520 Y63.200 Einf F3600
G1 E-0.800 F9000 ; retract
G0 X62.000 Y38.000 F9000 ; travel
G1 E+0.800 F3600 ; unretract
;perimeter
G1 X38.800 Y38.000 Einf F3600
G1 X38.000 Y38.000 Einf F3600
G1 X38.000 Y61.200 Einf F3600
G1 X38.000 Y62.000 Einf F3600
G1 X61.200 Y62.000 Einf F3600
G1 X62.000 Y62.000 Einf F3600
G1 X62.000 Y38.800 Einf F3600
G1 E-0.800 F9000 ; retract
G0 X61.520 Y38.480 F9000 ; travel
G1 E+0.800 F3600 ; unretract
;perimeter
G1 X38.800 Y38.480 Einf F3600
G1 X38.480 Y38.480 Einf F3600
G1 X38.480 Y61.200 Einf F3600
G1 X38.480 Y61.520 Einf F3600
G1 X61.200 Y61.520 Einf F3600
G1 X61.520 Y61.520 Einf F3600
G1 X61.520 Y38.800 Einf F3600
G1 E-0.800 F9000 ; retract
G0 X60.732 Y60.000 F9000 ; travel
G1 E+0.800 F3600 ; unretract
;perimeter
G1 X58771885065192425390080.000 Y18314939781459887656009728.000 Einf F3600
G1 X43.000 Y59.000 Einf F3600
G1 X42.732 Y60.000 Einf F3600
G1 X12917280.000 Y60.000 Einf F3600
G1 E-0.800 F9000 ; retract
G0 X57.268 Y60.000 F9000 ; travel
G1 E+0.800 F3600 ; unretract
;perimeter
G1 X0.000 Y70361966260224807403520.000 Einf F3600
G1 X50.720 Y57.268 Einf F3600
G1 E-0.800 F9000 ; retract
G0 X57.000 Y59.000 F9000 ; travel
G1 E+0.800 F3600 ; unretract
;perimeter
G1 X64.000 Y0.000 Einf F3600
G1 X57.000 Y59.000 Einf F3600
G1 X57.268 Y58.000 Einf F3600
G1 X56.969 Y57.697 Einf F3600
G1 X57.697 Y56.969 Einf F3600
G1 X58.000 Y57.268 Einf F3600
G1 X59.000 Y57.000 Einf F3600
G1 X0.000 Y0.000 Einf F3600
G1 E-0.800 F9000 ; retract
G0 X43.336 Y46238631126401155711480365056.000 F9000 ; travel
G1 E+0.800 F3600 ; unretract
;perimeter
G1 X48.000 Y0.000 Einf F3600
G1 X2.750 Y54445480721252860299715805184.000 Einf F3600
G1 E-0.800 F9000 ; retract
G0 X22.869 Y-22.869 F9000 ; travel
G1 E+0.800 F3600 ; unretract
;infill
G1 X48.000 Y2.263 Einf F3600
G1 E-0.800 F9000 ; retract
G0 X20.606 Y-20.606 F9000 ; travel
G1 E+0.800 F3600 ; unretract
;infill
G1 X48.000 Y6.788 Einf F3600
G1 E-0.800 F9000 ; retract
G0 X18.343 Y-18.343 F9000 ; travel
G1 E+0.800 F3600 ; unretract
;infill
G1 X48.000 Y11.314 Einf F3600
G1 E-0.800 F9000 ; retract
G0 X16.080 Y-16.080 F9000 ; travel
G1 E+0.800 F3600 ; unretract
;infill
G1 X48.000 Y15.839 Einf F3600
G1 E-0.800 F9000 ; retract
G0 X13.818 Y-13.818 F9000 ; travel
G1 E+0.800 F3600 ; unretract
;infill
G1 X48.000 Y20.365 Einf F3600
G1 E-0.800 F9000 ; retract
G0 X11.555 Y-11.555 F9000 ; travel
G1 E+0.800 F3600 ; unretract
;infill
G1 X48.000 Y24.890 Einf F3600
G1 E-0.800 F9000 ; retract
G0 X9.292 Y-9.292 F9000 ; travel
G1 E+0.800 F3600 ; unretract
;infill
G1 X48.000 Y29.416 Einf F3600
G1 E-0.800 F9000 ; retract
G0 X7.029 Y-7.029 F9000 ; travel
G1 E+0.800 F3600 ; unretract
;infill
G1 X48.000 Y33.941 Einf F3600
G1 E-0.800 F9000 ; retract
G0 X4.767 Y-4.767 F9000 ; travel
G1 E+0.800 F3600 ; unretract
;infill
G1 X48.000 Y38.467 Einf F3600
G1 E-0.800 F9000 ; retract
G0 X2.504 Y-2.504 F9000 ; travel
G1 E+0.800 F3600 ; unretract
;infill
G1 X48.000 Y42.992 Einf F3600
G1 E-0.800 F9000 ; retract
G0 X0.241 Y-0.241 F9000 ; travel
G1 E+0.800 F3600 ; unretract
;infill
G1 X48.000 Y47.518 Einf F3600
G1 E-0.800 F9000 ; retract
G0 X-2.022 Y2.022 F9000 ; travel
G1 E+0.800 F3600 ; unretract
;infill
G1 X48.000 Y52.043 Einf F3600
G1 E-0.800 F9000 ; retract
G0 X-4.284 Y4.284 F9000 ; travel
G1 E+0.800 F3600 ; unretract
;infill
G1 X48.000 Y56.569 Einf F3600
G1 E-0.800 F9000 ; retract
G0 X-6.547 Y6.547 F9000 ; travel
G1 E+0.800 F3600 ; unretract
;infill
G1 X48.000 Y61.094 Einf F3600
G1 E-0.800 F9000 ; retract
G0 X-8.810 Y8.810 F9000 ; travel
G1 E+0.800 F3600 ; unretract
;infill
G1 X48.000 Y65.620 Einf F3600
G1 E-0.800 F9000 ; retract
G0 X-11.072 Y11.072 F9000 ; travel
G1 E+0.800 F3600 ; unretract
;infill
G1 X48.000 Y70.145 Einf F3600
G1 E-0.800 F9000 ; retract
G0 X-13.335 Y13.335 F9000 ; travel
G1 E+0.800 F3600 ; unretract
;infill
G1 X48.000 Y74.670 Einf F3600
G1 E-0.800 F9000 ; retract
G0 X-15.598 Y15.598 F9000 ; travel
G1 E+0.800 F3600 ; unretract
;infill
G1 X48.000 Y79.196 Einf F3600
G1 E-0.800 F9000 ; retract
G0 X-17.861 Y17.861 F9000 ; travel
G1 E+0.800 F3600 ; unretract
;infill
G1 X48.000 Y83.721 Einf F3600
G1 E-0.800 F9000 ; retract
G0 X-20.123 Y20.123 F9000 ; travel
G1 E+0.800 F3600 ; unretract
;infill
G1 X48.000 Y88.247 Einf F3600
G1 E-0.800 F9000 ; retract
G0 X-22.386 Y22.386 F9000 ; travel
G1 E+0.800 F3600 ; unretract
;infill
G1 X48.000 Y92.772 Einf F3600
;LAYER:69 ;Z:13.80
G1 Z13.80 F9000 ; move to layer
G92 E0 ; reset extruder at layer start
G1 E-0.800 F9000 ; retract
G0 X64.000 Y36.000 F9000 ; travel
G1 E+0.800 F3600 ; unretract
;perimeter
G1 X63.600 Y36.000 Einf F3600
G1 X36.000 Y36.000 Einf F3600
G1 X36.000 Y36.400 Einf F3600
G1 X36.000 Y64.000 Einf F3600
G1 X36.400 Y64.000 Einf F3600
G1 X64.000 Y64.000 Einf F3600
G1 X64.000 Y63.600 Einf F3600
G1 E-0.800 F9000 ; retract
G0 X63.520 Y36.480 F9000 ; travel
G1 E+0.800 F3600 ; unretract
;perimeter
G1 X63.600 Y36.480 Einf F3600
G1 X36.480 Y36.480 Einf F3600
G1 X36.480 Y36.400 Einf F3600
G1 X36.480 Y63.520 Einf F3600
G1 X36.400 Y63.520 Einf F3600
G1 X63.520 Y63.520 Einf F3600
G1 X63.520 Y63.600 Einf F3600
G1 E-0.800 F9000 ; retract
G0 X62.000 Y38.000 F9000 ; travel
G1 E+0.800 F3600 ; unretract
;perimeter
G1 X38.400 Y38.000 Einf F3600
G1 X38.000 Y38.000 Einf F3600
G1 X38.000 Y61.600 Einf F3600
G1 X38.000 Y62.000 Einf F3600
G1 X61.600 Y62.000 Einf F3600
G1 X62.000 Y62.000 Einf F3600
G1 X62.000 Y38.400 Einf F3600
G1 E-0.800 F9000 ; retract
G0 X61.520 Y38.480 F9000 ; travel
G1 E+0.800 F3600 ; unretract
;perimeter
G1 X38.400 Y38.480 Einf F3600
G1 X38.480 Y38.480 Einf F3600
G1 X38.480 Y61.600 Einf F3600
G1 X38.480 Y61.520 Einf F3600
G1 X61.600 Y61.520 Einf F3600
G1 X61.520 Y61.520 Einf F3600
G1 X61.520 Y38.400 Einf F3600
G1 E-0.800 F9000 ; retract
G0 X36.414 Y36.100 F9000 ; travel
G1 E+0.800 F3600 ; unretract
;perimeter
G1 X36.418 Y36.084 Einf F3600
G1 X63.950 Y36.084 Einf F3600
G1 X63.945 Y36.067 Einf F3600
G1 X63.587 Y36.506 Einf F3600
G1 X63.494 Y36.413 Einf F3600
G1 X39.033 Y36.413 Einf F3600
G1 X38.907 Y36.379 Einf F3600
G1 X36.385 Y36.050 Einf F3600
G1 X36.368 Y36.055 Einf F3600
G1 X63.242 Y60.874 Einf F3600
G1 X63.149 Y60.967 Einf F3600
G1 X38.688 Y60.967 Einf F3600
G1 X38.654 Y61.093 Einf F3600
G1 X38.654 Y36.632 Einf F3600
G1 X38.688 Y36.758 Einf F3600
G1 X63.149 Y36.758 Einf F3600
G1 X63.242 Y36.851 Einf F3600
G1 X36.368 Y63.644 Einf F3600
G1 X36.385 Y63.649 Einf F3600
G1 X63.916 Y63.649 Einf F3600
G1 X63.933 Y63.644 Einf F3600
G1 X63.933 Y36.113 Einf F3600
G1 X63.945 Y36.100 Einf F3600
G1 E-0.800 F9000 ; retract
G0 X60.732 Y60.000 F9000 ; travel
G1 E+0.800 F3600 ; unretract
;perimeter
G1 X58771885065192425390080.000 Y18314939781459887656009728.000 Einf F3600
G1 X43.000 Y59.000 Einf F3600
G1 X42.732 Y60.000 Einf F3600
G1 X13140955.000 Y60.000 Einf F3600
G1 E-0.800 F9000 ; retract
G0 X57.268 Y60.000 F9000 ; travel
G1 E+0.800 F3600 ; unretract
;perimeter
G1 X0.000 Y70361966260224807403520.000 Einf F3600
G1 X50.906 Y57.268 Einf F3600
G1 E-0.800 F9000 ; retract
G0 X57.000 Y59.000 F9000 ; travel
G1 E+0.800 F3600 ; unretract
;perimeter
G1 X64.000 Y0.000 Einf F3600
G1 X57.000 Y59.000 Einf F3600
G1 X57.268 Y58.000 Einf F3600
G1 X56.963 Y57.692 Einf F3600
G1 X57.692 Y56.963 Einf F3600
G1 X58.000 Y57.268 Einf F3600
G1 X59.000 Y57.000 Einf F3600
G1 X0.000 Y0.000 Einf F3600
G1 E-0.800 F9000 ; retract
G0 X43.376 Y47039294196472255448526880768.000 F9000 ; travel
G1 E+0.800 F3600 ; unretract
;perimeter
G1 X48.000 Y0.000 Einf F3600
G1 X2.791 Y55246153236056925776052748288.000 Einf F3600
G1 E-0.800 F9000 ; retract
G0 X22.869 Y-22.869 F9000 ; travel
G1 E+0.800 F3600 ; unretract
;infill
G1 X48.000 Y2.263 Einf F3600
G1 E-0.800 F9000 ; retract
G0 X20.606 Y-20.606 F9000 ; travel
G1 E+0.800 F3600 ; unretract
;infill
G1 X48.000 Y6.788 Einf F3600
G1 E-0.800 F9000 ; retract
G0 X18.343 Y-18.343 F9000 ; travel
G1 E+0.800 F3600 ; unretract
;infill
G1 X48.000 Y11.314 Einf F3600
G1 E-0.800 F9000 ; retract
G0 X16.080 Y-16.080 F9000 ; travel
G1 E+0.800 F3600 ; unretract
;infill
G1 X48.000 Y15.839 Einf F3600
G1 E-0.800 F9000 ; retract
G0 X13.818 Y-13.818 F9000 ; travel
G1 E+0.800 F3600 ; unretract
;infill
G1 X48.000 Y20.365 Einf F3600
G1 E-0.800 F9000 ; retract
G0 X11.555 Y-11.555 F9000 ; travel
G1 E+0.800 F3600 ; unretract
;infill
G1 X48.000 Y24.890 Einf F3600
G1 E-0.800 F9000 ; retract
G0 X9.292 Y-9.292 F9000 ; travel
G1 E+0.800 F3600 ; unretract
;infill
G1 X48.000 Y29.416 Einf F3600
G1 E-0.800 F9000 ; retract
G0 X7.029 Y-7.029 F9000 ; travel
G1 E+0.800 F3600 ; unretract
;infill
G1 X48.000 Y33.941 Einf F3600
G1 E-0.800 F9000 ; retract
G0 X4.767 Y-4.767 F9000 ; travel
G1 E+0.800 F3600 ; unretract
;infill
G1 X48.000 Y38.467 Einf F3600
G1 E-0.800 F9000 ; retract
G0 X2.504 Y-2.504 F9000 ; travel
G1 E+0.800 F3600 ; unretract
;infill
G1 X48.000 Y42.992 Einf F3600
G1 E-0.800 F9000 ; retract
G0 X0.241 Y-0.241 F9000 ; travel
G1 E+0.800 F3600 ; unretract
;infill
G1 X48.000 Y47.518 Einf F3600
G1 E-0.800 F9000 ; retract
G0 X-2.022 Y2.022 F9000 ; travel
G1 E+0.800 F3600 ; unretract
;infill
G1 X48.000 Y52.043 Einf F3600
G1 E-0.800 F9000 ; retract
G0 X-4.284 Y4.284 F9000 ; travel
G1 E+0.800 F3600 ; unretract
;infill
G1 X48.000 Y56.569 Einf F3600
G1 E-0.800 F9000 ; retract
G0 X-6.547 Y6.547 F9000 ; travel
G1 E+0.800 F3600 ; unretract
;infill
G1 X48.000 Y61.094 Einf F3600
G1 E-0.800 F9000 ; retract
G0 X-8.810 Y8.810 F9000 ; travel
G1 E+0.800 F3600 ; unretract
;infill
G1 X48.000 Y65.620 Einf F3600
G1 E-0.800 F9000 ; retract
G0 X-11.072 Y11.072 F9000 ; travel
G1 E+0.800 F3600 ; unretract
;infill
G1 X48.000 Y70.145 Einf F3600
G1 E-0.800 F9000 ; retract
G0 X-13.335 Y13.335 F9000 ; travel
G1 E+0.800 F3600 ; unretract
;infill
G1 X48.000 Y74.670 Einf F3600
G1 E-0.800 F9000 ; retract
G0 X-15.598 Y15.598 F9000 ; travel
G1 E+0.800 F3600 ; unretract
;infill
G1 X48.000 Y79.196 Einf F3600
G1 E-0.800 F9000 ; retract
G0 X-17.861 Y17.861 F9000 ; travel
G1 E+0.800 F3600 ; unretract
;infill
G1 X48.000 Y83.721 Einf F3600
G1 E-0.800 F9000 ; retract
G0 X-20.123 Y20.123 F9000 ; travel
G1 E+0.800 F3600 ; unretract
;infill
G1 X48.000 Y88.247 Einf F3600
G1 E-0.800 F9000 ; retract
G0 X-22.386 Y22.386 F9000 ; travel
G1 E+0.800 F3600 ; unretract
;infill
G1 X48.000 Y92.772 Einf F3600
;LAYER:70 ;Z:14.00
G1 Z14.00 F9000 ; move to layer
G92 E0 ; reset extruder at layer start
G1 E-0.800 F9000 ; retract
G0 X64.000 Y36.000 F9000 ; travel
G1 E+0.800 F3600 ; unretract
;perimeter
G1 X36.000 Y36.000 Einf F3600
G1 X36.000 Y36.000 Einf F3600
G1 X38.565 Y36.335 Einf F3600
G1 X38.677 Y36.364 Einf F3600
G1 X63.554 Y36.364 Einf F3600
G1 X63.636 Y36.446 Einf F3600
G1 E-0.800 F9000 ; retract
G0 X36.000 Y36.000 F9000 ; travel
G1 E+0.800 F3600 ; unretract
;perimeter
G1 X36.000 Y64.000 Einf F3600
G1 X63.331 Y36.751 Einf F3600
G1 X63.249 Y36.669 Einf F3600
G1 X38.372 Y36.669 Einf F3600
G1 X38.342 Y36.558 Einf F3600
G1 X38.342 Y61.435 Einf F3600
G1 X38.372 Y61.323 Einf F3600
G1 X63.249 Y61.323 Einf F3600
G1 X63.331 Y61.242 Einf F3600
G1 E-0.800 F9000 ; retract
G0 X36.480 Y37.097 F9000 ; travel
G1 E+0.800 F3600 ; unretract
;perimeter
G1 X36.480 Y62.844 Einf F3600
G1 X62.652 Y36.750 Einf F3600
G1 X63.050 Y37.149 Einf F3600
G1 X38.004 Y37.149 Einf F3600
G1 X38.822 Y40.203 Einf F3600
G1 X38.822 Y57.789 Einf F3600
G1 X38.004 Y60.843 Einf F3600
G1 X63.050 Y60.843 Einf F3600
G1 X62.638 Y61.256 Einf F3600
G1 E-0.800 F9000 ; retract
G0 X60.732 Y60.000 F9000 ; travel
G1 E+0.800 F3600 ; unretract
;perimeter
G1 X58771885065192425390080.000 Y18314939781459887656009728.000 Einf F3600
G1 X43.000 Y59.000 Einf F3600
G1 X42.732 Y60.000 Einf F3600
G1 X13364629.000 Y60.000 Einf F3600
G1 E-0.800 F9000 ; retract
G0 X57.268 Y60.000 F9000 ; travel
G1 E+0.800 F3600 ; unretract
;perimeter
G1 X0.000 Y70361966260224807403520.000 Einf F3600
G1 X51.091 Y57.268 Einf F3600
G1 E-0.800 F9000 ; retract
G0 X57.000 Y59.000 F9000 ; travel
G1 E+0.800 F3600 ; unretract
;perimeter
G1 X64.000 Y0.000 Einf F3600
G1 X57.000 Y59.000 Einf F3600
G1 X57.268 Y58.000 Einf F3600
G1 X56.958 Y57.686 Einf F3600
G1 X57.686 Y56.958 Einf F3600
G1 X58.000 Y57.268 Einf F3600
G1 X59.000 Y57.000 Einf F3600
G1 X0.000 Y0.000 Einf F3600
G1 E-0.800 F9000 ; retract
G0 X43.416 Y47839966711276320924863823872.000 F9000 ; travel
G1 E+0.800 F3600 ; unretract
;perimeter
G1 X48.000 Y0.000 Einf F3600
G1 X2.831 Y56046821028494508382744477696.000 Einf F3600
G1 E-0.800 F9000 ; retract
G0 X22.869 Y-22.869 F9000 ; travel
G1 E+0.800 F3600 ; unretract
;infill
G1 X48.000 Y2.263 Einf F3600
G1 E-0.800 F9000 ; retract
G0 X20.606 Y-20.606 F9000 ; travel
G1 E+0.800 F3600 ; unretract
;infill
G1 X48.000 Y6.788 Einf F3600
G1 E-0.800 F9000 ; retract
G0 X18.343 Y-18.343 F9000 ; travel
G1 E+0.800 F3600 ; unretract
;infill
G1 X48.000 Y11.314 Einf F3600
G1 E-0.800 F9000 ; retract
G0 X16.080 Y-16.080 F9000 ; travel
G1 E+0.800 F3600 ; unretract
;infill
G1 X48.000 Y15.839 Einf F3600
G1 E-0.800 F9000 ; retract
G0 X13.818 Y-13.818 F9000 ; travel
G1 E+0.800 F3600 ; unretract
;infill
G1 X48.000 Y20.365 Einf F3600
G1 E-0.800 F9000 ; retract
G0 X11.555 Y-11.555 F9000 ; travel
G1 E+0.800 F3600 ; unretract
;infill
G1 X48.000 Y24.890 Einf F3600
G1 E-0.800 F9000 ; retract
G0 X9.292 Y-9.292 F9000 ; travel
G1 E+0.800 F3600 ; unretract
;infill
G1 X48.000 Y29.416 Einf F3600
G1 E-0.800 F9000 ; retract
G0 X7.029 Y-7.029 F9000 ; travel
G1 E+0.800 F3600 ; unretract
;infill
G1 X48.000 Y33.941 Einf F3600
G1 E-0.800 F9000 ; retract
G0 X4.767 Y-4.767 F9000 ; travel
G1 E+0.800 F3600 ; unretract
;infill
G1 X48.000 Y38.467 Einf F3600
G1 E-0.800 F9000 ; retract
G0 X2.504 Y-2.504 F9000 ; travel
G1 E+0.800 F3600 ; unretract
;infill
G1 X48.000 Y42.992 Einf F3600
G1 E-0.800 F9000 ; retract
G0 X0.241 Y-0.241 F9000 ; travel
G1 E+0.800 F3600 ; unretract
;infill
G1 X48.000 Y47.518 Einf F3600
G1 E-0.800 F9000 ; retract
G0 X-2.022 Y2.022 F9000 ; travel
G1 E+0.800 F3600 ; unretract
;infill
G1 X48.000 Y52.043 Einf F3600
G1 E-0.800 F9000 ; retract
G0 X-4.284 Y4.284 F9000 ; travel
G1 E+0.800 F3600 ; unretract
;infill
G1 X48.000 Y56.569 Einf F3600
G1 E-0.800 F9000 ; retract
G0 X-6.547 Y6.547 F9000 ; travel
G1 E+0.800 F3600 ; unretract
;infill
G1 X48.000 Y61.094 Einf F3600
G1 E-0.800 F9000 ; retract
G0 X-8.810 Y8.810 F9000 ; travel
G1 E+0.800 F3600 ; unretract
;infill
G1 X48.000 Y65.620 Einf F3600
G1 E-0.800 F9000 ; retract
G0 X-11.072 Y11.072 F9000 ; travel
G1 E+0.800 F3600 ; unretract
;infill
G1 X48.000 Y70.145 Einf F3600
G1 E-0.800 F9000 ; retract
G0 X-13.335 Y13.335 F9000 ; travel
G1 E+0.800 F3600 ; unretract
;infill
G1 X48.000 Y74.670 Einf F3600
G1 E-0.800 F9000 ; retract
G0 X-15.598 Y15.598 F9000 ; travel
G1 E+0.800 F3600 ; unretract
;infill
G1 X48.000 Y79.196 Einf F3600
G1 E-0.800 F9000 ; retract
G0 X-17.861 Y17.861 F9000 ; travel
G1 E+0.800 F3600 ; unretract
;infill
G1 X48.000 Y83.721 Einf F3600
G1 E-0.800 F9000 ; retract
G0 X-20.123 Y20.123 F9000 ; travel
G1 E+0.800 F3600 ; unretract
;infill
G1 X48.000 Y88.247 Einf F3600
G1 E-0.800 F9000 ; retract
G0 X-22.386 Y22.386 F9000 ; travel
G1 E+0.800 F3600 ; unretract
;infill
G1 X48.000 Y92.772 Einf F3600
;LAYER:71 ;Z:14.20
G1 Z14.20 F9000 ; move to layer
G92 E0 ; reset extruder at layer start
G1 E-0.800 F9000 ; retract
G0 X38.223 Y36.290 F9000 ; travel
G1 E+0.800 F3600 ; unretract
;perimeter
G1 X36.000 Y36.000 Einf F3600
G1 X36.000 Y39.733 Einf F3600
G1 X36.000 Y64.000 Einf F3600
G1 X60.267 Y64.000 Einf F3600
G1 X64.000 Y64.000 Einf F3600
G1 X64.000 Y39.733 Einf F3600
G1 X64.000 Y36.000 Einf F3600
G1 X39.733 Y36.000 Einf F3600
G1 X36.000 Y36.000 Einf F3600
G1 E-0.800 F9000 ; retract
G0 X36.480 Y36.547 F9000 ; travel
G1 E+0.800 F3600 ; unretract
;perimeter
G1 X36.480 Y39.733 Einf F3600
G1 X36.480 Y63.520 Einf F3600
G1 X60.267 Y63.520 Einf F3600
G1 X63.520 Y63.520 Einf F3600
G1 X63.520 Y39.733 Einf F3600
G1 X63.520 Y36.480 Einf F3600
G1 X39.733 Y36.480 Einf F3600
G1 X43.391 Y36.480 Einf F3600
G1 E-0.800 F9000 ; retract
G0 X60.732 Y60.000 F9000 ; travel
G1 E+0.800 F3600 ; unretract
;perimeter
G1 X58771885065192425390080.000 Y18314939781459887656009728.000 Einf F3600
G1 X43.000 Y59.000 Einf F3600
G1 X42.732 Y60.000 Einf F3600
G1 X13588304.000 Y60.000 Einf F3600
G1 E-0.800 F9000 ; retract
G0 X57.268 Y60.000 F9000 ; travel
G1 E+0.800 F3600 ; unretract
;perimeter
G1 X0.000 Y70361966260224807403520.000 Einf F3600
G1 X51.277 Y57.268 Einf F3600
G1 E-0.800 F9000 ; retract
G0 X57.000 Y59.000 F9000 ; travel
G1 E+0.800 F3600 ; unretract
;perimeter
G1 X64.000 Y0.000 Einf F3600
G1 X57.000 Y59.000 Einf F3600
G1 X57.268 Y58.000 Einf F3600
G1 X56.953 Y57.681 Einf F3600
G1 X57.681 Y56.953 Einf F3600
G1 X58.000 Y57.268 Einf F3600
G1 X59.000 Y57.000 Einf F3600
G1 X0.000 Y0.000 Einf F3600
G1 E-0.800 F9000 ; retract
G0 X43.457 Y48640634503713903531555553280.000 F9000 ; travel
G1 E+0.800 F3600 ; unretract
;perimeter
G1 X48.000 Y0.000 Einf F3600
G1 X2.871 Y56847493543298573859081420800.000 Einf F3600
G1 E-0.800 F9000 ; retract
G0 X22.869 Y-22.869 F9000 ; travel
G1 E+0.800 F3600 ; unretract
;infill
G1 X48.000 Y2.263 Einf F3600
G1 E-0.800 F9000 ; retract
G0 X20.606 Y-20.606 F9000 ; travel
G1 E+0.800 F3600 ; unretract
;infill
G1 X48.000 Y6.788 Einf F3600
G1 E-0.800 F9000 ; retract
G0 X18.343 Y-18.343 F9000 ; travel
G1 E+0.800 F3600 ; unretract
;infill
G1 X48.000 Y11.314 Einf F3600
G1 E-0.800 F9000 ; retract
G0 X16.080 Y-16.080 F9000 ; travel
G1 E+0.800 F3600 ; unretract
;infill
G1 X48.000 Y15.839 Einf F3600
G1 E-0.800 F9000 ; retract
G0 X13.818 Y-13.818 F9000 ; travel
G1 E+0.800 F3600 ; unretract
;infill
G1 X48.000 Y20.365 Einf F3600
G1 E-0.800 F9000 ; retract
G0 X11.555 Y-11.555 F9000 ; travel
G1 E+0.800 F3600 ; unretract
;infill
G1 X48.000 Y24.890 Einf F3600
G1 E-0.800 F9000 ; retract
G0 X9.292 Y-9.292 F9000 ; travel
G1 E+0.800 F3600 ; unretract
;infill
G1 X48.000 Y29.416 Einf F3600
G1 E-0.800 F9000 ; retract
G0 X7.029 Y-7.029 F9000 ; travel
G1 E+0.800 F3600 ; unretract
;infill
G1 X48.000 Y33.941 Einf F3600
G1 E-0.800 F9000 ; retract
G0 X4.767 Y-4.767 F9000 ; travel
G1 E+0.800 F3600 ; unretract
;infill
G1 X48.000 Y38.467 Einf F3600
G1 E-0.800 F9000 ; retract
G0 X2.504 Y-2.504 F9000 ; travel
G1 E+0.800 F3600 ; unretract
;infill
G1 X48.000 Y42.992 Einf F3600
G1 E-0.800 F9000 ; retract
G0 X0.241 Y-0.241 F9000 ; travel
G1 E+0.800 F3600 ; unretract
;infill
G1 X48.000 Y47.518 Einf F3600
G1 E-0.800 F9000 ; retract
G0 X-2.022 Y2.022 F9000 ; travel
G1 E+0.800 F3600 ; unretract
;infill
G1 X48.000 Y52.043 Einf F3600
G1 E-0.800 F9000 ; retract
G0 X-4.284 Y4.284 F9000 ; travel
G1 E+0.800 F3600 ; unretract
;infill
G1 X48.000 Y56.569 Einf F3600
G1 E-0.800 F9000 ; retract
G0 X-6.547 Y6.547 F9000 ; travel
G1 E+0.800 F3600 ; unretract
;infill
G1 X48.000 Y61.094 Einf F3600
G1 E-0.800 F9000 ; retract
G0 X-8.810 Y8.810 F9000 ; travel
G1 E+0.800 F3600 ; unretract
;infill
G1 X48.000 Y65.620 Einf F3600
G1 E-0.800 F9000 ; retract
G0 X-11.072 Y11.072 F9000 ; travel
G1 E+0.800 F3600 ; unretract
;infill
G1 X48.000 Y70.145 Einf F3600
G1 E-0.800 F9000 ; retract
G0 X-13.335 Y13.335 F9000 ; travel
G1 E+0.800 F3600 ; unretract
;infill
G1 X48.000 Y74.670 Einf F3600
G1 E-0.800 F9000 ; retract
G0 X-15.598 Y15.598 F9000 ; travel
G1 E+0.800 F3600 ; unretract
;infill
G1 X48.000 Y79.196 Einf F3600
G1 E-0.800 F9000 ; retract
G0 X-17.861 Y17.861 F9000 ; travel
G1 E+0.800 F3600 ; unretract
;infill
G1 X48.000 Y83.721 Einf F3600
G1 E-0.800 F9000 ; retract
G0 X-20.123 Y20.123 F9000 ; travel
G1 E+0.800 F3600 ; unretract
;infill
G1 X48.000 Y88.247 Einf F3600
G1 E-0.800 F9000 ; retract
G0 X-22.386 Y22.386 F9000 ; travel
G1 E+0.800 F3600 ; unretract
;infill
G1 X48.000 Y92.772 Einf F3600
;LAYER:72 ;Z:14.40
G1 Z14.40 F9000 ; move to layer
G92 E0 ; reset extruder at layer start
G1 E-0.800 F9000 ; retract
G0 X37.881 Y36.245 F9000 ; travel
G1 E+0.800 F3600 ; unretract
;perimeter
G1 X36.000 Y36.000 Einf F3600
G1 X36.000 Y43.467 Einf F3600
G1 X36.000 Y64.000 Einf F3600
G1 X56.533 Y64.000 Einf F3600
G1 X64.000 Y64.000 Einf F3600
G1 X64.000 Y43.467 Einf F3600
G1 X64.000 Y36.000 Einf F3600
G1 X43.467 Y36.000 Einf F3600
G1 X36.000 Y36.000 Einf F3600
G1 E-0.800 F9000 ; retract
G0 X36.480 Y36.547 F9000 ; travel
G1 E+0.800 F3600 ; unretract
;perimeter
G1 X36.480 Y43.467 Einf F3600
G1 X36.480 Y63.520 Einf F3600
G1 X56.533 Y63.520 Einf F3600
G1 X63.520 Y63.520 Einf F3600
G1 X63.520 Y43.467 Einf F3600
G1 X63.520 Y36.480 Einf F3600
G1 X43.467 Y36.480 Einf F3600
G1 X43.391 Y36.480 Einf F3600
G1 E-0.800 F9000 ; retract
G0 X60.732 Y60.000 F9000 ; travel
G1 E+0.800 F3600 ; unretract
;perimeter
G1 X58771885065192425390080.000 Y18314939781459887656009728.000 Einf F3600
G1 X43.000 Y59.000 Einf F3600
G1 X42.732 Y60.000 Einf F3600
G1 X13811980.000 Y60.000 Einf F3600
G1 E-0.800 F9000 ; retract
G0 X57.268 Y60.000 F9000 ; travel
G1 E+0.800 F3600 ; unretract
;perimeter
G1 X0.000 Y70361966260224807403520.000 Einf F3600
G1 X51.463 Y57.268 Einf F3600
G1 E-0.800 F9000 ; retract
G0 X57.000 Y59.000 F9000 ; travel
G1 E+0.800 F3600 ; unretract
;perimeter
G1 X64.000 Y0.000 Einf F3600
G1 X57.000 Y59.000 Einf F3600
G1 X57.268 Y58.000 Einf F3600
G1 X56.948 Y57.676 Einf F3600
G1 X57.676 Y56.948 Einf F3600
G1 X58.000 Y57.268 Einf F3600
G1 X59.000 Y57.000 Einf F3600
G1 X0.000 Y0.000 Einf F3600
G1 E-0.800 F9000 ; retract
G0 X43.497 Y49441307018517969007892496384.000 F9000 ; travel
G1 E+0.800 F3600 ; unretract
;perimeter
G1 X48.000 Y0.000 Einf F3600
G1 X2.912 Y57648161335736156465773150208.000 Einf F3600
G1 E-0.800 F9000 ; retract
G0 X22.869 Y-22.869 F9000 ; travel
G1 E+0.800 F3600 ; unretract
;infill
G1 X48.000 Y2.263 Einf F3600
G1 E-0.800 F9000 ; retract
G0 X20.606 Y-20.606 F9000 ; travel
G1 E+0.800 F3600 ; unretract
;infill
G1 X48.000 Y6.788 Einf F3600
G1 E-0.800 F9000 ; retract
G0 X18.343 Y-18.343 F9000 ; travel
G1 E+0.800 F3600 ; unretract
;infill
G1 X48.000 Y11.314 Einf F3600
G1 E-0.800 F9000 ; retract
G0 X16.080 Y-16.080 F9000 ; travel
G1 E+0.800 F3600 ; unretract
;infill
G1 X48.000 Y15.839 Einf F3600
G1 E-0.800 F9000 ; retract
G0 X13.818 Y-13.818 F9000 ; travel
G1 E+0.800 F3600 ; unretract
;infill
G1 X48.000 Y20.365 Einf F3600
G1 E-0.800 F9000 ; retract
G0 X11.555 Y-11.555 F9000 ; travel
G1 E+0.800 F3600 ; unretract
;infill
G1 X48.000 Y24.890 Einf F3600
G1 E-0.800 F9000 ; retract
G0 X9.292 Y-9.292 F9000 ; travel
G1 E+0.800 F3600 ; unretract
;infill
G1 X48.000 Y29.416 Einf F3600
G1 E-0.800 F9000 ; retract
G0 X7.029 Y-7.029 F9000 ; travel
G1 E+0.800 F3600 ; unretract
;infill
G1 X48.000 Y33.941 Einf F3600
G1 E-0.800 F9000 ; retract
G0 X4.767 Y-4.767 F9000 ; travel
G1 E+0.800 F3600 ; unretract
;infill
G1 X48.000 Y38.467 Einf F3600
G1 E-0.800 F9000 ; retract
G0 X2.504 Y-2.504 F9000 ; travel
G1 E+0.800 F3600 ; unretract
;infill
G1 X48.000 Y42.992 Einf F3600
G1 E-0.800 F9000 ; retract
G0 X0.241 Y-0.241 F9000 ; travel
G1 E+0.800 F3600 ; unretract
;infill
G1 X48.000 Y47.518 Einf F3600
G1 E-0.800 F9000 ; retract
G0 X-2.022 Y2.022 F9000 ; travel
G1 E+0.800 F3600 ; unretract
;infill
G1 X48.000 Y52.043 Einf F3600
G1 E-0.800 F9000 ; retract
G0 X-4.284 Y4.284 F9000 ; travel
G1 E+0.800 F3600 ; unretract
;infill
G1 X48.000 Y56.569 Einf F3600
G1 E-0.800 F9000 ; retract
G0 X-6.547 Y6.547 F9000 ; travel
G1 E+0.800 F3600 ; unretract
;infill
G1 X48.000 Y61.094 Einf F3600
G1 E-0.800 F9000 ; retract
G0 X-8.810 Y8.810 F9000 ; travel
G1 E+0.800 F3600 ; unretract
;infill
G1 X48.000 Y65.620 Einf F3600
G1 E-0.800 F9000 ; retract
G0 X-11.072 Y11.072 F9000 ; travel
G1 E+0.800 F3600 ; unretract
;infill
G1 X48.000 Y70.145 Einf F3600
G1 E-0.800 F9000 ; retract
G0 X-13.335 Y13.335 F9000 ; travel
G1 E+0.800 F3600 ; unretract
;infill
G1 X48.000 Y74.670 Einf F3600
G1 E-0.800 F9000 ; retract
G0 X-15.598 Y15.598 F9000 ; travel
G1 E+0.800 F3600 ; unretract
;infill
G1 X48.000 Y79.196 Einf F3600
G1 E-0.800 F9000 ; retract
G0 X-17.861 Y17.861 F9000 ; travel
G1 E+0.800 F3600 ; unretract
;infill
G1 X48.000 Y83.721 Einf F3600
G1 E-0.800 F9000 ; retract
G0 X-20.123 Y20.123 F9000 ; travel
G1 E+0.800 F3600 ; unretract
;infill
G1 X48.000 Y88.247 Einf F3600
G1 E-0.800 F9000 ; retract
G0 X-22.386 Y22.386 F9000 ; travel
G1 E+0.800 F3600 ; unretract
;infill
G1 X48.000 Y92.772 Einf F3600
;LAYER:73 ;Z:14.60
G1 Z14.60 F9000 ; move to layer
G92 E0 ; reset extruder at layer start
G1 E-0.800 F9000 ; retract
G0 X37.539 Y36.201 F9000 ; travel
G1 E+0.800 F3600 ; unretract
;perimeter
G1 X36.000 Y36.000 Einf F3600
G1 X36.000 Y47.200 Einf F3600
G1 X36.000 Y64.000 Einf F3600
G1 X52.800 Y64.000 Einf F3600
G1 X64.000 Y64.000 Einf F3600
G1 X64.000 Y47.200 Einf F3600
G1 X64.000 Y36.000 Einf F3600
G1 X47.200 Y36.000 Einf F3600
G1 X36.000 Y36.000 Einf F3600
G1 E-0.800 F9000 ; retract
G0 X36.480 Y36.547 F9000 ; travel
G1 E+0.800 F3600 ; unretract
;perimeter
G1 X36.480 Y47.200 Einf F3600
G1 X36.480 Y63.520 Einf F3600
G1 X52.800 Y63.520 Einf F3600
G1 X63.520 Y63.520 Einf F3600
G1 X63.520 Y47.200 Einf F3600
G1 X63.520 Y36.480 Einf F3600
G1 X47.200 Y36.480 Einf F3600
G1 X43.391 Y36.480 Einf F3600
G1 E-0.800 F9000 ; retract
G0 X60.732 Y60.000 F9000 ; travel
G1 E+0.800 F3600 ; unretract
;perimeter
G1 X58771885065192425390080.000 Y18314939781459887656009728.000 Einf F3600
G1 X43.000 Y59.000 Einf F3600
G1 X42.732 Y60.000 Einf F3600
G1 X14035655.000 Y60.000 Einf F3600
G1 E-0.800 F9000 ; retract
G0 X57.268 Y60.000 F9000 ; travel
G1 E+0.800 F3600 ; unretract
;perimeter
G1 X0.000 Y70361966260224807403520.000 Einf F3600
G1 X51.648 Y57.268 Einf F3600
G1 E-0.800 F9000 ; retract
G0 X57.000 Y59.000 F9000 ; travel
G1 E+0.800 F3600 ; unretract
;perimeter
G1 X64.000 Y0.000 Einf F3600
G1 X57.000 Y59.000 Einf F3600
G1 X57.268 Y58.000 Einf F3600
G1 X56.943 Y57.671 Einf F3600
G1 X57.671 Y56.943 Einf F3600
G1 X58.000 Y57.268 Einf F3600
G1 X59.000 Y57.000 Einf F3600
G1 X0.000 Y0.000 Einf F3600
G1 E-0.800 F9000 ; retract
G0 X43.538 Y50241974810955551614584225792.000 F9000 ; travel
G1 E+0.800 F3600 ; unretract
;perimeter
G1 X48.000 Y0.000 Einf F3600
G1 X2.952 Y58448833850540221942110093312.000 Einf F3600
G1 E-0.800 F9000 ; retract
G0 X22.869 Y-22.869 F9000 ; travel
G1 E+0.800 F3600 ; unretract
;infill
G1 X48.000 Y2.263 Einf F3600
G1 E-0.800 F9000 ; retract
G0 X20.606 Y-20.606 F9000 ; travel
G1 E+0.800 F3600 ; unretract
;infill
G1 X48.000 Y6.788 Einf F3600
G1 E-0.800 F9000 ; retract
G0 X18.343 Y-18.343 F9000 ; travel
G1 E+0.800 F3600 ; unretract
;infill
G1 X48.000 Y11.314 Einf F3600
G1 E-0.800 F9000 ; retract
G0 X16.080 Y-16.080 F9000 ; travel
G1 E+0.800 F3600 ; unretract
;infill
G1 X48.000 Y15.839 Einf F3600
G1 E-0.800 F9000 ; retract
G0 X13.818 Y-13.818 F9000 ; travel
G1 E+0.800 F3600 ; unretract
;infill
G1 X48.000 Y20.365 Einf F3600
G1 E-0.800 F9000 ; retract
G0 X11.555 Y-11.555 F9000 ; travel
G1 E+0.800 F3600 ; unretract
;infill
G1 X48.000 Y24.890 Einf F3600
G1 E-0.800 F9000 ; retract
G0 X9.292 Y-9.292 F9000 ; travel
G1 E+0.800 F3600 ; unretract
;infill
G1 X48.000 Y29.416 Einf F3600
G1 E-0.800 F9000 ; retract
G0 X7.029 Y-7.029 F9000 ; travel
G1 E+0.800 F3600 ; unretract
;infill
G1 X48.000 Y33.941 Einf F3600
G1 E-0.800 F9000 ; retract
G0 X4.767 Y-4.767 F9000 ; travel
G1 E+0.800 F3600 ; unretract
;infill
G1 X48.000 Y38.467 Einf F3600
G1 E-0.800 F9000 ; retract
G0 X2.504 Y-2.504 F9000 ; travel
G1 E+0.800 F3600 ; unretract
;infill
G1 X48.000 Y42.992 Einf F3600
G1 E-0.800 F9000 ; retract
G0 X0.241 Y-0.241 F9000 ; travel
G1 E+0.800 F3600 ; unretract
;infill
G1 X48.000 Y47.518 Einf F3600
G1 E-0.800 F9000 ; retract
G0 X-2.022 Y2.022 F9000 ; travel
G1 E+0.800 F3600 ; unretract
;infill
G1 X48.000 Y52.043 Einf F3600
G1 E-0.800 F9000 ; retract
G0 X-4.284 Y4.284 F9000 ; travel
G1 E+0.800 F3600 ; unretract
;infill
G1 X48.000 Y56.569 Einf F3600
G1 E-0.800 F9000 ; retract
G0 X-6.547 Y6.547 F9000 ; travel
G1 E+0.800 F3600 ; unretract
;infill
G1 X48.000 Y61.094 Einf F3600
G1 E-0.800 F9000 ; retract
G0 X-8.810 Y8.810 F9000 ; travel
G1 E+0.800 F3600 ; unretract
;infill
G1 X48.000 Y65.620 Einf F3600
G1 E-0.800 F9000 ; retract
G0 X-11.072 Y11.072 F9000 ; travel
G1 E+0.800 F3600 ; unretract
;infill
G1 X48.000 Y70.145 Einf F3600
G1 E-0.800 F9000 ; retract
G0 X-13.335 Y13.335 F9000 ; travel
G1 E+0.800 F3600 ; unretract
;infill
G1 X48.000 Y74.670 Einf F3600
G1 E-0.800 F9000 ; retract
G0 X-15.598 Y15.598 F9000 ; travel
G1 E+0.800 F3600 ; unretract
;infill
G1 X48.000 Y79.196 Einf F3600
G1 E-0.800 F9000 ; retract
G0 X-17.861 Y17.861 F9000 ; travel
G1 E+0.800 F3600 ; unretract
;infill
G1 X48.000 Y83.721 Einf F3600
G1 E-0.800 F9000 ; retract
G0 X-20.123 Y20.123 F9000 ; travel
G1 E+0.800 F3600 ; unretract
;infill
G1 X48.000 Y88.247 Einf F3600
G1 E-0.800 F9000 ; retract
G0 X-22.386 Y22.386 F9000 ; travel
G1 E+0.800 F3600 ; unretract
;infill
G1 X48.000 Y92.772 Einf F3600
;LAYER:74 ;Z:14.80
G1 Z14.80 F9000 ; move to layer
G92 E0 ; reset extruder at layer start
G1 E-0.800 F9000 ; retract
G0 X37.197 Y36.156 F9000 ; travel
G1 E+0.800 F3600 ; unretract
;perimeter
G1 X36.000 Y36.000 Einf F3600
G1 X36.000 Y50.933 Einf F3600
G1 X36.000 Y64.000 Einf F3600
G1 X49.067 Y64.000 Einf F3600
G1 X64.000 Y64.000 Einf F3600
G1 X64.000 Y50.933 Einf F3600
G1 X64.000 Y36.000 Einf F3600
G1 X50.933 Y36.000 Einf F3600
G1 X36.000 Y36.000 Einf F3600
G1 E-0.800 F9000 ; retract
G0 X36.480 Y36.547 F9000 ; travel
G1 E+0.800 F3600 ; unretract
;perimeter
G1 X36.480 Y50.933 Einf F3600
G1 X36.480 Y63.520 Einf F3600
G1 X49.067 Y63.520 Einf F3600
G1 X63.520 Y63.520 Einf F3600
G1 X63.520 Y50.933 Einf F3600
G1 X63.520 Y36.480 Einf F3600
G1 X50.933 Y36.480 Einf F3600
G1 X43.391 Y36.480 Einf F3600
G1 E-0.800 F9000 ; retract
G0 X60.732 Y60.000 F9000 ; travel
G1 E+0.800 F3600 ; unretract
;perimeter
G1 X58771885065192425390080.000 Y18314939781459887656009728.000 Einf F3600
G1 X43.000 Y59.000 Einf F3600
G1 X42.732 Y60.000 Einf F3600
G1 X14259330.000 Y60.000 Einf F3600
G1 E-0.800 F9000 ; retract
G0 X57.268 Y60.000 F9000 ; travel
G1 E+0.800 F3600 ; unretract
;perimeter
G1 X0.000 Y70361966260224807403520.000 Einf F3600
G1 X51.834 Y57.268 Einf F3600
G1 E-0.800 F9000 ; retract
G0 X57.000 Y59.000 F9000 ; travel
G1 E+0.800 F3600 ; unretract
;perimeter
G1 X64.000 Y0.000 Einf F3600
G1 X57.000 Y59.000 Einf F3600
G1 X57.268 Y58.000 Einf F3600
G1 X56.937 Y57.665 Einf F3600
G1 X57.665 Y56.937 Einf F3600
G1 X58.000 Y57.268 Einf F3600
G1 X59.000 Y57.000 Einf F3600
G1 X0.000 Y0.000 Einf F3600
G1 E-0.800 F9000 ; retract
G0 X43.578 Y51042642603393134221275955200.000 F9000 ; travel
G1 E+0.800 F3600 ; unretract
;perimeter
G1 X48.000 Y0.000 Einf F3600
G1 X2.993 Y59249496920611321679156609024.000 Einf F3600
G1 E-0.800 F9000 ; retract
G0 X22.869 Y-22.869 F9000 ; travel
G1 E+0.800 F3600 ; unretract
;infill
G1 X48.000 Y2.263 Einf F3600
G1 E-0.800 F9000 ; retract
G0 X20.606 Y-20.606 F9000 ; travel
G1 E+0.800 F3600 ; unretract
;infill
G1 X48.000 Y6.788 Einf F3600
G1 E-0.800 F9000 ; retract
G0 X18.343 Y-18.343 F9000 ; travel
G1 E+0.800 F3600 ; unretract
;infill
G1 X48.000 Y11.314 Einf F3600
G1 E-0.800 F9000 ; retract
G0 X16.080 Y-16.080 F9000 ; travel
G1 E+0.800 F3600 ; unretract
;infill
G1 X48.000 Y15.839 Einf F3600
G1 E-0.800 F9000 ; retract
G0 X13.818 Y-13.818 F9000 ; travel
G1 E+0.800 F3600 ; unretract
;infill
G1 X48.000 Y20.365 Einf F3600
G1 E-0.800 F9000 ; retract
G0 X11.555 Y-11.555 F9000 ; travel
G1 E+0.800 F3600 ; unretract
;infill
G1 X48.000 Y24.890 Einf F3600
G1 E-0.800 F9000 ; retract
G0 X9.292 Y-9.292 F9000 ; travel
G1 E+0.800 F3600 ; unretract
;infill
G1 X48.000 Y29.416 Einf F3600
G1 E-0.800 F9000 ; retract
G0 X7.029 Y-7.029 F9000 ; travel
G1 E+0.800 F3600 ; unretract
;infill
G1 X48.000 Y33.941 Einf F3600
G1 E-0.800 F9000 ; retract
G0 X4.767 Y-4.767 F9000 ; travel
G1 E+0.800 F3600 ; unretract
;infill
G1 X48.000 Y38.467 Einf F3600
G1 E-0.800 F9000 ; retract
G0 X2.504 Y-2.504 F9000 ; travel
G1 E+0.800 F3600 ; unretract
;infill
G1 X48.000 Y42.992 Einf F3600
G1 E-0.800 F9000 ; retract
G0 X0.241 Y-0.241 F9000 ; travel
G1 E+0.800 F3600 ; unretract
;infill
G1 X48.000 Y47.518 Einf F3600
G1 E-0.800 F9000 ; retract
G0 X-2.022 Y2.022 F9000 ; travel
G1 E+0.800 F3600 ; unretract
;infill
G1 X48.000 Y52.043 Einf F3600
G1 E-0.800 F9000 ; retract
G0 X-4.284 Y4.284 F9000 ; travel
G1 E+0.800 F3600 ; unretract
;infill
G1 X48.000 Y56.569 Einf F3600
G1 E-0.800 F9000 ; retract
G0 X-6.547 Y6.547 F9000 ; travel
G1 E+0.800 F3600 ; unretract
;infill
G1 X48.000 Y61.094 Einf F3600
G1 E-0.800 F9000 ; retract
G0 X-8.810 Y8.810 F9000 ; travel
G1 E+0.800 F3600 ; unretract
;infill
G1 X48.000 Y65.620 Einf F3600
G1 E-0.800 F9000 ; retract
G0 X-11.072 Y11.072 F9000 ; travel
G1 E+0.800 F3600 ; unretract
;infill
G1 X48.000 Y70.145 Einf F3600
G1 E-0.800 F9000 ; retract
G0 X-13.335 Y13.335 F9000 ; travel
G1 E+0.800 F3600 ; unretract
;infill
G1 X48.000 Y74.670 Einf F3600
G1 E-0.800 F9000 ; retract
G0 X-15.598 Y15.598 F9000 ; travel
G1 E+0.800 F3600 ; unretract
;infill
G1 X48.000 Y79.196 Einf F3600
G1 E-0.800 F9000 ; retract
G0 X-17.861 Y17.861 F9000 ; travel
G1 E+0.800 F3600 ; unretract
;infill
G1 X48.000 Y83.721 Einf F3600
G1 E-0.800 F9000 ; retract
G0 X-20.123 Y20.123 F9000 ; travel
G1 E+0.800 F3600 ; unretract
;infill
G1 X48.000 Y88.247 Einf F3600
G1 E-0.800 F9000 ; retract
G0 X-22.386 Y22.386 F9000 ; travel
G1 E+0.800 F3600 ; unretract
;infill
G1 X48.000 Y92.772 Einf F3600
;LAYER:75 ;Z:15.00
G1 Z15.00 F9000 ; move to layer
G92 E0 ; reset extruder at layer start
G1 E-0.800 F9000 ; retract
G0 X36.855 Y36.112 F9000 ; travel
G1 E+0.800 F3600 ; unretract
;perimeter
G1 X36.000 Y36.000 Einf F3600
G1 X36.000 Y54.667 Einf F3600
G1 X36.000 Y64.000 Einf F3600
G1 X45.333 Y64.000 Einf F3600
G1 X64.000 Y64.000 Einf F3600
G1 X64.000 Y54.667 Einf F3600
G1 X64.000 Y36.000 Einf F3600
G1 X54.667 Y36.000 Einf F3600
G1 X36.000 Y36.000 Einf F3600
G1 E-0.800 F9000 ; retract
G0 X36.480 Y36.547 F9000 ; travel
G1 E+0.800 F3600 ; unretract
;perimeter
G1 X36.480 Y54.667 Einf F3600
G1 X36.480 Y63.520 Einf F3600
G1 X45.333 Y63.520 Einf F3600
G1 X63.520 Y63.520 Einf F3600
G1 X63.520 Y54.667 Einf F3600
G1 X63.520 Y36.480 Einf F3600
G1 X54.667 Y36.480 Einf F3600
G1 X43.391 Y36.480 Einf F3600
G1 E-0.800 F9000 ; retract
G0 X60.732 Y60.000 F9000 ; travel
G1 E+0.800 F3600 ; unretract
;perimeter
G1 X58771885065192425390080.000 Y18314939781459887656009728.000 Einf F3600
G1 X43.000 Y59.000 Einf F3600
G1 X42.732 Y60.000 Einf F3600
G1 X14483005.000 Y60.000 Einf F3600
G1 E-0.800 F9000 ; retract
G0 X57.268 Y60.000 F9000 ; travel
G1 E+0.800 F3600 ; unretract
;perimeter
G1 X0.000 Y70361966260224807403520.000 Einf F3600
G1 X52.020 Y57.268 Einf F3600
G1 E-0.800 F9000 ; retract
G0 X57.000 Y59.000 F9000 ; travel
G1 E+0.800 F3600 ; unretract
;perimeter
G1 X64.000 Y0.000 Einf F3600
G1 X57.000 Y59.000 Einf F3600
G1 X57.268 Y58.000 Einf F3600
G1 X56.932 Y57.660 Einf F3600
G1 X57.660 Y56.932 Einf F3600
G1 X58.000 Y57.268 Einf F3600
G1 X59.000 Y57.000 Einf F3600
G1 X0.000 Y0.000 Einf F3600
G1 E-0.800 F9000 ; retract
G0 X43.619 Y51843305673464233958322470912.000 F9000 ; travel
G1 E+0.800 F3600 ; unretract
;perimeter
G1 X48.000 Y0.000 Einf F3600
G1 X3.033 Y60050164713048904285848338432.000 Einf F3600
G1 E-0.800 F9000 ; retract
G0 X22.869 Y-22.869 F9000 ; travel
G1 E+0.800 F3600 ; unretract
;infill
G1 X48.000 Y2.263 Einf F3600
G1 E-0.800 F9000 ; retract
G0 X20.606 Y-20.606 F9000 ; travel
G1 E+0.800 F3600 ; unretract
;infill
G1 X48.000 Y6.788 Einf F3600
G1 E-0.800 F9000 ; retract
G0 X18.343 Y-18.343 F9000 ; travel
G1 E+0.800 F3600 ; unretract
;infill
G1 X48.000 Y11.314 Einf F3600
G1 E-0.800 F9000 ; retract
G0 X16.080 Y-16.080 F9000 ; travel
G1 E+0.800 F3600 ; unretract
;infill
G1 X48.000 Y15.839 Einf F3600
G1 E-0.800 F9000 ; retract
G0 X13.818 Y-13.818 F9000 ; travel
G1 E+0.800 F3600 ; unretract
;infill
G1 X48.000 Y20.365 Einf F3600
G1 E-0.800 F9000 ; retract
G0 X11.555 Y-11.555 F9000 ; travel
G1 E+0.800 F3600 ; unretract
;infill
G1 X48.000 Y24.890 Einf F3600
G1 E-0.800 F9000 ; retract
G0 X9.292 Y-9.292 F9000 ; travel
G1 E+0.800 F3600 ; unretract
;infill
G1 X48.000 Y29.416 Einf F3600
G1 E-0.800 F9000 ; retract
G0 X7.029 Y-7.029 F9000 ; travel
G1 E+0.800 F3600 ; unretract
;infill
G1 X48.000 Y33.941 Einf F3600
G1 E-0.800 F9000 ; retract
G0 X4.767 Y-4.767 F9000 ; travel
G1 E+0.800 F3600 ; unretract
;infill
G1 X48.000 Y38.467 Einf F3600
G1 E-0.800 F9000 ; retract
G0 X2.504 Y-2.504 F9000 ; travel
G1 E+0.800 F3600 ; unretract
;infill
G1 X48.000 Y42.992 Einf F3600
G1 E-0.800 F9000 ; retract
G0 X0.241 Y-0.241 F9000 ; travel
G1 E+0.800 F3600 ; unretract
;infill
G1 X48.000 Y47.518 Einf F3600
G1 E-0.800 F9000 ; retract
G0 X-2.022 Y2.022 F9000 ; travel
G1 E+0.800 F3600 ; unretract
;infill
G1 X48.000 Y52.043 Einf F3600
G1 E-0.800 F9000 ; retract
G0 X-4.284 Y4.284 F9000 ; travel
G1 E+0.800 F3600 ; unretract
;infill
G1 X48.000 Y56.569 Einf F3600
G1 E-0.800 F9000 ; retract
G0 X-6.547 Y6.547 F9000 ; travel
G1 E+0.800 F3600 ; unretract
;infill
G1 X48.000 Y61.094 Einf F3600
G1 E-0.800 F9000 ; retract
G0 X-8.810 Y8.810 F9000 ; travel
G1 E+0.800 F3600 ; unretract
;infill
G1 X48.000 Y65.620 Einf F3600
G1 E-0.800 F9000 ; retract
G0 X-11.072 Y11.072 F9000 ; travel
G1 E+0.800 F3600 ; unretract
;infill
G1 X48.000 Y70.145 Einf F3600
G1 E-0.800 F9000 ; retract
G0 X-13.335 Y13.335 F9000 ; travel
G1 E+0.800 F3600 ; unretract
;infill
G1 X48.000 Y74.670 Einf F3600
G1 E-0.800 F9000 ; retract
G0 X-15.598 Y15.598 F9000 ; travel
G1 E+0.800 F3600 ; unretract
;infill
G1 X48.000 Y79.196 Einf F3600
G1 E-0.800 F9000 ; retract
G0 X-17.861 Y17.861 F9000 ; travel
G1 E+0.800 F3600 ; unretract
;infill
G1 X48.000 Y83.721 Einf F3600
G1 E-0.800 F9000 ; retract
G0 X-20.123 Y20.123 F9000 ; travel
G1 E+0.800 F3600 ; unretract
;infill
G1 X48.000 Y88.247 Einf F3600
G1 E-0.800 F9000 ; retract
G0 X-22.386 Y22.386 F9000 ; travel
G1 E+0.800 F3600 ; unretract
;infill
G1 X48.000 Y92.772 Einf F3600
;LAYER:76 ;Z:15.20
G1 Z15.20 F9000 ; move to layer
G92 E0 ; reset extruder at layer start
G1 E-0.800 F9000 ; retract
G0 X36.513 Y36.067 F9000 ; travel
G1 E+0.800 F3600 ; unretract
;perimeter
G1 X36.000 Y36.000 Einf F3600
G1 X36.000 Y58.400 Einf F3600
G1 X36.000 Y64.000 Einf F3600
G1 X41.600 Y64.000 Einf F3600
G1 X64.000 Y64.000 Einf F3600
G1 X64.000 Y58.400 Einf F3600
G1 X64.000 Y36.000 Einf F3600
G1 X58.400 Y36.000 Einf F3600
G1 X36.000 Y36.000 Einf F3600
G1 E-0.800 F9000 ; retract
G0 X36.480 Y36.547 F9000 ; travel
G1 E+0.800 F3600 ; unretract
;perimeter
G1 X36.480 Y58.400 Einf F3600
G1 X36.480 Y63.520 Einf F3600
G1 X41.600 Y63.520 Einf F3600
G1 X63.520 Y63.520 Einf F3600
G1 X63.520 Y58.400 Einf F3600
G1 X63.520 Y36.480 Einf F3600
G1 X58.400 Y36.480 Einf F3600
G1 X43.391 Y36.480 Einf F3600
G1 E-0.800 F9000 ; retract
G0 X60.732 Y60.000 F9000 ; travel
G1 E+0.800 F3600 ; unretract
;perimeter
G1 X58771885065192425390080.000 Y18314939781459887656009728.000 Einf F3600
G1 X43.000 Y59.000 Einf F3600
G1 X42.732 Y60.000 Einf F3600
G1 X14706680.000 Y60.000 Einf F3600
G1 E-0.800 F9000 ; retract
G0 X57.268 Y60.000 F9000 ; travel
G1 E+0.800 F3600 ; unretract
;perimeter
G1 X0.000 Y70361966260224807403520.000 Einf F3600
G1 X52.205 Y57.268 Einf F3600
G1 E-0.800 F9000 ; retract
G0 X57.000 Y59.000 F9000 ; travel
G1 E+0.800 F3600 ; unretract
;perimeter
G1 X64.000 Y0.000 Einf F3600
G1 X57.000 Y59.000 Einf F3600
G1 X57.268 Y58.000 Einf F3600
G1 X56.927 Y57.655 Einf F3600
G1 X57.655 Y56.927 Einf F3600
G1 X58.000 Y57.268 Einf F3600
G1 X59.000 Y57.000 Einf F3600
G1 X0.000 Y0.000 Einf F3600
G1 E-0.800 F9000 ; retract
G0 X43.659 Y52643978188268299434659414016.000 F9000 ; travel
G1 E+0.800 F3600 ; unretract
;perimeter
G1 X48.000 Y0.000 Einf F3600
G1 X3.074 Y60850837227852969762185281536.000 Einf F3600
G1 E-0.800 F9000 ; retract
G0 X23.830 Y-23.830 F9000 ; travel
G1 E+0.800 F3600 ; unretract
;infill-solid
G1 X48.000 Y0.339 Einf F3600
G1 E-0.800 F9000 ; retract
G0 X23.491 Y-23.491 F9000 ; travel
G1 E+0.800 F3600 ; unretract
;infill-solid
G1 X48.000 Y1.018 Einf F3600
G1 E-0.800 F9000 ; retract
G0 X23.151 Y-23.151 F9000 ; travel
G1 E+0.800 F3600 ; unretract
;infill-solid
G1 X48.000 Y1.697 Einf F3600
G1 E-0.800 F9000 ; retract
G0 X22.812 Y-22.812 F9000 ; travel
G1 E+0.800 F3600 ; unretract
;infill-solid
G1 X48.000 Y2.376 Einf F3600
G1 E-0.800 F9000 ; retract
G0 X22.473 Y-22.473 F9000 ; travel
G1 E+0.800 F3600 ; unretract
;infill-solid
G1 X48.000 Y3.055 Einf F3600
G1 E-0.800 F9000 ; retract
G0 X22.133 Y-22.133 F9000 ; travel
G1 E+0.800 F3600 ; unretract
;infill-solid
G1 X48.000 Y3.734 Einf F3600
G1 E-0.800 F9000 ; retract
G0 X21.794 Y-21.794 F9000 ; travel
G1 E+0.800 F3600 ; unretract
;infill-solid
G1 X48.000 Y4.412 Einf F3600
G1 E-0.800 F9000 ; retract
G0 X21.454 Y-21.454 F9000 ; travel
G1 E+0.800 F3600 ; unretract
;infill-solid
G1 X48.000 Y5.091 Einf F3600
G1 E-0.800 F9000 ; retract
G0 X21.115 Y-21.115 F9000 ; travel
G1 E+0.800 F3600 ; unretract
;infill-solid
G1 X48.000 Y5.770 Einf F3600
G1 E-0.800 F9000 ; retract
G0 X20.776 Y-20.776 F9000 ; travel
G1 E+0.800 F3600 ; unretract
;infill-solid
G1 X48.000 Y6.449 Einf F3600
G1 E-0.800 F9000 ; retract
G0 X20.436 Y-20.436 F9000 ; travel
G1 E+0.800 F3600 ; unretract
;infill-solid
G1 X48.000 Y7.128 Einf F3600
G1 E-0.800 F9000 ; retract
G0 X20.097 Y-20.097 F9000 ; travel
G1 E+0.800 F3600 ; unretract
;infill-solid
G1 X48.000 Y7.806 Einf F3600
G1 E-0.800 F9000 ; retract
G0 X19.757 Y-19.757 F9000 ; travel
G1 E+0.800 F3600 ; unretract
;infill-solid
G1 X48.000 Y8.485 Einf F3600
G1 E-0.800 F9000 ; retract
G0 X19.418 Y-19.418 F9000 ; travel
G1 E+0.800 F3600 ; unretract
;infill-solid
G1 X48.000 Y9.164 Einf F3600
G1 E-0.800 F9000 ; retract
G0 X19.079 Y-19.079 F9000 ; travel
G1 E+0.800 F3600 ; unretract
;infill-solid
G1 X48.000 Y9.843 Einf F3600
G1 E-0.800 F9000 ; retract
G0 X18.739 Y-18.739 F9000 ; travel
G1 E+0.800 F3600 ; unretract
;infill-solid
G1 X48.000 Y10.522 Einf F3600
G1 E-0.800 F9000 ; retract
G0 X18.400 Y-18.400 F9000 ; travel
G1 E+0.800 F3600 ; unretract
;infill-solid
G1 X48.000 Y11.201 Einf F3600
G1 E-0.800 F9000 ; retract
G0 X18.060 Y-18.060 F9000 ; travel
G1 E+0.800 F3600 ; unretract
;infill-solid
G1 X48.000 Y11.879 Einf F3600
G1 E-0.800 F9000 ; retract
G0 X17.721 Y-17.721 F9000 ; travel
G1 E+0.800 F3600 ; unretract
;infill-solid
G1 X48.000 Y12.558 Einf F3600
G1 E-0.800 F9000 ; retract
G0 X17.381 Y-17.381 F9000 ; travel
G1 E+0.800 F3600 ; unretract
;infill-solid
G1 X48.000 Y13.237 Einf F3600
G1 E-0.800 F9000 ; retract
G0 X17.042 Y-17.042 F9000 ; travel
G1 E+0.800 F3600 ; unretract
;infill-solid
G1 X48.000 Y13.916 Einf F3600
G1 E-0.800 F9000 ; retract
G0 X16.703 Y-16.703 F9000 ; travel
G1 E+0.800 F3600 ; unretract
;infill-solid
G1 X48.000 Y14.595 Einf F3600
G1 E-0.800 F9000 ; retract
G0 X16.363 Y-16.363 F9000 ; travel
G1 E+0.800 F3600 ; unretract
;infill-solid
G1 X48.000 Y15.273 Einf F3600
G1 E-0.800 F9000 ; retract
G0 X16.024 Y-16.024 F9000 ; travel
G1 E+0.800 F3600 ; unretract
;infill-solid
G1 X48.000 Y15.952 Einf F3600
G1 E-0.800 F9000 ; retract
G0 X15.684 Y-15.684 F9000 ; travel
G1 E+0.800 F3600 ; unretract
;infill-solid
G1 X48.000 Y16.631 Einf F3600
G1 E-0.800 F9000 ; retract
G0 X15.345 Y-15.345 F9000 ; travel
G1 E+0.800 F3600 ; unretract
;infill-solid
G1 X48.000 Y17.310 Einf F3600
G1 E-0.800 F9000 ; retract
G0 X15.006 Y-15.006 F9000 ; travel
G1 E+0.800 F3600 ; unretract
;infill-solid
G1 X48.000 Y17.989 Einf F3600
G1 E-0.800 F9000 ; retract
G0 X14.666 Y-14.666 F9000 ; travel
G1 E+0.800 F3600 ; unretract
;infill-solid
G1 X48.000 Y18.668 Einf F3600
G1 E-0.800 F9000 ; retract
G0 X14.327 Y-14.327 F9000 ; travel
G1 E+0.800 F3600 ; unretract
;infill-solid
G1 X48.000 Y19.346 Einf F3600
G1 E-0.800 F9000 ; retract
G0 X13.987 Y-13.987 F9000 ; travel
G1 E+0.800 F3600 ; unretract
;infill-solid
G1 X48.000 Y20.025 Einf F3600
G1 E-0.800 F9000 ; retract
G0 X13.648 Y-13.648 F9000 ; travel
G1 E+0.800 F3600 ; unretract
;infill-solid
G1 X48.000 Y20.704 Einf F3600
G1 E-0.800 F9000 ; retract
G0 X13.309 Y-13.309 F9000 ; travel
G1 E+0.800 F3600 ; unretract
;infill-solid
G1 X48.000 Y21.383 Einf F3600
G1 E-0.800 F9000 ; retract
G0 X12.969 Y-12.969 F9000 ; travel
G1 E+0.800 F3600 ; unretract
;infill-solid
G1 X48.000 Y22.062 Einf F3600
G1 E-0.800 F9000 ; retract
G0 X12.630 Y-12.630 F9000 ; travel
G1 E+0.800 F3600 ; unretract
;infill-solid
G1 X48.000 Y22.741 Einf F3600
G1 E-0.800 F9000 ; retract
G0 X12.290 Y-12.290 F9000 ; travel
G1 E+0.800 F3600 ; unretract
;infill-solid
G1 X48.000 Y23.419 Einf F3600
G1 E-0.800 F9000 ; retract
G0 X11.951 Y-11.951 F9000 ; travel
G1 E+0.800 F3600 ; unretract
;infill-solid
G1 X48.000 Y24.098 Einf F3600
G1 E-0.800 F9000 ; retract
G0 X11.611 Y-11.611 F9000 ; travel
G1 E+0.800 F3600 ; unretract
;infill-solid
G1 X48.000 Y24.777 Einf F3600
G1 E-0.800 F9000 ; retract
G0 X11.272 Y-11.272 F9000 ; travel
G1 E+0.800 F3600 ; unretract
;infill-solid
G1 X48.000 Y25.456 Einf F3600
G1 E-0.800 F9000 ; retract
G0 X10.933 Y-10.933 F9000 ; travel
G1 E+0.800 F3600 ; unretract
;infill-solid
G1 X48.000 Y26.135 Einf F3600
G1 E-0.800 F9000 ; retract
G0 X10.593 Y-10.593 F9000 ; travel
G1 E+0.800 F3600 ; unretract
;infill-solid
G1 X48.000 Y26.813 Einf F3600
G1 E-0.800 F9000 ; retract
G0 X10.254 Y-10.254 F9000 ; travel
G1 E+0.800 F3600 ; unretract
;infill-solid
G1 X48.000 Y27.492 Einf F3600
G1 E-0.800 F9000 ; retract
G0 X9.914 Y-9.914 F9000 ; travel
G1 E+0.800 F3600 ; unretract
;infill-solid
G1 X48.000 Y28.171 Einf F3600
G1 E-0.800 F9000 ; retract
G0 X9.575 Y-9.575 F9000 ; travel
G1 E+0.800 F3600 ; unretract
;infill-solid
G1 X48.000 Y28.850 Einf F3600
G1 E-0.800 F9000 ; retract
G0 X9.236 Y-9.236 F9000 ; travel
G1 E+0.800 F3600 ; unretract
;infill-solid
G1 X48.000 Y29.529 Einf F3600
G1 E-0.800 F9000 ; retract
G0 X8.896 Y-8.896 F9000 ; travel
G1 E+0.800 F3600 ; unretract
;infill-solid
G1 X48.000 Y30.208 Einf F3600
G1 E-0.800 F9000 ; retract
G0 X8.557 Y-8.557 F9000 ; travel
G1 E+0.800 F3600 ; unretract
;infill-solid
G1 X48.000 Y30.886 Einf F3600
G1 E-0.800 F9000 ; retract
G0 X8.217 Y-8.217 F9000 ; travel
G1 E+0.800 F3600 ; unretract
;infill-solid
G1 X48.000 Y31.565 Einf F3600
G1 E-0.800 F9000 ; retract
G0 X7.878 Y-7.878 F9000 ; travel
G1 E+0.800 F3600 ; unretract
;infill-solid
G1 X48.000 Y32.244 Einf F3600
G1 E-0.800 F9000 ; retract
G0 X7.539 Y-7.539 F9000 ; travel
G1 E+0.800 F3600 ; unretract
;infill-solid
G1 X48.000 Y32.923 Einf F3600
G1 E-0.800 F9000 ; retract
G0 X7.199 Y-7.199 F9000 ; travel
G1 E+0.800 F3600 ; unretract
;infill-solid
G1 X48.000 Y33.602 Einf F3600
G1 E-0.800 F9000 ; retract
G0 X6.860 Y-6.860 F9000 ; travel
G1 E+0.800 F3600 ; unretract
;infill-solid
G1 X48.000 Y34.281 Einf F3600
G1 E-0.800 F9000 ; retract
G0 X6.520 Y-6.520 F9000 ; travel
G1 E+0.800 F3600 ; unretract
;infill-solid
G1 X48.000 Y34.959 Einf F3600
G1 E-0.800 F9000 ; retract
G0 X6.181 Y-6.181 F9000 ; travel
G1 E+0.800 F3600 ; unretract
;infill-solid
G1 X48.000 Y35.638 Einf F3600
G1 E-0.800 F9000 ; retract
G0 X5.842 Y-5.842 F9000 ; travel
G1 E+0.800 F3600 ; unretract
;infill-solid
G1 X48.000 Y36.317 Einf F3600
G1 E-0.800 F9000 ; retract
G0 X5.502 Y-5.502 F9000 ; travel
G1 E+0.800 F3600 ; unretract
;infill-solid
G1 X48.000 Y36.996 Einf F3600
G1 E-0.800 F9000 ; retract
G0 X5.163 Y-5.163 F9000 ; travel
G1 E+0.800 F3600 ; unretract
;infill-solid
G1 X48.000 Y37.675 Einf F3600
G1 E-0.800 F9000 ; retract
G0 X4.823 Y-4.823 F9000 ; travel
G1 E+0.800 F3600 ; unretract
;infill-solid
G1 X48.000 Y38.353 Einf F3600
G1 E-0.800 F9000 ; retract
G0 X4.484 Y-4.484 F9000 ; travel
G1 E+0.800 F3600 ; unretract
;infill-solid
G1 X48.000 Y39.032 Einf F3600
G1 E-0.800 F9000 ; retract
G0 X4.144 Y-4.144 F9000 ; travel
G1 E+0.800 F3600 ; unretract
;infill-solid
G1 X48.000 Y39.711 Einf F3600
G1 E-0.800 F9000 ; retract
G0 X3.805 Y-3.805 F9000 ; travel
G1 E+0.800 F3600 ; unretract
;infill-solid
G1 X48.000 Y40.390 Einf F3600
G1 E-0.800 F9000 ; retract
G0 X3.466 Y-3.466 F9000 ; travel
G1 E+0.800 F3600 ; unretract
;infill-solid
G1 X48.000 Y41.069 Einf F3600
G1 E-0.800 F9000 ; retract
G0 X3.126 Y-3.126 F9000 ; travel
G1 E+0.800 F3600 ; unretract
;infill-solid
G1 X48.000 Y41.748 Einf F3600
G1 E-0.800 F9000 ; retract
G0 X2.787 Y-2.787 F9000 ; travel
G1 E+0.800 F3600 ; unretract
;infill-solid
G1 X48.000 Y42.426 Einf F3600
G1 E-0.800 F9000 ; retract
G0 X2.447 Y-2.447 F9000 ; travel
G1 E+0.800 F3600 ; unretract
;infill-solid
G1 X48.000 Y43.105 Einf F3600
;LAYER:77 ;Z:15.40
G1 Z15.40 F9000 ; move to layer
G92 E0 ; reset extruder at layer start
G1 E-0.800 F9000 ; retract
G0 X36.156 Y36.037 F9000 ; travel
G1 E+0.800 F3600 ; unretract
;perimeter
G1 X36.158 Y36.045 Einf F3600
G1 X36.156 Y63.829 Einf F3600
G1 X36.158 Y63.822 Einf F3600
G1 X63.950 Y63.822 Einf F3600
G1 X63.955 Y63.816 Einf F3600
G1 X62.133 Y62.133 Einf F3600
G1 E-0.800 F9000 ; retract
G0 X37.085 Y37.651 F9000 ; travel
G1 E+0.800 F3600 ; unretract
;perimeter
G1 X36.638 Y35.981 Einf F3600
G1 X36.636 Y60.182 Einf F3600
G1 X35.790 Y63.342 Einf F3600
G1 X63.751 Y63.342 Einf F3600
G1 X63.263 Y63.830 Einf F3600
G1 X61.800 Y62.479 Einf F3600
G1 E-0.800 F9000 ; retract
G0 X36.171 Y36.022 F9000 ; travel
G1 E+0.800 F3600 ; unretract
;perimeter
G1 X36.000 Y36.000 Einf F3600
G1 X36.000 Y62.133 Einf F3600
G1 X36.000 Y64.000 Einf F3600
G1 X37.867 Y64.000 Einf F3600
G1 X64.000 Y64.000 Einf F3600
G1 X64.000 Y62.133 Einf F3600
G1 X64.000 Y36.000 Einf F3600
G1 X62.133 Y36.000 Einf F3600
G1 X36.000 Y36.000 Einf F3600
G1 E-0.800 F9000 ; retract
G0 X36.480 Y36.547 F9000 ; travel
G1 E+0.800 F3600 ; unretract
;perimeter
G1 X36.480 Y62.133 Einf F3600
G1 X36.480 Y63.520 Einf F3600
G1 X37.867 Y63.520 Einf F3600
G1 X63.520 Y63.520 Einf F3600
G1 X63.520 Y62.133 Einf F3600
G1 X63.520 Y36.480 Einf F3600
G1 X62.133 Y36.480 Einf F3600
G1 X43.391 Y36.480 Einf F3600
G1 E-0.800 F9000 ; retract
G0 X60.732 Y60.000 F9000 ; travel
G1 E+0.800 F3600 ; unretract
;perimeter
G1 X58771885065192425390080.000 Y18314939781459887656009728.000 Einf F3600
G1 X43.000 Y59.000 Einf F3600
G1 X42.732 Y60.000 Einf F3600
G1 X14930356.000 Y60.000 Einf F3600
G1 E-0.800 F9000 ; retract
G0 X57.268 Y60.000 F9000 ; travel
G1 E+0.800 F3600 ; unretract
;perimeter
G1 X0.000 Y70361966260224807403520.000 Einf F3600
G1 X52.391 Y57.268 Einf F3600
G1 E-0.800 F9000 ; retract
G0 X57.000 Y59.000 F9000 ; travel
G1 E+0.800 F3600 ; unretract
;perimeter
G1 X64.000 Y0.000 Einf F3600
G1 X57.000 Y59.000 Einf F3600
G1 X57.268 Y58.000 Einf F3600
G1 X56.922 Y57.650 Einf F3600
G1 X57.650 Y56.922 Einf F3600
G1 X58.000 Y57.268 Einf F3600
G1 X59.000 Y57.000 Einf F3600
G1 X0.000 Y0.000 Einf F3600
G1 E-0.800 F9000 ; retract
G0 X43.700 Y53444645980705882041351143424.000 F9000 ; travel
G1 E+0.800 F3600 ; unretract
;perimeter
G1 X48.000 Y0.000 Einf F3600
G1 X3.114 Y61651505020290552368877010944.000 Einf F3600
G1 E-0.800 F9000 ; retract
G0 X23.830 Y-23.830 F9000 ; travel
G1 E+0.800 F3600 ; unretract
;infill-solid
G1 X48.000 Y0.339 Einf F3600
G1 E-0.800 F9000 ; retract
G0 X23.491 Y-23.491 F9000 ; travel
G1 E+0.800 F3600 ; unretract
;infill-solid
G1 X48.000 Y1.018 Einf F3600
G1 E-0.800 F9000 ; retract
G0 X23.151 Y-23.151 F9000 ; travel
G1 E+0.800 F3600 ; unretract
;infill-solid
G1 X48.000 Y1.697 Einf F3600
G1 E-0.800 F9000 ; retract
G0 X22.812 Y-22.812 F9000 ; travel
G1 E+0.800 F3600 ; unretract
;infill-solid
G1 X48.000 Y2.376 Einf F3600
G1 E-0.800 F9000 ; retract
G0 X22.473 Y-22.473 F9000 ; travel
G1 E+0.800 F3600 ; unretract
;infill-solid
G1 X48.000 Y3.055 Einf F3600
G1 E-0.800 F9000 ; retract
G0 X22.133 Y-22.133 F9000 ; travel
G1 E+0.800 F3600 ; unretract
;infill-solid
G1 X48.000 Y3.734 Einf F3600
G1 E-0.800 F9000 ; retract
G0 X21.794 Y-21.794 F9000 ; travel
G1 E+0.800 F3600 ; unretract
;infill-solid
G1 X48.000 Y4.412 Einf F3600
G1 E-0.800 F9000 ; retract
G0 X21.454 Y-21.454 F9000 ; travel
G1 E+0.800 F3600 ; unretract
;infill-solid
G1 X48.000 Y5.091 Einf F3600
G1 E-0.800 F9000 ; retract
G0 X21.115 Y-21.115 F9000 ; travel
G1 E+0.800 F3600 ; unretract
;infill-solid
G1 X48.000 Y5.770 Einf F3600
G1 E-0.800 F9000 ; retract
G0 X20.776 Y-20.776 F9000 ; travel
G1 E+0.800 F3600 ; unretract
;infill-solid
G1 X48.000 Y6.449 Einf F3600
G1 E-0.800 F9000 ; retract
G0 X20.436 Y-20.436 F9000 ; travel
G1 E+0.800 F3600 ; unretract
;infill-solid
G1 X48.000 Y7.128 Einf F3600
G1 E-0.800 F9000 ; retract
G0 X20.097 Y-20.097 F9000 ; travel
G1 E+0.800 F3600 ; unretract
;infill-solid
G1 X48.000 Y7.806 Einf F3600
G1 E-0.800 F9000 ; retract
G0 X19.757 Y-19.757 F9000 ; travel
G1 E+0.800 F3600 ; unretract
;infill-solid
G1 X48.000 Y8.485 Einf F3600
G1 E-0.800 F9000 ; retract
G0 X19.418 Y-19.418 F9000 ; travel
G1 E+0.800 F3600 ; unretract
;infill-solid
G1 X48.000 Y9.164 Einf F3600
G1 E-0.800 F9000 ; retract
G0 X19.079 Y-19.079 F9000 ; travel
G1 E+0.800 F3600 ; unretract
;infill-solid
G1 X48.000 Y9.843 Einf F3600
G1 E-0.800 F9000 ; retract
G0 X18.739 Y-18.739 F9000 ; travel
G1 E+0.800 F3600 ; unretract
;infill-solid
G1 X48.000 Y10.522 Einf F3600
G1 E-0.800 F9000 ; retract
G0 X18.400 Y-18.400 F9000 ; travel
G1 E+0.800 F3600 ; unretract
;infill-solid
G1 X48.000 Y11.201 Einf F3600
G1 E-0.800 F9000 ; retract
G0 X18.060 Y-18.060 F9000 ; travel
G1 E+0.800 F3600 ; unretract
;infill-solid
G1 X48.000 Y11.879 Einf F3600
G1 E-0.800 F9000 ; retract
G0 X17.721 Y-17.721 F9000 ; travel
G1 E+0.800 F3600 ; unretract
;infill-solid
G1 X48.000 Y12.558 Einf F3600
G1 E-0.800 F9000 ; retract
G0 X17.381 Y-17.381 F9000 ; travel
G1 E+0.800 F3600 ; unretract
;infill-solid
G1 X48.000 Y13.237 Einf F3600
G1 E-0.800 F9000 ; retract
G0 X17.042 Y-17.042 F9000 ; travel
G1 E+0.800 F3600 ; unretract
;infill-solid
G1 X48.000 Y13.916 Einf F3600
G1 E-0.800 F9000 ; retract
G0 X16.703 Y-16.703 F9000 ; travel
G1 E+0.800 F3600 ; unretract
;infill-solid
G1 X48.000 Y14.595 Einf F3600
G1 E-0.800 F9000 ; retract
G0 X16.363 Y-16.363 F9000 ; travel
G1 E+0.800 F3600 ; unretract
;infill-solid
G1 X48.000 Y15.273 Einf F3600
G1 E-0.800 F9000 ; retract
G0 X16.024 Y-16.024 F9000 ; travel
G1 E+0.800 F3600 ; unretract
;infill-solid
G1 X48.000 Y15.952 Einf F3600
G1 E-0.800 F9000 ; retract
G0 X15.684 Y-15.684 F9000 ; travel
G1 E+0.800 F3600 ; unretract
;infill-solid
G1 X48.000 Y16.631 Einf F3600
G1 E-0.800 F9000 ; retract
G0 X15.345 Y-15.345 F9000 ; travel
G1 E+0.800 F3600 ; unretract
;infill-solid
G1 X48.000 Y17.310 Einf F3600
G1 E-0.800 F9000 ; retract
G0 X15.006 Y-15.006 F9000 ; travel
G1 E+0.800 F3600 ; unretract
;infill-solid
G1 X48.000 Y17.989 Einf F3600
G1 E-0.800 F9000 ; retract
G0 X14.666 Y-14.666 F9000 ; travel
G1 E+0.800 F3600 ; unretract
;infill-solid
G1 X48.000 Y18.668 Einf F3600
G1 E-0.800 F9000 ; retract
G0 X14.327 Y-14.327 F9000 ; travel
G1 E+0.800 F3600 ; unretract
;infill-solid
G1 X48.000 Y19.346 Einf F3600
G1 E-0.800 F9000 ; retract
G0 X13.987 Y-13.987 F9000 ; travel
G1 E+0.800 F3600 ; unretract
;infill-solid
G1 X48.000 Y20.025 Einf F3600
G1 E-0.800 F9000 ; retract
G0 X13.648 Y-13.648 F9000 ; travel
G1 E+0.800 F3600 ; unretract
;infill-solid
G1 X48.000 Y20.704 Einf F3600
G1 E-0.800 F9000 ; retract
G0 X13.309 Y-13.309 F9000 ; travel
G1 E+0.800 F3600 ; unretract
;infill-solid
G1 X48.000 Y21.383 Einf F3600
G1 E-0.800 F9000 ; retract
G0 X12.969 Y-12.969 F9000 ; travel
G1 E+0.800 F3600 ; unretract
;infill-solid
G1 X48.000 Y22.062 Einf F3600
G1 E-0.800 F9000 ; retract
G0 X12.630 Y-12.630 F9000 ; travel
G1 E+0.800 F3600 ; unretract
;infill-solid
G1 X48.000 Y22.741 Einf F3600
G1 E-0.800 F9000 ; retract
G0 X12.290 Y-12.290 F9000 ; travel
G1 E+0.800 F3600 ; unretract
;infill-solid
G1 X48.000 Y23.419 Einf F3600
G1 E-0.800 F9000 ; retract
G0 X11.951 Y-11.951 F9000 ; travel
G1 E+0.800 F3600 ; unretract
;infill-solid
G1 X48.000 Y24.098 Einf F3600
G1 E-0.800 F9000 ; retract
G0 X11.611 Y-11.611 F9000 ; travel
G1 E+0.800 F3600 ; unretract
;infill-solid
G1 X48.000 Y24.777 Einf F3600
G1 E-0.800 F9000 ; retract
G0 X11.272 Y-11.272 F9000 ; travel
G1 E+0.800 F3600 ; unretract
;infill-solid
G1 X48.000 Y25.456 Einf F3600
G1 E-0.800 F9000 ; retract
G0 X10.933 Y-10.933 F9000 ; travel
G1 E+0.800 F3600 ; unretract
;infill-solid
G1 X48.000 Y26.135 Einf F3600
G1 E-0.800 F9000 ; retract
G0 X10.593 Y-10.593 F9000 ; travel
G1 E+0.800 F3600 ; unretract
;infill-solid
G1 X48.000 Y26.813 Einf F3600
G1 E-0.800 F9000 ; retract
G0 X10.254 Y-10.254 F9000 ; travel
G1 E+0.800 F3600 ; unretract
;infill-solid
G1 X48.000 Y27.492 Einf F3600
G1 E-0.800 F9000 ; retract
G0 X9.914 Y-9.914 F9000 ; travel
G1 E+0.800 F3600 ; unretract
;infill-solid
G1 X48.000 Y28.171 Einf F3600
G1 E-0.800 F9000 ; retract
G0 X9.575 Y-9.575 F9000 ; travel
G1 E+0.800 F3600 ; unretract
;infill-solid
G1 X48.000 Y28.850 Einf F3600
G1 E-0.800 F9000 ; retract
G0 X9.236 Y-9.236 F9000 ; travel
G1 E+0.800 F3600 ; unretract
;infill-solid
G1 X48.000 Y29.529 Einf F3600
G1 E-0.800 F9000 ; retract
G0 X8.896 Y-8.896 F9000 ; travel
G1 E+0.800 F3600 ; unretract
;infill-solid
G1 X48.000 Y30.208 Einf F3600
G1 E-0.800 F9000 ; retract
G0 X8.557 Y-8.557 F9000 ; travel
G1 E+0.800 F3600 ; unretract
;infill-solid
G1 X48.000 Y30.886 Einf F3600
G1 E-0.800 F9000 ; retract
G0 X8.217 Y-8.217 F9000 ; travel
G1 E+0.800 F3600 ; unretract
;infill-solid
G1 X48.000 Y31.565 Einf F3600
G1 E-0.800 F9000 ; retract
G0 X7.878 Y-7.878 F9000 ; travel
G1 E+0.800 F3600 ; unretract
;infill-solid
G1 X48.000 Y32.244 Einf F3600
G1 E-0.800 F9000 ; retract
G0 X7.539 Y-7.539 F9000 ; travel
G1 E+0.800 F3600 ; unretract
;infill-solid
G1 X48.000 Y32.923 Einf F3600
G1 E-0.800 F9000 ; retract
G0 X7.199 Y-7.199 F9000 ; travel
G1 E+0.800 F3600 ; unretract
;infill-solid
G1 X48.000 Y33.602 Einf F3600
G1 E-0.800 F9000 ; retract
G0 X6.860 Y-6.860 F9000 ; travel
G1 E+0.800 F3600 ; unretract
;infill-solid
G1 X48.000 Y34.281 Einf F3600
G1 E-0.800 F9000 ; retract
G0 X6.520 Y-6.520 F9000 ; travel
G1 E+0.800 F3600 ; unretract
;infill-solid
G1 X48.000 Y34.959 Einf F3600
G1 E-0.800 F9000 ; retract
G0 X6.181 Y-6.181 F9000 ; travel
G1 E+0.800 F3600 ; unretract
;infill-solid
G1 X48.000 Y35.638 Einf F3600
G1 E-0.800 F9000 ; retract
G0 X5.842 Y-5.842 F9000 ; travel
G1 E+0.800 F3600 ; unretract
;infill-solid
G1 X48.000 Y36.317 Einf F3600
G1 E-0.800 F9000 ; retract
G0 X5.502 Y-5.502 F9000 ; travel
G1 E+0.800 F3600 ; unretract
;infill-solid
G1 X48.000 Y36.996 Einf F3600
G1 E-0.800 F9000 ; retract
G0 X5.163 Y-5.163 F9000 ; travel
G1 E+0.800 F3600 ; unretract
;infill-solid
G1 X48.000 Y37.675 Einf F3600
G1 E-0.800 F9000 ; retract
G0 X4.823 Y-4.823 F9000 ; travel
G1 E+0.800 F3600 ; unretract
;infill-solid
G1 X48.000 Y38.353 Einf F3600
G1 E-0.800 F9000 ; retract
G0 X4.484 Y-4.484 F9000 ; travel
G1 E+0.800 F3600 ; unretract
;infill-solid
G1 X48.000 Y39.032 Einf F3600
G1 E-0.800 F9000 ; retract
G0 X4.144 Y-4.144 F9000 ; travel
G1 E+0.800 F3600 ; unretract
;infill-solid
G1 X48.000 Y39.711 Einf F3600
G1 E-0.800 F9000 ; retract
G0 X3.805 Y-3.805 F9000 ; travel
G1 E+0.800 F3600 ; unretract
;infill-solid
G1 X48.000 Y40.390 Einf F3600
G1 E-0.800 F9000 ; retract
G0 X3.466 Y-3.466 F9000 ; travel
G1 E+0.800 F3600 ; unretract
;infill-solid
G1 X48.000 Y41.069 Einf F3600
G1 E-0.800 F9000 ; retract
G0 X3.126 Y-3.126 F9000 ; travel
G1 E+0.800 F3600 ; unretract
;infill-solid
G1 X48.000 Y41.748 Einf F3600
G1 E-0.800 F9000 ; retract
G0 X2.787 Y-2.787 F9000 ; travel
G1 E+0.800 F3600 ; unretract
;infill-solid
G1 X48.000 Y42.426 Einf F3600
G1 E-0.800 F9000 ; retract
G0 X2.447 Y-2.447 F9000 ; travel
G1 E+0.800 F3600 ; unretract
;infill-solid
G1 X48.000 Y43.105 Einf F3600
;LAYER:78 ;Z:15.60
G1 Z15.60 F9000 ; move to layer
G92 E0 ; reset extruder at layer start
G1 E-0.800 F9000 ; retract
G0 X60.732 Y60.000 F9000 ; travel
G1 E+0.800 F3600 ; unretract
;perimeter
G1 X58771885065192425390080.000 Y18314939781459887656009728.000 Einf F3600
G1 X43.000 Y59.000 Einf F3600
G1 X42.732 Y60.000 Einf F3600
G1 X15154031.000 Y60.000 Einf F3600
G1 E-0.800 F9000 ; retract
G0 X57.268 Y60.000 F9000 ; travel
G1 E+0.800 F3600 ; unretract
;perimeter
G1 X0.000 Y70361966260224807403520.000 Einf F3600
G1 X52.576 Y57.268 Einf F3600
G1 E-0.800 F9000 ; retract
G0 X57.000 Y59.000 F9000 ; travel
G1 E+0.800 F3600 ; unretract
;perimeter
G1 X64.000 Y0.000 Einf F3600
G1 X57.000 Y59.000 Einf F3600
G1 X57.268 Y58.000 Einf F3600
G1 X56.917 Y57.644 Einf F3600
G1 X57.644 Y56.917 Einf F3600
G1 X58.000 Y57.268 Einf F3600
G1 X59.000 Y57.000 Einf F3600
G1 X0.000 Y0.000 Einf F3600
G1 E-0.800 F9000 ; retract
G0 X43.740 Y54245318495509947517688086528.000 F9000 ; travel
G1 E+0.800 F3600 ; unretract
;perimeter
G1 X48.000 Y0.000 Einf F3600
G1 X3.155 Y62452177535094617845213954048.000 Einf F3600
G1 E-0.800 F9000 ; retract
G0 X23.830 Y-23.830 F9000 ; travel
G1 E+0.800 F3600 ; unretract
;infill-solid
G1 X48.000 Y0.339 Einf F3600
G1 E-0.800 F9000 ; retract
G0 X23.491 Y-23.491 F9000 ; travel
G1 E+0.800 F3600 ; unretract
;infill-solid
G1 X48.000 Y1.018 Einf F3600
G1 E-0.800 F9000 ; retract
G0 X23.151 Y-23.151 F9000 ; travel
G1 E+0.800 F3600 ; unretract
;infill-solid
G1 X48.000 Y1.697 Einf F3600
G1 E-0.800 F9000 ; retract
G0 X22.812 Y-22.812 F9000 ; travel
G1 E+0.800 F3600 ; unretract
;infill-solid
G1 X48.000 Y2.376 Einf F3600
G1 E-0.800 F9000 ; retract
G0 X22.473 Y-22.473 F9000 ; travel
G1 E+0.800 F3600 ; unretract
;infill-solid
G1 X48.000 Y3.055 Einf F3600
G1 E-0.800 F9000 ; retract
G0 X22.133 Y-22.133 F9000 ; travel
G1 E+0.800 F3600 ; unretract
;infill-solid
G1 X48.000 Y3.734 Einf F3600
G1 E-0.800 F9000 ; retract
G0 X21.794 Y-21.794 F9000 ; travel
G1 E+0.800 F3600 ; unretract
;infill-solid
G1 X48.000 Y4.412 Einf F3600
G1 E-0.800 F9000 ; retract
G0 X21.454 Y-21.454 F9000 ; travel
G1 E+0.800 F3600 ; unretract
;infill-solid
G1 X48.000 Y5.091 Einf F3600
G1 E-0.800 F9000 ; retract
G0 X21.115 Y-21.115 F9000 ; travel
G1 E+0.800 F3600 ; unretract
;infill-solid
G1 X48.000 Y5.770 Einf F3600
G1 E-0.800 F9000 ; retract
G0 X20.776 Y-20.776 F9000 ; travel
G1 E+0.800 F3600 ; unretract
;infill-solid
G1 X48.000 Y6.449 Einf F3600
G1 E-0.800 F9000 ; retract
G0 X20.436 Y-20.436 F9000 ; travel
G1 E+0.800 F3600 ; unretract
;infill-solid
G1 X48.000 Y7.128 Einf F3600
G1 E-0.800 F9000 ; retract
G0 X20.097 Y-20.097 F9000 ; travel
G1 E+0.800 F3600 ; unretract
;infill-solid
G1 X48.000 Y7.806 Einf F3600
G1 E-0.800 F9000 ; retract
G0 X19.757 Y-19.757 F9000 ; travel
G1 E+0.800 F3600 ; unretract
;infill-solid
G1 X48.000 Y8.485 Einf F3600
G1 E-0.800 F9000 ; retract
G0 X19.418 Y-19.418 F9000 ; travel
G1 E+0.800 F3600 ; unretract
;infill-solid
G1 X48.000 Y9.164 Einf F3600
G1 E-0.800 F9000 ; retract
G0 X19.079 Y-19.079 F9000 ; travel
G1 E+0.800 F3600 ; unretract
;infill-solid
G1 X48.000 Y9.843 Einf F3600
G1 E-0.800 F9000 ; retract
G0 X18.739 Y-18.739 F9000 ; travel
G1 E+0.800 F3600 ; unretract
;infill-solid
G1 X48.000 Y10.522 Einf F3600
G1 E-0.800 F9000 ; retract
G0 X18.400 Y-18.400 F9000 ; travel
G1 E+0.800 F3600 ; unretract
;infill-solid
G1 X48.000 Y11.201 Einf F3600
G1 E-0.800 F9000 ; retract
G0 X18.060 Y-18.060 F9000 ; travel
G1 E+0.800 F3600 ; unretract
;infill-solid
G1 X48.000 Y11.879 Einf F3600
G1 E-0.800 F9000 ; retract
G0 X17.721 Y-17.721 F9000 ; travel
G1 E+0.800 F3600 ; unretract
;infill-solid
G1 X48.000 Y12.558 Einf F3600
G1 E-0.800 F9000 ; retract
G0 X17.381 Y-17.381 F9000 ; travel
G1 E+0.800 F3600 ; unretract
;infill-solid
G1 X48.000 Y13.237 Einf F3600
G1 E-0.800 F9000 ; retract
G0 X17.042 Y-17.042 F9000 ; travel
G1 E+0.800 F3600 ; unretract
;infill-solid
G1 X48.000 Y13.916 Einf F3600
G1 E-0.800 F9000 ; retract
G0 X16.703 Y-16.703 F9000 ; travel
G1 E+0.800 F3600 ; unretract
;infill-solid
G1 X48.000 Y14.595 Einf F3600
G1 E-0.800 F9000 ; retract
G0 X16.363 Y-16.363 F9000 ; travel
G1 E+0.800 F3600 ; unretract
;infill-solid
G1 X48.000 Y15.273 Einf F3600
G1 E-0.800 F9000 ; retract
G0 X16.024 Y-16.024 F9000 ; travel
G1 E+0.800 F3600 ; unretract
;infill-solid
G1 X48.000 Y15.952 Einf F3600
G1 E-0.800 F9000 ; retract
G0 X15.684 Y-15.684 F9000 ; travel
G1 E+0.800 F3600 ; unretract
;infill-solid
G1 X48.000 Y16.631 Einf F3600
G1 E-0.800 F9000 ; retract
G0 X15.345 Y-15.345 F9000 ; travel
G1 E+0.800 F3600 ; unretract
;infill-solid
G1 X48.000 Y17.310 Einf F3600
G1 E-0.800 F9000 ; retract
G0 X15.006 Y-15.006 F9000 ; travel
G1 E+0.800 F3600 ; unretract
;infill-solid
G1 X48.000 Y17.989 Einf F3600
G1 E-0.800 F9000 ; retract
G0 X14.666 Y-14.666 F9000 ; travel
G1 E+0.800 F3600 ; unretract
;infill-solid
G1 X48.000 Y18.668 Einf F3600
G1 E-0.800 F9000 ; retract
G0 X14.327 Y-14.327 F9000 ; travel
G1 E+0.800 F3600 ; unretract
;infill-solid
G1 X48.000 Y19.346 Einf F3600
G1 E-0.800 F9000 ; retract
G0 X13.987 Y-13.987 F9000 ; travel
G1 E+0.800 F3600 ; unretract
;infill-solid
G1 X48.000 Y20.025 Einf F3600
G1 E-0.800 F9000 ; retract
G0 X13.648 Y-13.648 F9000 ; travel
G1 E+0.800 F3600 ; unretract
;infill-solid
G1 X48.000 Y20.704 Einf F3600
G1 E-0.800 F9000 ; retract
G0 X13.309 Y-13.309 F9000 ; travel
G1 E+0.800 F3600 ; unretract
;infill-solid
G1 X48.000 Y21.383 Einf F3600
G1 E-0.800 F9000 ; retract
G0 X12.969 Y-12.969 F9000 ; travel
G1 E+0.800 F3600 ; unretract
;infill-solid
G1 X48.000 Y22.062 Einf F3600
G1 E-0.800 F9000 ; retract
G0 X12.630 Y-12.630 F9000 ; travel
G1 E+0.800 F3600 ; unretract
;infill-solid
G1 X48.000 Y22.741 Einf F3600
G1 E-0.800 F9000 ; retract
G0 X12.290 Y-12.290 F9000 ; travel
G1 E+0.800 F3600 ; unretract
;infill-solid
G1 X48.000 Y23.419 Einf F3600
G1 E-0.800 F9000 ; retract
G0 X11.951 Y-11.951 F9000 ; travel
G1 E+0.800 F3600 ; unretract
;infill-solid
G1 X48.000 Y24.098 Einf F3600
G1 E-0.800 F9000 ; retract
G0 X11.611 Y-11.611 F9000 ; travel
G1 E+0.800 F3600 ; unretract
;infill-solid
G1 X48.000 Y24.777 Einf F3600
G1 E-0.800 F9000 ; retract
G0 X11.272 Y-11.272 F9000 ; travel
G1 E+0.800 F3600 ; unretract
;infill-solid
G1 X48.000 Y25.456 Einf F3600
G1 E-0.800 F9000 ; retract
G0 X10.933 Y-10.933 F9000 ; travel
G1 E+0.800 F3600 ; unretract
;infill-solid
G1 X48.000 Y26.135 Einf F3600
G1 E-0.800 F9000 ; retract
G0 X10.593 Y-10.593 F9000 ; travel
G1 E+0.800 F3600 ; unretract
;infill-solid
G1 X48.000 Y26.813 Einf F3600
G1 E-0.800 F9000 ; retract
G0 X10.254 Y-10.254 F9000 ; travel
G1 E+0.800 F3600 ; unretract
;infill-solid
G1 X48.000 Y27.492 Einf F3600
G1 E-0.800 F9000 ; retract
G0 X9.914 Y-9.914 F9000 ; travel
G1 E+0.800 F3600 ; unretract
;infill-solid
G1 X48.000 Y28.171 Einf F3600
G1 E-0.800 F9000 ; retract
G0 X9.575 Y-9.575 F9000 ; travel
G1 E+0.800 F3600 ; unretract
;infill-solid
G1 X48.000 Y28.850 Einf F3600
G1 E-0.800 F9000 ; retract
G0 X9.236 Y-9.236 F9000 ; travel
G1 E+0.800 F3600 ; unretract
;infill-solid
G1 X48.000 Y29.529 Einf F3600
G1 E-0.800 F9000 ; retract
G0 X8.896 Y-8.896 F9000 ; travel
G1 E+0.800 F3600 ; unretract
;infill-solid
G1 X48.000 Y30.208 Einf F3600
G1 E-0.800 F9000 ; retract
G0 X8.557 Y-8.557 F9000 ; travel
G1 E+0.800 F3600 ; unretract
;infill-solid
G1 X48.000 Y30.886 Einf F3600
G1 E-0.800 F9000 ; retract
G0 X8.217 Y-8.217 F9000 ; travel
G1 E+0.800 F3600 ; unretract
;infill-solid
G1 X48.000 Y31.565 Einf F3600
G1 E-0.800 F9000 ; retract
G0 X7.878 Y-7.878 F9000 ; travel
G1 E+0.800 F3600 ; unretract
;infill-solid
G1 X48.000 Y32.244 Einf F3600
G1 E-0.800 F9000 ; retract
G0 X7.539 Y-7.539 F9000 ; travel
G1 E+0.800 F3600 ; unretract
;infill-solid
G1 X48.000 Y32.923 Einf F3600
G1 E-0.800 F9000 ; retract
G0 X7.199 Y-7.199 F9000 ; travel
G1 E+0.800 F3600 ; unretract
;infill-solid
G1 X48.000 Y33.602 Einf F3600
G1 E-0.800 F9000 ; retract
G0 X6.860 Y-6.860 F9000 ; travel
G1 E+0.800 F3600 ; unretract
;infill-solid
G1 X48.000 Y34.281 Einf F3600
G1 E-0.800 F9000 ; retract
G0 X6.520 Y-6.520 F9000 ; travel
G1 E+0.800 F3600 ; unretract
;infill-solid
G1 X48.000 Y34.959 Einf F3600
G1 E-0.800 F9000 ; retract
G0 X6.181 Y-6.181 F9000 ; travel
G1 E+0.800 F3600 ; unretract
;infill-solid
G1 X48.000 Y35.638 Einf F3600
G1 E-0.800 F9000 ; retract
G0 X5.842 Y-5.842 F9000 ; travel
G1 E+0.800 F3600 ; unretract
;infill-solid
G1 X48.000 Y36.317 Einf F3600
G1 E-0.800 F9000 ; retract
G0 X5.502 Y-5.502 F9000 ; travel
G1 E+0.800 F3600 ; unretract
;infill-solid
G1 X48.000 Y36.996 Einf F3600
G1 E-0.800 F9000 ; retract
G0 X5.163 Y-5.163 F9000 ; travel
G1 E+0.800 F3600 ; unretract
;infill-solid
G1 X48.000 Y37.675 Einf F3600
G1 E-0.800 F9000 ; retract
G0 X4.823 Y-4.823 F9000 ; travel
G1 E+0.800 F3600 ; unretract
;infill-solid
G1 X48.000 Y38.353 Einf F3600
G1 E-0.800 F9000 ; retract
G0 X4.484 Y-4.484 F9000 ; travel
G1 E+0.800 F3600 ; unretract
;infill-solid
G1 X48.000 Y39.032 Einf F3600
G1 E-0.800 F9000 ; retract
G0 X4.144 Y-4.144 F9000 ; travel
G1 E+0.800 F3600 ; unretract
;infill-solid
G1 X48.000 Y39.711 Einf F3600
G1 E-0.800 F9000 ; retract
G0 X3.805 Y-3.805 F9000 ; travel
G1 E+0.800 F3600 ; unretract
;infill-solid
G1 X48.000 Y40.390 Einf F3600
G1 E-0.800 F9000 ; retract
G0 X3.466 Y-3.466 F9000 ; travel
G1 E+0.800 F3600 ; unretract
;infill-solid
G1 X48.000 Y41.069 Einf F3600
G1 E-0.800 F9000 ; retract
G0 X3.126 Y-3.126 F9000 ; travel
G1 E+0.800 F3600 ; unretract
;infill-solid
G1 X48.000 Y41.748 Einf F3600
G1 E-0.800 F9000 ; retract
G0 X2.787 Y-2.787 F9000 ; travel
G1 E+0.800 F3600 ; unretract
;infill-solid
G1 X48.000 Y42.426 Einf F3600
G1 E-0.800 F9000 ; retract
G0 X2.447 Y-2.447 F9000 ; travel
G1 E+0.800 F3600 ; unretract
;infill-solid
G1 X48.000 Y43.105 Einf F3600
M104 S0 ; hotend off
M140 S0 ; bed off
M84 ; motors off
; llc end
